"DPID","DPName","ABBY","ARIK","BARC","BARR","BART","BIGC","BLAN","BLDE","BLUE","BLWA","BONA","CARI","CLBJ","COMO","CPER","CRAM","CUPE","DCFS","DEJU","DELA","DSNY","FLNT","GRSM","GUAN","GUIL","HARV","HEAL","HOPB","JERC","JORN","KING","KONA","KONZ","LAJA","LECO","LENO","LEWI","LIRO","MART","MAYF","MCDI","MCRA","MLBS","MOAB","NIWO","NOGP","OAES","OKSR","ONAQ","ORNL","OSBS","POSE","PRIN","PRLA","PRPO","PUUM","REDB","RMNP","SCBI","SERC","SJER","SOAP","SRER","STEI","STER","SUGG","SYCA","TALL","TEAK","TECR","TOMB","TOOK","TOOL","TREE","UKFS","UNDE","WALK","WLOU","WOOD","WREF","YELL"
"DP1.00001.001","2D wind speed and direction","1","1",1,"1","1","1","1","1","1",NA,"1","1","1","1","1","1","1","1","1","1","1",1,"1","1","1","1","1","1","1",1,"1","1","1","1","1","1","1","1","1","1","1","1","1","1","1","1","1","1","1","1","1","1","1","1","1","0","1","1","1","1","1","1","1","1",1,1,"1","1","1","0",NA,"1","1","1","1","1","1","1","1","1","1"
"DP1.00002.001","Single aspirated air temperature","1","1",1,"1","1","0","1","0","0",NA,"1","1","1","1","1","1","0","1","1","1","1",1,"1","1","0","1","1","1","1",1,"1","1","1","1","1","1","1","1","0","1","1","1","1","1","1","1","1","1","1","1","1","1","1","1","1","0","0","1","1","1","0","1","1","1",1,1,"1","1","0","0",NA,"1","1","1","1","1","1","1","1","1","0"
"DP1.00003.001","Triple aspirated air temperature","1",NA,NA,"1","1",NA,"1",NA,NA,NA,"1",NA,"1",NA,"1",NA,NA,"1","1","1","1",NA,"1","1",NA,"1","1",NA,"1",1,NA,"1","1","1",NA,"1",NA,NA,NA,NA,NA,NA,"1","1","1","1","1",NA,"1","1","1",NA,NA,NA,NA,"0",NA,"1","1","1","0","0","1","1",1,NA,NA,"1","0",NA,NA,NA,"1","1","1","1",NA,NA,"1","1","0"
"DP1.00004.001","Barometric pressure","1","1",1,"1","1","0","1","0","0",NA,"1","1","1","0","1","1","0","1","1","1","1",1,"1","1","0","1","1","1","1",1,"1","1","1","1","1","1","1","0","1","1","1","1","1","1","0","1","1","0","1","1","1","1","1","0","1","0","0","1","1","1","0","1","1","1",1,1,"1","1","0","0",NA,"0","1","1","1","1","1","0","1","1","0"
"DP1.00005.001","IR biological temperature","1",NA,NA,"1","1",NA,"1",NA,NA,NA,"1",NA,"1",NA,"1",NA,NA,"1","1","1","1",NA,"1","1",NA,"1","1",NA,"1",1,NA,"1","1","1",NA,"1",NA,NA,NA,NA,NA,NA,"1","1","1","1","1",NA,"1","1","1",NA,NA,NA,NA,"0",NA,"1","1","1","0","1","1","1",1,NA,NA,"1","0",NA,NA,NA,"1","1","1","1",NA,NA,"1","1","0"
"DP1.00006.001","Precipitation","1","1",NA,"1","1","0","1",NA,"0",NA,"1",NA,"1",NA,"1",NA,"0","1","1","1","1",NA,"1","1","0","1","1",NA,"1",1,NA,"1","1","1",NA,"1",NA,NA,NA,NA,"1","0","1","1","1","1","1",NA,"1","1","1",NA,"1",NA,NA,"0","0","1","1","1","0","1","1","1",1,NA,"1","1","0",NA,NA,"0","1","1","1","1",NA,"1","1","0","0"
"DP1.00007.001","3D wind speed, direction and sonic temperature","0",NA,NA,"0","0",NA,"0",NA,NA,NA,"0",NA,"0",NA,"0",NA,NA,"0","0","0","0",NA,"0","0",NA,"0","0",NA,"0",0,NA,"0","0","0",NA,"0",NA,NA,NA,NA,NA,NA,"0","0","0","0","0",NA,"0","0","0",NA,NA,NA,NA,"0",NA,"0","0","0","0","0","0","0",0,NA,NA,"0","0",NA,NA,NA,"0","0","0","0",NA,NA,"0","0","0"
"DP1.00010.001","3D wind attitude and motion reference","0",NA,NA,"0","0",NA,"0",NA,NA,NA,"0",NA,"0",NA,"0",NA,NA,"0","0","0","0",NA,"0","0",NA,"0","0",NA,"0",0,NA,"0","0","0",NA,"0",NA,NA,NA,NA,NA,NA,"0","0","0","0","0",NA,"0","0","0",NA,NA,NA,NA,"0",NA,"0","0","0","0","0","0","0",0,NA,NA,"0","0",NA,NA,NA,"0","0","0","0",NA,NA,"0","0","0"
"DP1.00013.001","Wet deposition chemical analysis",NA,"1",NA,"2018","2018",NA,"2018",NA,"2018",NA,"2018",NA,"2018",NA,"1",NA,"2018",NA,NA,"2018",NA,NA,"2018","2018","2018","1","2018",NA,"1",NA,NA,NA,"2018",NA,NA,"2018",NA,NA,NA,NA,NA,NA,"2018","2018","2018","2018","2018",NA,"2018","2018","1",NA,"2018",NA,NA,"2019","2018","2018","2018","2018","2018",NA,"1","2018",1,NA,"1","2018",NA,NA,NA,NA,"2018",NA,"2018","1",NA,NA,"2018","1","2019"
"DP1.00014.001","Shortwave radiation (direct and diffuse pyranometer)","1",NA,NA,"1","1",NA,"1",NA,NA,NA,"1",NA,"1",NA,"1",NA,NA,"1","1","1","1",NA,"1","1",NA,"1","1",NA,"1",1,NA,"1","1","1",NA,"1",NA,NA,NA,NA,NA,NA,"1","1","1","1","1",NA,"1","1","1",NA,NA,NA,NA,"0",NA,"1","1","1","0","1","1","1",1,NA,NA,"1","0",NA,NA,NA,"1","1","1","1",NA,NA,"1","1","0"
"DP1.00017.001","Dust and particulate size distribution",NA,NA,NA,NA,NA,NA,NA,NA,NA,NA,NA,NA,NA,NA,"1",NA,NA,NA,NA,NA,NA,NA,NA,NA,NA,NA,NA,NA,NA,NA,NA,NA,NA,NA,NA,NA,NA,NA,NA,NA,NA,NA,NA,"1","1",NA,NA,NA,"1",NA,NA,NA,NA,NA,NA,NA,NA,"1",NA,NA,NA,NA,NA,NA,1,NA,NA,NA,NA,NA,NA,NA,NA,NA,NA,NA,NA,NA,NA,NA,NA
"DP1.00022.001","Shortwave radiation (primary pyranometer)",NA,NA,NA,NA,NA,NA,NA,NA,NA,NA,"1",NA,"1",NA,"1",NA,NA,NA,NA,NA,NA,NA,NA,"1",NA,"1",NA,NA,NA,NA,NA,NA,"1",NA,NA,NA,NA,NA,NA,NA,NA,NA,NA,NA,"1",NA,NA,NA,"1","1","1",NA,NA,NA,NA,"0",NA,NA,"1",NA,"0",NA,"1",NA,NA,NA,NA,"1",NA,NA,NA,NA,"1",NA,NA,"1",NA,NA,"1","1","0"
"DP1.00023.001","Shortwave and longwave radiation (net radiometer)","1","1",1,"1","1","0","1","0","0",NA,"1","1","1","1","1","1","0","1","1","1","1",1,"1","1","0","1","1","1","1",1,"1","1","1","1","1","1","1","1","1","1","1","1","1","1","1","1","1","1","1","1","1","1","1","1","1","0","0","1","1","1","0","1","1","1",1,1,"1","1","0","0",NA,"1","1","1","1","1","1","1","1","1","0"
"DP1.00024.001","Photosynthetically active radiation (PAR)","1","1",1,"1","1","0","1","0","0",NA,"1","1","1","1","1","1","0","1","1","1","1",1,"1","1","0","1","1","1","1",1,"1","1","1","1","0","1","1","1","1","1","1","1","1","1","1","1","1","1","1","1","1","1","1","0","1","0","0","1","1","1","0","1","1","1",1,1,"1","1","0","0",NA,"1","1","1","1","1","1","1","1","1","0"
"DP1.00033.001","Phenology images","1",NA,NA,"1","1",NA,"1",NA,NA,NA,"1",NA,"1",NA,"1",NA,NA,"1","1","1","1",NA,"1","1",NA,"1","1",NA,"1",1,NA,"1","1","1",NA,"1",NA,NA,NA,NA,NA,NA,"1","1","1","1","1",NA,"1","1","1",NA,NA,NA,NA,"0",NA,"1","1","1","1","1","1","1",1,NA,NA,"1","1",NA,NA,NA,"1","1","1","1",NA,NA,"1","1","1"
"DP1.00034.001","CO2 concentration - turbulent","0",NA,NA,"0","0",NA,"0",NA,NA,NA,"0",NA,"0",NA,"0",NA,NA,"0","0","0","0",NA,"0","0",NA,"0","0",NA,"0",0,NA,"0","0","0",NA,"0",NA,NA,NA,NA,NA,NA,"0","0","0","0","0",NA,"0","0","0",NA,NA,NA,NA,"0",NA,"0","0","0","0","0","0","0",0,NA,NA,"0","0",NA,NA,NA,"0","0","0","0",NA,NA,"0","0","0"
"DP1.00035.001","H2O concentration - turbulent","0",NA,NA,"0","0",NA,"0",NA,NA,NA,"0",NA,"0",NA,"0",NA,NA,"0","0","0","0",NA,"0","0",NA,"0","0",NA,"0",0,NA,"0","0","0",NA,"0",NA,NA,NA,NA,NA,NA,"0","0","0","0","0",NA,"0","0","0",NA,NA,NA,NA,"0",NA,"0","0","0","0","0","0","0",0,NA,NA,"0","0",NA,NA,NA,"0","0","0","0",NA,NA,"0","0","0"
"DP1.00036.001","Atmospheric CO2 isotopes","0",NA,NA,"0","0",NA,"0",NA,NA,NA,"0",NA,"0",NA,"0",NA,NA,"0","0","0","0",NA,"0","0",NA,"0","0",NA,"0",0,NA,"0","0","0",NA,"0",NA,NA,NA,NA,NA,NA,"0","0","0","0","0",NA,"0","0","0",NA,NA,NA,NA,"0",NA,"0","0","0","0","0","0","0",0,NA,NA,"0","0",NA,NA,NA,"0","0","0","0",NA,NA,"0","0","0"
"DP1.00037.001","Atmospheric H2O isotopes",NA,NA,NA,"0",NA,NA,NA,NA,NA,NA,"0",NA,"0",NA,"0",NA,NA,NA,NA,NA,NA,NA,NA,"0",NA,"0",NA,NA,NA,NA,NA,NA,"0",NA,NA,NA,NA,NA,NA,NA,NA,NA,NA,NA,"0",NA,NA,NA,"0","0","0",NA,NA,NA,NA,"0",NA,NA,"0",NA,"0",NA,"0",NA,NA,NA,NA,"0",NA,NA,NA,NA,"0",NA,NA,"0",NA,NA,"0","0","0"
"DP1.00038.001","Stable isotope concentrations in precipitation",NA,"2018",NA,"2018","1",NA,"2018",NA,"2018",NA,"2018",NA,"2018",NA,"1",NA,"2018",NA,NA,"2018",NA,NA,"2018","2018","2018","1","2018",NA,"1",NA,NA,NA,"2018",NA,NA,"2018",NA,NA,NA,NA,NA,NA,"2018","2018","1","1","2018",NA,"2018","2018","1",NA,"2018",NA,NA,"2019","2018","1","2018","2018","2018",NA,"1","1",1,NA,"2018","2018",NA,NA,NA,NA,"2018",NA,"2018","1",NA,NA,"2018","1","2019"
"DP1.00040.001","Soil heat flux plate","1",NA,NA,"1","1",NA,"1",NA,NA,NA,"1",NA,"1",NA,"1",NA,NA,"1","1","1","1",NA,"1","1",NA,"1","1",NA,"1",1,NA,"1","1","1",NA,"1",NA,NA,NA,NA,NA,NA,"1","1","1","1","1",NA,"1","1","1",NA,NA,NA,NA,"0",NA,"1","1","1","1","1","1","1",1,NA,NA,"1","1",NA,NA,NA,"1","1","1","1",NA,NA,"1","1","1"
"DP1.00041.001","Soil temperature","1",NA,NA,"1","1",NA,"1",NA,NA,NA,"1",NA,"1",NA,"1",NA,NA,"1","1","1","1",NA,"1","1",NA,"1","1",NA,"1",1,NA,"1","1","1",NA,"1",NA,NA,NA,NA,NA,NA,"1","1","1","1","1",NA,"1","1","1",NA,NA,NA,NA,"0",NA,"1","1","1","0","1","1","1",1,NA,NA,"1","0",NA,NA,NA,"1","1","1","1",NA,NA,"1","1","0"
"DP1.00042.001","Snow depth and understory phenology images","1",NA,NA,"1","1",NA,"1",NA,NA,NA,"1",NA,"1",NA,"1",NA,NA,"1","1","1","1",NA,"1","1",NA,"1","1",NA,"1",1,NA,"1","1","1",NA,"1",NA,NA,NA,NA,NA,NA,"1","1","1","1","1",NA,"1","1","1",NA,NA,NA,NA,"0",NA,"1","1","1","1","1","1","1",1,NA,NA,"1","1",NA,NA,NA,"1","1","1","1",NA,NA,"1","1","1"
"DP1.00043.001","Spectral sun photometer - calibrated sky radiances",NA,NA,NA,"1","1",NA,NA,NA,NA,NA,"0",NA,"1",NA,"1",NA,NA,NA,"1",NA,"1",NA,"1","1",NA,"1","1",NA,NA,NA,NA,NA,"1",NA,NA,"1",NA,NA,NA,NA,NA,NA,"1","1","1","1","1",NA,"1","1","1",NA,NA,NA,NA,"0",NA,"1","1","1","0",NA,"1",NA,1,NA,NA,"1","0",NA,NA,NA,"1",NA,"1","1",NA,NA,"1","0","0"
"DP1.00066.001","Photosynthetically active radiation (quantum line)","1",NA,NA,"1","1",NA,"1",NA,NA,NA,"1",NA,"1",NA,"1",NA,NA,"1","1","1","1",NA,"1","1",NA,"1","1",NA,"1",1,NA,"1","1","1",NA,"1",NA,NA,NA,NA,NA,NA,"1","1","1","1","1",NA,"1","1","1",NA,NA,NA,NA,"0",NA,"1","1","1","0","1","1","1",1,NA,NA,"1","0",NA,NA,NA,"1","1","1","1",NA,NA,"1","0","0"
"DP1.00094.001","Soil water content and water salinity","1",NA,NA,"1","1",NA,"1",NA,NA,NA,"1",NA,"1",NA,"1",NA,NA,"1","1","1","1",NA,"1","1",NA,"1","1",NA,"1",1,NA,"1","1","1",NA,"1",NA,NA,NA,NA,NA,NA,"1","1","1","1","1",NA,"1","1","1",NA,NA,NA,NA,"0",NA,"1","1","1","1","1","1","1",1,NA,NA,"1","1",NA,NA,NA,"1","1","1","1",NA,NA,"1","1","1"
"DP1.00095.001","Soil CO2 concentration","0",NA,NA,"1","1",NA,"0",NA,NA,NA,"0",NA,"0",NA,"1",NA,NA,"0","0","0","0",NA,"1","0",NA,"1","0",NA,"0",0,NA,"0","0","0",NA,"0",NA,NA,NA,NA,NA,NA,"0","0","0","0","0",NA,"0","0","0",NA,NA,NA,NA,"0",NA,"0","0","0","0","0","0","0",0,NA,NA,"0","0",NA,NA,NA,"0","0","0","0",NA,NA,"0","0","0"
"DP1.00096.001","Soil physical properties (Megapit)","1",NA,NA,"1","1",NA,"1",NA,NA,NA,"1",NA,"1",NA,"1",NA,NA,"1","1","1","1",NA,"1","1",NA,"1","1",NA,"1",1,NA,"1","1","1",NA,"1",NA,NA,NA,NA,NA,NA,"1","1","1","1","1",NA,"1","1","1",NA,NA,NA,NA,"2018",NA,"1","1","1","1","1","1","1",1,NA,NA,"1","1",NA,NA,NA,"1","1","1","1",NA,NA,"1","1","2018"
"DP1.00097.001","Soil chemical properties (Megapit)","1",NA,NA,"1","1",NA,"1",NA,NA,NA,"1",NA,"1",NA,"1",NA,NA,"1","1","1","1",NA,"1","1",NA,"1","1",NA,"1",1,NA,"1","1","1",NA,"1",NA,NA,NA,NA,NA,NA,"1","1","1","1","1",NA,"1","1","1",NA,NA,NA,NA,"2018",NA,"1","1","1","1","1","1","1",1,NA,NA,"1","1",NA,NA,NA,"1","1","1","1",NA,NA,"1","1","2018"
"DP1.00098.001","Relative humidity","1","1",1,"1","1","1","1","1","1",NA,"1","1","1","1","1","1","1","1","1","1","1",1,"1","1","1","1","1","1","1",1,"1","1","1","1","1","1","1","1","1","1","1","1","1","1","1","1","1","1","1","1","1","1","1","1","1","0","1","1","1","1","1","1","1","1",1,1,"1","1","1","0",NA,"1","1","1","1","1","1","1","1","1","1"
"DP1.00099.001","CO2 concentration - storage","0",NA,NA,"0","0",NA,"0",NA,NA,NA,"0",NA,"0",NA,"0",NA,NA,"0","0","0","0",NA,"0","0",NA,"0","0",NA,"0",0,NA,"0","0","0",NA,"0",NA,NA,NA,NA,NA,NA,"0","0","0","0","0",NA,"0","0","0",NA,NA,NA,NA,"0",NA,"0","0","0","0","0","0","0",0,NA,NA,"0","0",NA,NA,NA,"0","0","0","0",NA,NA,"0","0","0"
"DP1.00100.001","H2O concentration - storage","0",NA,NA,"0","0",NA,"0",NA,NA,NA,"0",NA,"0",NA,"0",NA,NA,"0","0","0","0",NA,"0","0",NA,"0","0",NA,"0",0,NA,"0","0","0",NA,"0",NA,NA,NA,NA,NA,NA,"0","0","0","0","0",NA,"0","0","0",NA,NA,NA,NA,"0",NA,"0","0","0","0","0","0","0",0,NA,NA,"0","0",NA,NA,NA,"0","0","0","0",NA,NA,"0","0","0"
"DP1.00101.001","Particulate mass",NA,NA,NA,NA,NA,NA,NA,NA,NA,NA,NA,NA,NA,NA,"1",NA,NA,NA,NA,NA,NA,NA,NA,NA,NA,NA,NA,NA,NA,NA,NA,NA,NA,NA,NA,NA,NA,NA,NA,NA,NA,NA,NA,"1","2018",NA,NA,NA,"1",NA,NA,NA,NA,NA,NA,NA,NA,"1",NA,NA,NA,NA,NA,NA,1,NA,NA,NA,NA,NA,NA,NA,NA,NA,NA,NA,NA,NA,NA,NA,NA
"DP1.10003.001","Breeding landbird point counts","1",NA,NA,"1","1",NA,"1",NA,NA,NA,"1",NA,"1",NA,"1",NA,NA,"1","1","1","1",NA,"1","1",NA,"1","1",NA,"1",1,NA,"1","1","1",NA,"1",NA,NA,NA,NA,NA,NA,"1","1","1","1","1",NA,"1","1","1",NA,NA,NA,NA,"1",NA,"1","1","1","1","1","1","1",1,NA,NA,"1","1",NA,NA,NA,"1","1","1","1",NA,NA,"1","1","1"
"DP1.10008.001","Soil chemical properties (Distributed initial characterization)","0",NA,NA,"2018","1",NA,"0",NA,NA,NA,"2018",NA,"0",NA,"1",NA,NA,"1","0","1","1",NA,"1","2018",NA,"0","1",NA,"0",0,NA,"2018","1","0",NA,"2018",NA,NA,NA,NA,NA,NA,"2018","1","2018","1","1",NA,"1","1","1",NA,NA,NA,NA,"2018",NA,"0","1","1","0","2018","2018","1",1,NA,NA,"1","2018",NA,NA,NA,"2018","1","1","1",NA,NA,"1","2018","2018"
"DP1.10010.001","Coarse downed wood log survey","1",NA,NA,NA,"1",NA,"1",NA,NA,NA,"1",NA,"1",NA,NA,NA,NA,NA,"1","1","1",NA,"1","2018",NA,"1","1",NA,"1",NA,NA,NA,"1",NA,NA,"1",NA,NA,NA,NA,NA,NA,"1","1","1",NA,NA,NA,"1","1","1",NA,NA,NA,NA,"1",NA,"1","1","1","1","2019",NA,"1",NA,NA,NA,"1","2018",NA,NA,NA,NA,"1","1","1",NA,NA,NA,"2020",NA
"DP1.10014.001","Coarse downed wood bulk density sampling","1",NA,NA,NA,"0",NA,"1",NA,NA,NA,"2020",NA,NA,NA,NA,NA,NA,NA,"2019","2019","2020",NA,"0","2021",NA,"1","2018",NA,"1",NA,NA,NA,"2020",NA,NA,"2020",NA,NA,NA,NA,NA,NA,"2018","2018","2019",NA,NA,NA,"2020","2020","0",NA,NA,NA,NA,"2018",NA,"2018","1","0","0","2019",NA,"0",NA,NA,NA,"2018","2018",NA,NA,NA,NA,"2020","2019","2018",NA,NA,NA,"2020",NA
"DP1.10017.001","Digital hemispheric photos of plot vegetation","1",NA,NA,"1","1",NA,"1",NA,NA,NA,"1",NA,"1",NA,"1",NA,NA,"1","1","1","1",NA,"1","1",NA,"1","1",NA,"1",1,NA,"1","1","1",NA,"1",NA,NA,NA,NA,NA,NA,"1","1","1","1","1",NA,"1","1","1",NA,NA,NA,NA,"1",NA,"1","1","1","1","1","1","1",1,NA,NA,"1","0",NA,NA,NA,"1","1","1","1",NA,NA,"1","1","1"
"DP1.10020.001","Ground beetle sequences DNA barcode","1",NA,NA,"0","1",NA,"1",NA,NA,NA,"0",NA,"1",NA,"1",NA,NA,"1","1","1","1",NA,"1","0",NA,"1","1",NA,"1",1,NA,"0","1","0",NA,"1",NA,NA,NA,NA,NA,NA,"1","1","1","1","1",NA,"1","1","1",NA,NA,NA,NA,"2018",NA,"0","1","1","0","2018","1","1",1,NA,NA,"1","2018",NA,NA,NA,"1","1","1","1",NA,NA,"1","0","0"
"DP1.10022.001","Ground beetles sampled from pitfall traps","1",NA,NA,"1","1",NA,"1",NA,NA,NA,"1",NA,"1",NA,"1",NA,NA,"1","1","1","1",NA,"1","1",NA,"1","1",NA,"1",1,NA,"1","1","1",NA,"1",NA,NA,NA,NA,NA,NA,"1","1","1","1","1",NA,"1","1","1",NA,NA,NA,NA,"2018",NA,"1","1","1","1","1","1","1",1,NA,NA,"1","0",NA,NA,NA,"1","1","1","1",NA,NA,"1","1","2018"
"DP1.10023.001","Herbaceous clip harvest","1",NA,NA,"1","1",NA,"1",NA,NA,NA,"1",NA,"1",NA,"1",NA,NA,"1","1","1","1",NA,"1","1",NA,"1","1",NA,"1",1,NA,"1","1","1",NA,"1",NA,NA,NA,NA,NA,NA,"1","1","1","1","1",NA,"1","1","1",NA,NA,NA,NA,"2018",NA,"1","1","1","1","1","1","1",1,NA,NA,"1","0",NA,NA,NA,"1","1","1","1",NA,NA,"1","1","1"
"DP1.10026.001","Plant foliar physical and chemical properties","2021",NA,NA,"2020","2021",NA,"2020",NA,NA,NA,"2019",NA,"2020",NA,"2021",NA,NA,"2019","1","2021","1",NA,"1","1",NA,"1","2021",NA,"2019",1,NA,NA,"1","2018",NA,"1",NA,NA,NA,NA,NA,NA,"1","1","2019","2020","1",NA,"2021","1","2021",NA,NA,NA,NA,"2020",NA,"2020","1","1","2019","1","2019","1",1,NA,NA,"1","2020",NA,NA,NA,"1","2021","1","2019",NA,NA,"1","2020","2019"
"DP1.10031.001","Litter chemical properties","2021",NA,NA,NA,"1",NA,"2020",NA,NA,NA,"2019",NA,"2020",NA,NA,NA,NA,NA,"2018","2021",NA,NA,"0","2020",NA,"2018","2021",NA,"2019",0,NA,NA,NA,NA,NA,"2018",NA,NA,NA,NA,NA,NA,"2018",NA,"2019",NA,NA,NA,NA,"1","2021",NA,NA,NA,NA,"2020",NA,"2020","1","0","2019","2018","2019","1",NA,NA,NA,"1","2020",NA,NA,NA,NA,"2021","2018","1",NA,NA,NA,"2020","2019"
"DP1.10033.001","Litterfall and fine woody debris sampling","1",NA,NA,NA,"1",NA,"1",NA,NA,NA,"1",NA,"1",NA,NA,NA,NA,NA,"1","1",NA,NA,"1","1",NA,"1","1",NA,"1",0,NA,NA,"1",NA,NA,"1",NA,NA,NA,NA,NA,NA,"1",NA,"1",NA,NA,NA,NA,"1","1",NA,NA,NA,NA,"2018",NA,"1","1","1","1","1","1","1",NA,NA,NA,"1","0",NA,NA,NA,NA,"1","1","1",NA,NA,NA,"1","1"
"DP1.10038.001","Mosquito sequences DNA barcode","1",NA,NA,"1","1",NA,"1",NA,NA,NA,"1",NA,"1",NA,"1",NA,NA,"1","1","1","1",NA,"1","1",NA,"1","1",NA,"1",1,NA,"1","1","1",NA,"1",NA,NA,NA,NA,NA,NA,"0","1","1","1","1",NA,"1","1","1",NA,NA,NA,NA,"2018",NA,"1","1","1","1","2018","1","1",1,NA,NA,"1","2018",NA,NA,NA,"1","1","1","1",NA,NA,"1","0","0"
"DP1.10041.001","Mosquito-borne pathogen status","0",NA,NA,"1","1",NA,"1",NA,NA,NA,"1",NA,"1",NA,"1",NA,NA,"1","1","1","1",NA,"0","1",NA,"1","1",NA,"1",0,NA,"1","1","1",NA,"1",NA,NA,NA,NA,NA,NA,"0","1","1","1","1",NA,"1","1","1",NA,NA,NA,NA,"2018",NA,"0","0","1","0","0","0","1",1,NA,NA,"1","0",NA,NA,NA,"1","1","1","1",NA,NA,"1","2018","2018"
"DP1.10043.001","Mosquitoes sampled from CO2 traps","1",NA,NA,"1","1",NA,"1",NA,NA,NA,"1",NA,"1",NA,"1",NA,NA,"1","1","1","1",NA,"1","1",NA,"1","1",NA,"1",1,NA,"1","1","1",NA,"1",NA,NA,NA,NA,NA,NA,"1","1","1","1","1",NA,"1","1","1",NA,NA,NA,NA,"1",NA,"1","1","1","1","1","1","1",1,NA,NA,"1","0",NA,NA,NA,"1","1","1","1",NA,NA,"1","1","1"
"DP1.10045.001","Non-herbaceous perennial vegetation structure","0",NA,NA,NA,"0",NA,NA,NA,NA,NA,NA,NA,NA,NA,"1",NA,NA,NA,NA,"0","0",NA,"0","0",NA,"0",NA,NA,"0",1,NA,NA,NA,NA,NA,"0",NA,NA,NA,NA,NA,NA,"0","0",NA,NA,NA,NA,NA,"0","0",NA,NA,NA,NA,"2018",NA,NA,"0","0",NA,"1","1","0",NA,NA,NA,"0","1",NA,NA,NA,NA,"0",NA,"0",NA,NA,NA,"0",NA
"DP1.10047.001","Soil physical properties (Distributed initial characterization)","1",NA,NA,"2018","1",NA,"0",NA,NA,NA,"2018",NA,"1",NA,"1",NA,NA,"1","0","1","1",NA,"1","2018",NA,"1","1",NA,"0",1,NA,"2018","1","0",NA,"2018",NA,NA,NA,NA,NA,NA,"2018","1","2018","1","1",NA,"1","1","1",NA,NA,NA,NA,"2018",NA,"0","1","1","1","2018","2018","1",1,NA,NA,"1","2018",NA,NA,NA,"2018","1","1","1",NA,NA,"1","2018","2018"
"DP1.10053.001","Plant foliar stable isotopes","2021",NA,NA,"2020","2021",NA,"2020",NA,NA,NA,"2019",NA,"2020",NA,"2021",NA,NA,"2019","2018","2021","2018",NA,"1","2020",NA,"2018","2021",NA,"2019",1,NA,"2019","1","2018",NA,"2018",NA,NA,NA,NA,NA,NA,"2018","1","2019","2020","2018",NA,"2021","1","2021",NA,NA,NA,NA,"2020",NA,"2020","1","1","2019","2018","2019","1",1,NA,NA,"1","2020",NA,NA,NA,"1","2021","2018","2019",NA,NA,"1","2020","2019"
"DP1.10055.001","Plant phenology observations","1",NA,NA,"1","1",NA,"1",NA,NA,NA,"1",NA,"1",NA,"1",NA,NA,"1","1","1","1",NA,"1","1",NA,"1","1",NA,"1",1,NA,"1","1","1",NA,"1",NA,NA,NA,NA,NA,NA,"1","1","1","1","1",NA,"1","1","1",NA,NA,NA,NA,"1",NA,"1","1","1","1","1","1","1",1,NA,NA,"1","0",NA,NA,NA,"1","1","1","1",NA,NA,"1","1","1"
"DP1.10058.001","Plant presence and percent cover","1",NA,NA,"1","1",NA,"1",NA,NA,NA,"1",NA,"1",NA,"1",NA,NA,"1","1","1","1",NA,"1","1",NA,"1","1",NA,"1",1,NA,"1","1","1",NA,"1",NA,NA,NA,NA,NA,NA,"1","1","1","1","1",NA,"1","1","1",NA,NA,NA,NA,"1",NA,"1","1","1","1","1","1","1",1,NA,NA,"1","1",NA,NA,NA,"1","1","1","1",NA,NA,"1","1","1"
"DP1.10064.001","Rodent-borne pathogen status","1",NA,NA,"0","1",NA,"1",NA,NA,NA,"0",NA,"1",NA,"0",NA,NA,"0","1","1","1",NA,"0","1",NA,"1","1",NA,"1",0,NA,"0","1","1",NA,"1",NA,NA,NA,NA,NA,NA,"0","1","0","0","1",NA,"1","1","1",NA,NA,NA,NA,NA,NA,"0","1","1","1","0","0","1",0,NA,NA,"1","0",NA,NA,NA,"0","1","1","1",NA,NA,"1","2018",NA
"DP1.10066.001","Root sampling (Megapit)","1",NA,NA,"1","1",NA,"1",NA,NA,NA,"1",NA,"1",NA,"1",NA,NA,"1","1","1","1",NA,"1","1",NA,"1","1",NA,"1",1,NA,NA,"1","1",NA,"1",NA,NA,NA,NA,NA,NA,"1","1","1","1","1",NA,"1","1","1",NA,NA,NA,NA,NA,NA,"1","1","1","1","1","1","1",1,NA,NA,"1","1",NA,NA,NA,NA,"1","1","1",NA,NA,"1","1","2018"
"DP1.10067.001","Root sampling tower plots","2021",NA,NA,"2020","1",NA,"2020",NA,NA,NA,"2019",NA,"2020",NA,"2021",NA,NA,"2019","1","2021","1",NA,"2021","1",NA,"1","2021",NA,"2019",1,NA,"2019","1","2018",NA,"1",NA,NA,NA,NA,NA,NA,"1","1","2019","2020","1",NA,"1","1","2021",NA,NA,NA,NA,"2020",NA,"2020","1","2021","2019","1","2019","1",1,NA,NA,"1","2020",NA,NA,NA,"1","2021","1","1",NA,NA,"1","2020","2019"
"DP1.10072.001","Small mammal box trapping","1",NA,NA,"1","1",NA,"1",NA,NA,NA,"1",NA,"1",NA,"1",NA,NA,"1","1","1","1",NA,"1","1",NA,"1","1",NA,"1",1,NA,"1","1","1",NA,"1",NA,NA,NA,NA,NA,NA,"1","1","1","1","1",NA,"1","1","1",NA,NA,NA,NA,"0",NA,"1","1","1","1","1","1","1",1,NA,NA,"1","0",NA,NA,NA,"1","1","1","1",NA,NA,"1","1","1"
"DP1.10076.001","Small mammal sequences DNA barcode","1",NA,NA,"0","1",NA,"1",NA,NA,NA,"1",NA,"1",NA,"1",NA,NA,"1","1","1","1",NA,"1","1",NA,"1","1",NA,"1",1,NA,"1","1","1",NA,"1",NA,NA,NA,NA,NA,NA,"1","1","1","1","1",NA,"1","1","1",NA,NA,NA,NA,"0",NA,"1","1","1","1","2018","1","1",1,NA,NA,"1","2018",NA,NA,NA,"1","1","1","1",NA,NA,"1","1","0"
"DP1.10078.001","Soil chemical properties (Distributed periodic)","2021",NA,NA,"2020","1",NA,"1",NA,NA,NA,"2019",NA,"2020",NA,"1",NA,NA,"2019","2018","1","1",NA,"1","1",NA,"1","1",NA,"1",1,NA,"2019","1","2018",NA,"2018",NA,NA,NA,NA,NA,NA,"2018","1","1","2020","1",NA,"1","1","1",NA,NA,NA,NA,"2020",NA,"2020","1","1","2019","2018","1","1",1,NA,NA,"1","2020",NA,NA,NA,"1","1","1","1",NA,NA,"1","2020","2019"
"DP1.10080.001","Soil inorganic nitrogen pools and transformations","2021",NA,NA,"2020","2021",NA,"2020",NA,NA,NA,"2019",NA,"2020",NA,"2021",NA,NA,"2019","1","2021","1",NA,"2021","1",NA,"1","2021",NA,"2019",1,NA,"2019","1","2018",NA,"1",NA,NA,NA,NA,NA,NA,"1","1","2019","2020","1",NA,"2021","1","2021",NA,NA,NA,NA,"2020",NA,"2020","1","2021","1","1","2019","1",1,NA,NA,"1","2020",NA,NA,NA,"1","2021","1","2019",NA,NA,"2021","2020","2019"
"DP1.10081.001","Soil microbe community composition","0",NA,NA,"0","1",NA,"0",NA,NA,NA,"0",NA,"0",NA,"1",NA,NA,"0","0","0","0",NA,"0","0",NA,"0","0",NA,"0",0,NA,"0","0","0",NA,"0",NA,NA,NA,NA,NA,NA,"0","0","0","0","0",NA,"0","0","0",NA,NA,NA,NA,"2018",NA,"0","0","0","0","0","0","0",0,NA,NA,"0","0",NA,NA,NA,"0","0","0","0",NA,NA,"1","2018","2018"
"DP1.10086.001","Soil physical properties (Distributed periodic)","1",NA,NA,"1","1",NA,"1",NA,NA,NA,"1",NA,"1",NA,"1",NA,NA,"1","1","1","1",NA,"1","1",NA,"1","1",NA,"1",1,NA,"1","1","1",NA,"1",NA,NA,NA,NA,NA,NA,"1","1","1","1","1",NA,"1","1","1",NA,NA,NA,NA,"2020",NA,"1","1","1","1","1","1","1",1,NA,NA,"1","2020",NA,NA,NA,"1","1","1","1",NA,NA,"1","1","1"
"DP1.10092.001","Tick-borne pathogen status","0",NA,NA,"0","0",NA,"1",NA,NA,NA,"0",NA,"0",NA,"0",NA,NA,"0","0","1","0",NA,"0","0",NA,"1","0",NA,"0",0,NA,"1","1","0",NA,"1",NA,NA,NA,NA,NA,NA,"0","0","0","0","0",NA,"0","1","1",NA,NA,NA,NA,"0",NA,"0","1","1","0","0","0","0",0,NA,NA,"1","0",NA,NA,NA,"0","1","1","0",NA,NA,"0","2018","2018"
"DP1.10093.001","Ticks sampled using drag cloths","1",NA,NA,"1","1",NA,"1",NA,NA,NA,"1",NA,"1",NA,"1",NA,NA,"1","1","1","1",NA,"1","1",NA,"1","1",NA,"1",1,NA,"1","1","1",NA,"1",NA,NA,NA,NA,NA,NA,"1","1","1","1","1",NA,"1","1","1",NA,NA,NA,NA,"0",NA,"1","1","1","1","1","1","1",1,NA,NA,"1","0",NA,NA,NA,"1","1","1","1",NA,NA,"1","1","1"
"DP1.10098.001","Woody plant vegetation structure","1",NA,NA,NA,"1",NA,"1",NA,NA,NA,"1",NA,"1",NA,"1",NA,NA,"1","1","1","1",NA,"1","1",NA,"1","1",NA,"1",1,NA,NA,"1","1",NA,"1",NA,NA,NA,NA,NA,NA,"1","1","1","1",NA,NA,"1","1","1",NA,NA,NA,NA,"1",NA,"1","1","1","1","1","1","1",NA,NA,NA,"1","1",NA,NA,NA,NA,"1","1","1",NA,NA,"1","1","1"
"DP1.10099.001","Root stable isotopes","2021",NA,NA,"2020","1",NA,"1",NA,NA,NA,"2019",NA,"2020",NA,"2021",NA,NA,"2019","2018","1","1",NA,"2021","2020",NA,"1","2021",NA,"1",1,NA,"2019","0","1",NA,"1",NA,NA,NA,NA,NA,NA,"1","1","2019","1","2018",NA,"1","1","1",NA,NA,NA,NA,"2020",NA,"2020","1","1","2019","2018","2019","1",1,NA,NA,"1","2020",NA,NA,NA,"1","1","2018","1",NA,NA,"1","2020","2019"
"DP1.10100.001","Soil stable isotopes (Distributed periodic)","2021",NA,NA,"2020","1",NA,"1",NA,NA,NA,"2019",NA,"2020",NA,"1",NA,NA,"2019","2018","1","1",NA,"1","1",NA,"1","1",NA,"1",1,NA,"2019","1","2018",NA,"2018",NA,NA,NA,NA,NA,NA,"2018","1","1","2020","1",NA,"1","1","1",NA,NA,NA,NA,"2020",NA,"2020","1","1","2019","2018","1","1",1,NA,NA,"1","2020",NA,NA,NA,"1","1","1","1",NA,NA,"1","2020","2019"
"DP1.10101.001","Litter stable isotopes","2021",NA,NA,NA,"1",NA,"2020",NA,NA,NA,"2019",NA,"2020",NA,NA,NA,NA,NA,"2018","2021",NA,NA,"0","2020",NA,"2018","2021",NA,"2019",0,NA,NA,NA,NA,NA,"2018",NA,NA,NA,NA,NA,NA,"2018",NA,"2019",NA,NA,NA,NA,"1","2021",NA,NA,NA,NA,"2020",NA,"2020","1","0","2019","2018","2019","1",NA,NA,NA,"0","2020",NA,NA,NA,NA,"2021","2018","1",NA,NA,NA,"2020","2019"
"DP1.10102.001","Root chemical properties","2021",NA,NA,"2020","1",NA,"1",NA,NA,NA,"2019",NA,"2020",NA,"2021",NA,NA,"2019","2018","1","1",NA,"2021","2020",NA,"1","2021",NA,"1",1,NA,"2019","0","1",NA,"1",NA,NA,NA,NA,NA,NA,"1","1","2019","1","2018",NA,"1","1","1",NA,NA,NA,NA,"2020",NA,"2020","1","1","2019","2018","2019","1",1,NA,NA,"1","2020",NA,NA,NA,"1","1","2018","1",NA,NA,"1","2020","2019"
"DP1.10104.001","Soil microbe biomass","2021",NA,NA,"2020","2021",NA,"2020",NA,NA,NA,"2019",NA,"2020",NA,"2021",NA,NA,"2019","2018","2021","2018",NA,"2021","2020",NA,"2018","2021",NA,"2019",1,NA,"2019","1","2018",NA,"2018",NA,NA,NA,NA,NA,NA,"2018","1","2019","2020","2018",NA,"2021","1","2021",NA,NA,NA,NA,"2020",NA,"2020","1","2021","2019","2018","2019","1",1,NA,NA,"1","2020",NA,NA,NA,"1","2021","2018","2019",NA,NA,"2021","2020","2019"
"DP1.10107.001","Soil microbe metagenome sequences","0",NA,NA,"0","1",NA,"0",NA,NA,NA,"0",NA,"0",NA,"1",NA,NA,"0","0","0","1",NA,"0","0",NA,"1","0",NA,"1",0,NA,"0","0","0",NA,"0",NA,NA,NA,NA,NA,NA,"0","0","0","0","0",NA,"0","0","1",NA,NA,NA,NA,"2018",NA,"0","1","0","0","0","0","0",1,NA,NA,"1","0",NA,NA,NA,"0","0","0","0",NA,NA,"1","2018","2018"
"DP1.10108.001","Soil microbe marker gene sequences","1",NA,NA,"0","1",NA,"0",NA,NA,NA,"0",NA,"0",NA,"1",NA,NA,"1","0","0","1",NA,"1","0",NA,"1","0",NA,"1",1,NA,"1","1","0",NA,"0",NA,NA,NA,NA,NA,NA,"0","1","1","1","1",NA,"1","1","1",NA,NA,NA,NA,"2018",NA,"1","1","0","0","0","0","1",1,NA,NA,"1","0",NA,NA,NA,"0","1","1","1",NA,NA,"1","2018","2018"
"DP1.10109.001","Soil microbe group abundances","0",NA,NA,"0","0",NA,"1",NA,NA,NA,"0",NA,"1",NA,"1",NA,NA,"0","0","1","1",NA,"0","0",NA,"1","0",NA,"1",0,NA,"0","1","1",NA,"0",NA,NA,NA,NA,NA,NA,"0","0","1","1","1",NA,"1","0","1",NA,NA,NA,NA,"2018",NA,"0","1","1","0","0","0","1",1,NA,NA,"1","0",NA,NA,NA,"0","0","1","0",NA,NA,"1","2018","2018"
"DP1.20002.001","Land-water interface images",NA,"1",1,NA,NA,"1",NA,"1","1","1",NA,"1",NA,"1",NA,"1","1",NA,NA,NA,NA,1,NA,NA,"1",NA,NA,"1",NA,NA,"1",NA,NA,NA,"1",NA,"1","1","1","1","1","1",NA,NA,NA,NA,NA,"0",NA,NA,NA,"1","1","1","1",NA,"1",NA,NA,NA,NA,NA,NA,NA,NA,1,"1",NA,NA,"1","1","1",NA,NA,NA,NA,"1","1",NA,NA,NA
"DP1.20004.001","Barometric pressure above water on-buoy",NA,NA,1,NA,NA,NA,NA,NA,NA,"0",NA,NA,NA,NA,NA,"0",NA,NA,NA,NA,NA,1,NA,NA,NA,NA,NA,NA,NA,NA,NA,NA,NA,NA,NA,NA,NA,"1",NA,NA,NA,NA,NA,NA,NA,NA,NA,NA,NA,NA,NA,NA,NA,"0","1",NA,NA,NA,NA,NA,NA,NA,NA,NA,NA,1,NA,NA,NA,NA,"0","0",NA,NA,NA,NA,NA,NA,NA,NA,NA
"DP1.20008.001","Specific conductivity of surface water","0","0",0,"0","0","0","0","0","0","0","0","0","0","0","0","0","0","0","0","0","0",0,"0","0","0","0","0","0","0",0,"0","0","0","0","0","0","0","0","0","0","0","0","0","0","0","0","0","0","0","0","0","0","0","0","0","0","0","0","0","0","0","0","0","0",0,0,"0","0","0","0","0","0","0","0","0","0","0","0","0","0","0"
"DP1.20015.001","Specific conductivity in groundwater",NA,"1",1,NA,NA,"0",NA,"0","0","0",NA,"1",NA,"1",NA,"1",NA,NA,NA,NA,NA,1,NA,NA,"0",NA,NA,"1",NA,NA,"1",NA,NA,NA,NA,NA,"0","1",NA,"1","0","0",NA,NA,NA,NA,NA,"0",NA,NA,NA,"1","1","1","0",NA,"0",NA,NA,NA,NA,NA,NA,NA,NA,0,"1",NA,NA,"0","0","0",NA,NA,NA,NA,"1","1",NA,NA,NA
"DP1.20016.001","Elevation of surface water",NA,"1",1,NA,NA,"0",NA,"0","0","0",NA,"1",NA,"1",NA,"1","0",NA,NA,NA,NA,1,NA,NA,"0",NA,NA,"1",NA,NA,"1",NA,NA,NA,"1",NA,"1","1","1","1","1","1",NA,NA,NA,NA,NA,"1",NA,NA,NA,"1","1","1","1",NA,"0",NA,NA,NA,NA,NA,NA,NA,NA,1,"0",NA,NA,"0","0","1",NA,NA,NA,NA,"1","1",NA,NA,NA
"DP1.20032.001","Shortwave and longwave radiation above water on-buoy (net radiometer)",NA,NA,1,NA,NA,NA,NA,NA,NA,"0",NA,NA,NA,NA,NA,"0",NA,NA,NA,NA,NA,0,NA,NA,NA,NA,NA,NA,NA,NA,NA,NA,NA,NA,NA,NA,NA,"0",NA,NA,NA,NA,NA,NA,NA,NA,NA,NA,NA,NA,NA,NA,NA,"0","0",NA,NA,NA,NA,NA,NA,NA,NA,NA,NA,0,NA,NA,NA,NA,"0","0",NA,NA,NA,NA,NA,NA,NA,NA,NA
"DP1.20033.001","Nitrate in surface water",NA,"1",1,NA,NA,"1",NA,"1","1","1",NA,"1",NA,"1",NA,"1","1",NA,NA,NA,NA,1,NA,NA,"1",NA,NA,"1",NA,NA,"1",NA,NA,NA,"1",NA,"1","1","1","1","1","1",NA,NA,NA,NA,NA,"1",NA,NA,NA,"1","1","1","1",NA,"1",NA,NA,NA,NA,NA,NA,NA,NA,1,"1",NA,NA,"0","1","1",NA,NA,NA,NA,"1","1",NA,NA,NA
"DP1.20042.001","Photosynthetically active radiation at water surface",NA,"1",1,NA,NA,"0",NA,"0","0","0",NA,"1",NA,"1",NA,"1","0",NA,NA,NA,NA,1,NA,NA,"0",NA,NA,"1",NA,NA,"1",NA,NA,NA,"1",NA,"1","1","1","1","1","1",NA,NA,NA,NA,NA,"1",NA,NA,NA,"1","1","0","1",NA,"0",NA,NA,NA,NA,NA,NA,NA,NA,1,"1",NA,NA,"0","0","0",NA,NA,NA,NA,"1","1",NA,NA,NA
"DP1.20046.001","Air temperature above water on-buoy",NA,NA,1,NA,NA,NA,NA,NA,NA,"0",NA,NA,NA,NA,NA,"0",NA,NA,NA,NA,NA,0,NA,NA,NA,NA,NA,NA,NA,NA,NA,NA,NA,NA,NA,NA,NA,"1",NA,NA,NA,NA,NA,NA,NA,NA,NA,NA,NA,NA,NA,NA,NA,"0","0",NA,NA,NA,NA,NA,NA,NA,NA,NA,NA,0,NA,NA,NA,NA,"0","0",NA,NA,NA,NA,NA,NA,NA,NA,NA
"DP1.20048.001","Stream discharge field collection",NA,"1",NA,NA,NA,"1",NA,"1","1","2018",NA,"1",NA,"1",NA,NA,"1",NA,NA,NA,NA,1,NA,NA,"1",NA,NA,"1",NA,NA,"1",NA,NA,NA,"1",NA,"1",NA,"1","1","1","1",NA,NA,NA,NA,NA,"1",NA,NA,NA,"1","1",NA,NA,NA,"1",NA,NA,NA,NA,NA,NA,NA,NA,NA,"1",NA,NA,"1","2018",NA,NA,NA,NA,NA,"1","1",NA,NA,NA
"DP1.20053.001","Temperature (PRT) in surface water",NA,"1",NA,NA,NA,"0",NA,"0","0",NA,NA,"1",NA,"1",NA,NA,"0",NA,NA,NA,NA,NA,NA,NA,"0",NA,NA,"1",NA,NA,"1",NA,NA,NA,"1",NA,"1",NA,"1","1","1","1",NA,NA,NA,NA,NA,"1",NA,NA,NA,"1","1",NA,NA,NA,"0",NA,NA,NA,NA,NA,NA,NA,NA,NA,"1",NA,NA,"0",NA,NA,NA,NA,NA,NA,"1","1",NA,NA,NA
"DP1.20054.001","Temperature (digital thermistor) of surface water","0","0",0,"0","0","0","0","0","0","0","0","0","0","0","0","0","0","0","0","0","0",0,"0","0","0","0","0","0","0",0,"0","0","0","0","0","0","0","0","0","0","0","0","0","0","0","0","0","0","0","0","0","0","0","0","0","0","0","0","0","0","0","0","0","0",0,0,"0","0","0","0","0","0","0","0","0","0","0","0","0","0","0"
"DP1.20059.001","Windspeed and direction above water on-buoy",NA,NA,1,NA,NA,NA,NA,NA,NA,"0",NA,NA,NA,NA,NA,"0",NA,NA,NA,NA,NA,0,NA,NA,NA,NA,NA,NA,NA,NA,NA,NA,NA,NA,NA,NA,NA,"0",NA,NA,NA,NA,NA,NA,NA,NA,NA,NA,NA,NA,NA,NA,NA,"0","0",NA,NA,NA,NA,NA,NA,NA,NA,NA,NA,0,NA,NA,NA,NA,"0","0",NA,NA,NA,NA,NA,NA,NA,NA,NA
"DP1.20063.001","Aquatic plant bryophyte chemical properties",NA,"1",1,NA,NA,"2018",NA,"2018","0","0",NA,"0",NA,"1",NA,"1","0",NA,NA,NA,NA,0,NA,NA,"0",NA,NA,"1",NA,NA,"0",NA,NA,NA,"0",NA,"0","0","2018","1","0","0",NA,NA,NA,NA,NA,"1",NA,NA,NA,"0","1","1","1",NA,"1",NA,NA,NA,NA,NA,NA,NA,NA,1,"1",NA,NA,"2018","0","1",NA,NA,NA,NA,"1","0",NA,NA,NA
"DP1.20066.001","Aquatic plant bryophyte macroalgae clip harvest",NA,"1",1,NA,NA,"1",NA,"1","1","1",NA,"1",NA,"1",NA,"1","1",NA,NA,NA,NA,1,NA,NA,"1",NA,NA,"1",NA,NA,"1",NA,NA,NA,"1",NA,"1","1","1","1","1","1",NA,NA,NA,NA,NA,"1",NA,NA,NA,"1","1","1","1",NA,"1",NA,NA,NA,NA,NA,NA,NA,NA,1,"1",NA,NA,"2018","1","1",NA,NA,NA,NA,"1","1",NA,NA,NA
"DP1.20072.001","Aquatic plant, bryophyte, lichen, and macroalgae point counts in wadeable streams",NA,"1",NA,NA,NA,"1",NA,"1","1",NA,NA,"1",NA,"1",NA,NA,"1",NA,NA,NA,NA,NA,NA,NA,"1",NA,NA,"1",NA,NA,"1",NA,NA,NA,"1",NA,"1",NA,"1","1","1","1",NA,NA,NA,NA,NA,"1",NA,NA,NA,"1","1",NA,NA,NA,"1",NA,NA,NA,NA,NA,NA,NA,NA,NA,"1",NA,NA,"2018",NA,NA,NA,NA,NA,NA,"1","1",NA,NA,NA
"DP1.20086.001","Benthic microbe community composition",NA,"1",NA,NA,NA,"2018",NA,"2018","0",NA,NA,"0",NA,"0",NA,NA,"0",NA,NA,NA,NA,NA,NA,NA,"0",NA,NA,"0",NA,NA,"0",NA,NA,NA,"0",NA,"0",NA,"2018","0","0","0",NA,NA,NA,NA,NA,"0",NA,NA,NA,"1","0",NA,NA,NA,"0",NA,NA,NA,NA,NA,NA,NA,NA,NA,"0",NA,NA,"2018",NA,NA,NA,NA,NA,NA,"0","0",NA,NA,NA
"DP1.20092.001","Chemical properties of groundwater",NA,"1",1,NA,NA,"1",NA,"1","1","2018",NA,"1",NA,"1",NA,"1",NA,NA,NA,NA,NA,1,NA,NA,"1",NA,NA,"1",NA,NA,"1",NA,NA,NA,NA,NA,"1","1",NA,"1","1","2018",NA,NA,NA,NA,NA,"1",NA,NA,NA,"1","1","1","1",NA,"1",NA,NA,NA,NA,NA,NA,NA,NA,1,"1",NA,NA,"2018","2018","1",NA,NA,NA,NA,"1","1",NA,NA,NA
"DP1.20093.001","Chemical properties of surface water",NA,"1",1,NA,NA,"1",NA,"1","1","1",NA,"1",NA,"1",NA,"1","1",NA,NA,NA,NA,1,NA,NA,"1",NA,NA,"1",NA,NA,"1",NA,NA,NA,"1",NA,"1","1","1","1","1","1",NA,NA,NA,NA,NA,"1",NA,NA,NA,"1","1","1","1",NA,"1",NA,NA,NA,NA,NA,NA,NA,NA,1,"1",NA,NA,"1","1","1",NA,NA,NA,NA,"1","1",NA,NA,NA
"DP1.20097.001","Dissolved gases in surface water",NA,"1",1,NA,NA,"1",NA,"1","1","1",NA,"1",NA,"1",NA,"1","1",NA,NA,NA,NA,1,NA,NA,"1",NA,NA,"1",NA,NA,"1",NA,NA,NA,"1",NA,"1","1","1","1","1","1",NA,NA,NA,NA,NA,"1",NA,NA,NA,"1","1","1","1",NA,"1",NA,NA,NA,NA,NA,NA,NA,NA,1,"1",NA,NA,"1","1","1",NA,NA,NA,NA,"1","1",NA,NA,NA
"DP1.20099.001","Groundwater and active layer measurements at permafrost sites","0","0",0,"0","0","0","0","0","0","0","0","1","0","0","0","0","0","0","0","0","0",0,"0","0","0","0","0","0","0",0,"0","0","0","0","0","0","0","0","0","0","0","0","0","0","0","0","0","1","0","0","0","0","0","0","0","0","0","0","0","0","0","0","0","0",0,0,"0","0","0","0","0","1","0","0","0","0","0","0","0","0","0"
"DP1.20100.001","Elevation of groundwater",NA,"1",1,NA,NA,"0",NA,"0","0","0",NA,"1",NA,"1",NA,"1",NA,NA,NA,NA,NA,1,NA,NA,"0",NA,NA,"1",NA,NA,"1",NA,NA,NA,NA,NA,"0","1",NA,"1","0","0",NA,NA,NA,NA,NA,"0",NA,NA,NA,"1","1","1","0",NA,"0",NA,NA,NA,NA,NA,NA,NA,NA,0,"1",NA,NA,"0","0","0",NA,NA,NA,NA,"1","1",NA,NA,NA
"DP1.20105.001","Fish sequences DNA barcode",NA,"2018",NA,NA,NA,"2018",NA,"2018","1",NA,NA,"2018",NA,"0",NA,"2018","2018",NA,NA,NA,NA,NA,NA,NA,"2018",NA,NA,"2018",NA,NA,"2018",NA,NA,NA,"2018",NA,"2018","2018","2018","2018","2018","2018",NA,NA,NA,NA,NA,"2018",NA,NA,NA,"2018","2018","2018","2018",NA,"2018",NA,NA,NA,NA,NA,NA,NA,NA,NA,"2018",NA,NA,"2018",NA,"2018",NA,NA,NA,NA,"2018","2018",NA,NA,NA
"DP1.20107.001","Fish electrofishing, gill netting, and fyke netting counts",NA,"1",NA,NA,NA,"1",NA,"1","1",NA,NA,"1",NA,NA,NA,"1","1",NA,NA,NA,NA,NA,NA,NA,"1",NA,NA,"1",NA,NA,"1",NA,NA,NA,"1",NA,"1","1","1","1","1","1",NA,NA,NA,NA,NA,"2018",NA,NA,NA,"1","1","1","1",NA,"1",NA,NA,NA,NA,NA,NA,NA,NA,NA,"1",NA,NA,"2018",NA,"1",NA,NA,NA,NA,"1","1",NA,NA,NA
"DP1.20120.001","Macroinvertebrate collection",NA,"1",1,NA,NA,"1",NA,"1","1","1",NA,"1",NA,"1",NA,"1","1",NA,NA,NA,NA,1,NA,NA,"1",NA,NA,"1",NA,NA,"1",NA,NA,NA,"1",NA,"1","1","1","1","1","1",NA,NA,NA,NA,NA,"1",NA,NA,NA,"1","1","1","1",NA,"1",NA,NA,NA,NA,NA,NA,NA,NA,1,"1",NA,NA,"2018","1","1",NA,NA,NA,NA,"1","1",NA,NA,NA
"DP1.20126.001","Macroinvertebrate DNA barcode",NA,"1",1,NA,NA,"2018",NA,"2018","1","1",NA,"1",NA,"1",NA,"1","1",NA,NA,NA,NA,1,NA,NA,"1",NA,NA,"1",NA,NA,"1",NA,NA,NA,"1",NA,"1","1","2018","1","1","1",NA,NA,NA,NA,NA,"1",NA,NA,NA,"1","1","1","1",NA,"1",NA,NA,NA,NA,NA,NA,NA,NA,1,"1",NA,NA,"2018","1","1",NA,NA,NA,NA,"1","1",NA,NA,NA
"DP1.20138.001","Surface water microbe cell count",NA,"1",1,NA,NA,"1",NA,"1","1","1",NA,"1",NA,"1",NA,"1","1",NA,NA,NA,NA,1,NA,NA,"1",NA,NA,"1",NA,NA,"1",NA,NA,NA,"1",NA,"1","1","1","1","1","1",NA,NA,NA,NA,NA,"1",NA,NA,NA,"1","1","1","1",NA,"1",NA,NA,NA,NA,NA,NA,NA,NA,1,"1",NA,NA,"1","1","1",NA,NA,NA,NA,"1","1",NA,NA,NA
"DP1.20141.001","Surface water microbe community composition",NA,"0",0,NA,NA,"2018",NA,"2018","0","0",NA,"0",NA,"0",NA,"0","0",NA,NA,NA,NA,0,NA,NA,"0",NA,NA,"0",NA,NA,"0",NA,NA,NA,"0",NA,"0","0","2018","0","0","0",NA,NA,NA,NA,NA,"0",NA,NA,NA,"1","0","0","0",NA,"0",NA,NA,NA,NA,NA,NA,NA,NA,0,"0",NA,NA,"2018","0","0",NA,NA,NA,NA,"0","0",NA,NA,NA
"DP1.20163.001","Periphyton, seston, and phytoplankton chemical properties",NA,"1",1,NA,NA,"1",NA,"1","1","1",NA,"1",NA,"1",NA,"1","1",NA,NA,NA,NA,1,NA,NA,"1",NA,NA,"1",NA,NA,"1",NA,NA,NA,"1",NA,"1","1","1","1","1","1",NA,NA,NA,NA,NA,"1",NA,NA,NA,"1","1","1","1",NA,"1",NA,NA,NA,NA,NA,NA,NA,NA,1,"1",NA,NA,"2018","1","1",NA,NA,NA,NA,"1","1",NA,NA,NA
"DP1.20166.001","Periphyton, seston, and phytoplankton collection",NA,"1",1,NA,NA,"1",NA,"1","1","1",NA,"1",NA,"1",NA,"1","1",NA,NA,NA,NA,1,NA,NA,"1",NA,NA,"1",NA,NA,"1",NA,NA,NA,"1",NA,"1","1","1","1","1","1",NA,NA,NA,NA,NA,"1",NA,NA,NA,"1","1","1","1",NA,"1",NA,NA,NA,NA,NA,NA,NA,NA,1,"1",NA,NA,"2018","1","1",NA,NA,NA,NA,"1","1",NA,NA,NA
"DP1.20190.001","Reaeration field and lab collection",NA,NA,NA,NA,NA,"1",NA,"1","1",NA,NA,"1",NA,"1",NA,NA,"1",NA,NA,NA,NA,NA,NA,NA,"1",NA,NA,"1",NA,NA,"1",NA,NA,NA,"1",NA,"1",NA,"1","1","1","1",NA,NA,NA,NA,NA,"1",NA,NA,NA,"1","1",NA,NA,NA,"1",NA,NA,NA,NA,NA,NA,NA,NA,NA,"1",NA,NA,"1",NA,NA,NA,NA,NA,NA,"1","1",NA,NA,NA
"DP1.20191.001","Riparian vegetation % cover",NA,"1",NA,NA,NA,"1",NA,"1","1",NA,NA,"1",NA,"1",NA,NA,"1",NA,NA,NA,NA,NA,NA,NA,"1",NA,NA,"1",NA,NA,"1",NA,NA,NA,"1",NA,"1",NA,"1","1","1","1",NA,NA,NA,NA,NA,"1",NA,NA,NA,"1","1",NA,NA,NA,"1",NA,NA,NA,NA,NA,NA,NA,NA,NA,"1",NA,NA,"2018",NA,NA,NA,NA,NA,NA,"1","1",NA,NA,NA
"DP1.20193.001","Salt-based stream discharge",NA,NA,NA,NA,NA,"1",NA,"1","1",NA,NA,"1",NA,"1",NA,NA,"1",NA,NA,NA,NA,NA,NA,NA,"1",NA,NA,"1",NA,NA,"1",NA,NA,NA,"1",NA,"1",NA,"1","1","1","1",NA,NA,NA,NA,NA,"1",NA,NA,NA,"1","1",NA,NA,NA,"1",NA,NA,NA,NA,NA,NA,NA,NA,NA,"1",NA,NA,"1",NA,NA,NA,NA,NA,NA,"1","1",NA,NA,NA
"DP1.20194.001","Sediment chemical properties",NA,"1",1,NA,NA,"1",NA,"1","1","1",NA,"1",NA,"1",NA,"1","1",NA,NA,NA,NA,1,NA,NA,"1",NA,NA,"1",NA,NA,"1",NA,NA,NA,"1",NA,"1","1","1","1","1","1",NA,NA,NA,NA,NA,"1",NA,NA,NA,"1","1","1","1",NA,"1",NA,NA,NA,NA,NA,NA,NA,NA,1,"1",NA,NA,"2018","1","1",NA,NA,NA,NA,"1","1",NA,NA,NA
"DP1.20197.001","Sediment physical properties",NA,"1",1,NA,NA,"1",NA,"1","1","1",NA,"1",NA,"1",NA,"1","1",NA,NA,NA,NA,1,NA,NA,"1",NA,NA,"1",NA,NA,"1",NA,NA,NA,"1",NA,"1","1","1","1","1","1",NA,NA,NA,NA,NA,"1",NA,NA,NA,"1","1","1","1",NA,"1",NA,NA,NA,NA,NA,NA,NA,NA,1,"1",NA,NA,"2018","1","1",NA,NA,NA,NA,"1","1",NA,NA,NA
"DP1.20206.001","Stable isotope concentrations in surface waters",NA,"1",1,NA,NA,"1",NA,"1","1","1",NA,"1",NA,"1",NA,"1","1",NA,NA,NA,NA,1,NA,NA,"1",NA,NA,"1",NA,NA,"1",NA,NA,NA,"1",NA,"1","1","1","1","1","1",NA,NA,NA,NA,NA,"1",NA,NA,NA,"1","1","1","1",NA,"1",NA,NA,NA,NA,NA,NA,NA,NA,1,"1",NA,NA,"1","1","1",NA,NA,NA,NA,"1","1",NA,NA,NA
"DP1.20217.001","Temperature of groundwater",NA,"1",1,NA,NA,"0",NA,"0","0","0",NA,"1",NA,"1",NA,"1",NA,NA,NA,NA,NA,0,NA,NA,"0",NA,NA,"0",NA,NA,"1",NA,NA,NA,NA,NA,"0","1",NA,"1","0","0",NA,NA,NA,NA,NA,"0",NA,NA,NA,"1","1","1","0",NA,"0",NA,NA,NA,NA,NA,NA,NA,NA,0,"1",NA,NA,"0","0","0",NA,NA,NA,NA,"1","1",NA,NA,NA
"DP1.20219.001","Zooplankton collection",NA,NA,1,NA,NA,NA,NA,NA,NA,NA,NA,NA,NA,NA,NA,"1",NA,NA,NA,NA,NA,NA,NA,NA,NA,NA,NA,NA,NA,NA,NA,NA,NA,NA,NA,NA,NA,"1",NA,NA,NA,NA,NA,NA,NA,NA,NA,NA,NA,NA,NA,NA,NA,"1","1",NA,NA,NA,NA,NA,NA,NA,NA,NA,NA,1,NA,NA,NA,NA,NA,"1",NA,NA,NA,NA,NA,NA,NA,NA,NA
"DP1.20221.001","Zooplankton DNA barcode",NA,NA,1,NA,NA,NA,NA,NA,NA,NA,NA,NA,NA,NA,NA,"1",NA,NA,NA,NA,NA,NA,NA,NA,NA,NA,NA,NA,NA,NA,NA,NA,NA,NA,NA,NA,NA,"1",NA,NA,NA,NA,NA,NA,NA,NA,NA,NA,NA,NA,NA,NA,NA,"1","1",NA,NA,NA,NA,NA,NA,NA,NA,NA,NA,1,NA,NA,NA,NA,NA,"1",NA,NA,NA,NA,NA,NA,NA,NA,NA
"DP1.20252.001","Secchi depth",NA,NA,1,NA,NA,NA,NA,NA,NA,"1",NA,NA,NA,NA,NA,"1",NA,NA,NA,NA,NA,1,NA,NA,NA,NA,NA,NA,NA,NA,NA,NA,NA,NA,NA,NA,NA,"1",NA,NA,NA,NA,NA,NA,NA,NA,NA,NA,NA,NA,NA,NA,NA,"1","1",NA,NA,NA,NA,NA,NA,NA,NA,NA,NA,1,NA,NA,NA,NA,"1","1",NA,NA,NA,NA,NA,NA,NA,NA,NA
"DP1.20254.001","Depth profile at specific depths",NA,NA,1,NA,NA,NA,NA,NA,NA,"1",NA,NA,NA,NA,NA,"1",NA,NA,NA,NA,NA,1,NA,NA,NA,NA,NA,NA,NA,NA,NA,NA,NA,NA,NA,NA,NA,"1",NA,NA,NA,NA,NA,NA,NA,NA,NA,NA,NA,NA,NA,NA,NA,"1","1",NA,NA,NA,NA,NA,NA,NA,NA,NA,NA,1,NA,NA,NA,NA,"1","1",NA,NA,NA,NA,NA,NA,NA,NA,NA
"DP1.20261.001","Photosynthetically active radiation below water surface",NA,NA,1,NA,NA,NA,NA,NA,NA,"0",NA,NA,NA,NA,NA,"0",NA,NA,NA,NA,NA,0,NA,NA,NA,NA,NA,NA,NA,NA,NA,NA,NA,NA,NA,NA,NA,"0",NA,NA,NA,NA,NA,NA,NA,NA,NA,NA,NA,NA,NA,NA,NA,"0","0",NA,NA,NA,NA,NA,NA,NA,NA,NA,NA,0,NA,NA,NA,NA,"0","0",NA,NA,NA,NA,NA,NA,NA,NA,NA
"DP1.20264.001","Temperature at specific depth in surface water",NA,NA,1,NA,NA,NA,NA,NA,NA,"0",NA,NA,NA,NA,NA,"1",NA,NA,NA,NA,NA,0,NA,NA,NA,NA,NA,NA,NA,NA,NA,NA,NA,NA,NA,NA,NA,"1",NA,NA,NA,NA,NA,NA,NA,NA,NA,NA,NA,NA,NA,NA,NA,"1","1",NA,NA,NA,NA,NA,NA,NA,NA,NA,NA,1,NA,NA,NA,NA,"0","0",NA,NA,NA,NA,NA,NA,NA,NA,NA
"DP1.20267.001","Gauge height",NA,"1",1,NA,NA,"1",NA,"1","1","1",NA,"1",NA,"1",NA,"1","1",NA,NA,NA,NA,1,NA,NA,"1",NA,NA,"1",NA,NA,"1",NA,NA,NA,"1",NA,"1","1","1","1","1","1",NA,NA,NA,NA,NA,"1",NA,NA,NA,"1","1","1","1",NA,"1",NA,NA,NA,NA,NA,NA,NA,NA,1,"1",NA,NA,"1","1","1",NA,NA,NA,NA,"1","1",NA,NA,NA
"DP1.20271.001","Relative humidity above water on-buoy",NA,NA,1,NA,NA,NA,NA,NA,NA,"1",NA,NA,NA,NA,NA,"1",NA,NA,NA,NA,NA,1,NA,NA,NA,NA,NA,NA,NA,NA,NA,NA,NA,NA,NA,NA,NA,"1",NA,NA,NA,NA,NA,NA,NA,NA,NA,NA,NA,NA,NA,NA,NA,"1","1",NA,NA,NA,NA,NA,NA,NA,NA,NA,NA,1,NA,NA,NA,NA,"1","1",NA,NA,NA,NA,NA,NA,NA,NA,NA
"DP1.20275.001","Riparian composition and structure",NA,"1",1,NA,NA,"1",NA,"1","1","1",NA,"1",NA,"1",NA,"1","1",NA,NA,NA,NA,1,NA,NA,"1",NA,NA,"1",NA,NA,"1",NA,NA,NA,"1",NA,"1","1","1","1","1","1",NA,NA,NA,NA,NA,"1",NA,NA,NA,"1","1","1","1",NA,"1",NA,NA,NA,NA,NA,NA,NA,NA,1,"1",NA,NA,"2018","1","1",NA,NA,NA,NA,"1","1",NA,NA,NA
"DP1.20276.001","Stable isotope concentrations in groundwater",NA,"1",1,NA,NA,"1",NA,"1","1","2018",NA,"1",NA,"1",NA,"1",NA,NA,NA,NA,NA,1,NA,NA,"1",NA,NA,"1",NA,NA,"1",NA,NA,NA,NA,NA,"1","1",NA,"1","1","2018",NA,NA,NA,NA,NA,"1",NA,NA,NA,"1","1","1","1",NA,"1",NA,NA,NA,NA,NA,NA,NA,NA,1,"1",NA,NA,"2018","2018","1",NA,NA,NA,NA,"1","1",NA,NA,NA
"DP1.20277.001","Benthic microbe group abundances",NA,"1",NA,NA,NA,"2018",NA,"2018","0",NA,NA,"0",NA,"0",NA,NA,"1",NA,NA,NA,NA,NA,NA,NA,"1",NA,NA,"0",NA,NA,"0",NA,NA,NA,"0",NA,"0",NA,"2018","0","0","0",NA,NA,NA,NA,NA,"0",NA,NA,NA,"1","0",NA,NA,NA,"0",NA,NA,NA,NA,NA,NA,NA,NA,NA,"0",NA,NA,"2018",NA,NA,NA,NA,NA,NA,"0","0",NA,NA,NA
"DP1.20278.001","Surface water microbe group abundances",NA,"1",0,NA,NA,"2018",NA,"2018","0","0",NA,"0",NA,"0",NA,"0","1",NA,NA,NA,NA,0,NA,NA,"1",NA,NA,"0",NA,NA,"0",NA,NA,NA,"0",NA,"0","0","2018","0","0","0",NA,NA,NA,NA,NA,"0",NA,NA,NA,"1","0","1","1",NA,"0",NA,NA,NA,NA,NA,NA,NA,NA,0,"0",NA,NA,"2018","0","0",NA,NA,NA,NA,"0","0",NA,NA,NA
"DP1.20279.001","Benthic microbe metagenome sequences",NA,"1",NA,NA,NA,"2018",NA,"2018","1",NA,NA,"1",NA,"1",NA,NA,"1",NA,NA,NA,NA,NA,NA,NA,"1",NA,NA,"1",NA,NA,"1",NA,NA,NA,"1",NA,"1",NA,"2018","1","1","1",NA,NA,NA,NA,NA,"1",NA,NA,NA,"1","1",NA,NA,NA,"1",NA,NA,NA,NA,NA,NA,NA,NA,NA,"1",NA,NA,"2018",NA,NA,NA,NA,NA,NA,"1","1",NA,NA,NA
"DP1.20280.001","Benthic microbe marker gene sequences",NA,"1",NA,NA,NA,"1",NA,"1","1",NA,NA,"1",NA,"1",NA,NA,"1",NA,NA,NA,NA,NA,NA,NA,"1",NA,NA,"1",NA,NA,"1",NA,NA,NA,"1",NA,"1",NA,"1","1","1","1",NA,NA,NA,NA,NA,"1",NA,NA,NA,"1","1",NA,NA,NA,"1",NA,NA,NA,NA,NA,NA,NA,NA,NA,"1",NA,NA,"2018",NA,NA,NA,NA,NA,NA,"1","1",NA,NA,NA
"DP1.20281.001","Surface water microbe metagenome sequences",NA,"0",0,NA,NA,"2018",NA,"2018","0","0",NA,"0",NA,"0",NA,"0","0",NA,NA,NA,NA,0,NA,NA,"0",NA,NA,"0",NA,NA,"0",NA,NA,NA,"0",NA,"0","0","2018","0","0","0",NA,NA,NA,NA,NA,"0",NA,NA,NA,"1","0","0","0",NA,"0",NA,NA,NA,NA,NA,NA,NA,NA,0,"0",NA,NA,"2018","0","0",NA,NA,NA,NA,"0","0",NA,NA,NA
"DP1.20282.001","Surface water microbe marker gene sequences",NA,"1",1,NA,NA,"2018",NA,"2018","1","1",NA,"1",NA,"1",NA,"1","1",NA,NA,NA,NA,1,NA,NA,"1",NA,NA,"1",NA,NA,"1",NA,NA,NA,"0",NA,"1","1","2018","1","1","1",NA,NA,NA,NA,NA,"1",NA,NA,NA,"1","1","1","1",NA,"1",NA,NA,NA,NA,NA,NA,NA,NA,1,"1",NA,NA,"2018","1","1",NA,NA,NA,NA,"0","1",NA,NA,NA
"DP1.20288.001","Water quality",NA,"1",1,NA,NA,"0",NA,"0","0","0",NA,"0",NA,"1",NA,"0","0",NA,NA,NA,NA,0,NA,NA,"0",NA,NA,"1",NA,NA,"1",NA,NA,NA,"1",NA,"1","0","0","1","1","1",NA,NA,NA,NA,NA,"0",NA,NA,NA,"1","1","0","1",NA,"0",NA,NA,NA,NA,NA,NA,NA,NA,1,"0",NA,NA,"0","0","0",NA,NA,NA,NA,"1","1",NA,NA,NA
"DP1.30001.001","LiDAR slant range waveform","1","1",0,"1","1","0","1","0","0","0","1","0","1","0","1","0","1","0","1","1","1",0,"1","1","1","1","1","1","1",1,"0","0","1","1","0","1","0","1","0","0","1",NA,"1","1","1","1","1","0","1","1","1","0","1","0","0","0","1","1","1","1","1","1","1","1",1,0,NA,"1","1","0","0","0","1","0","1","1","0","1","1","1","0"
"DP1.30003.001","Discrete return LiDAR point cloud","1","1",0,"1","1","0","1","0","0","0","1","0","1","0","1","0","1","0","1","1","1",0,"1","1","1","1","1","1","1",1,"0","0","1","1","0","1","0","1","0","0","1",NA,"1","1","1","1","1","0","1","1","1","0","1","0","0","0","1","1","1","1","1","1","1","1",1,0,NA,"1","1","0","0","0","1","0","1","1","0","1","1","1","0"
"DP1.30006.001","Spectrometer orthorectified surface directional reflectance - flightline","1","1",0,"1","1","0","1","0","0","0","1","0","1","0","1","0","1","0","1","1","1",0,"1","1","1","1","1","1","1",1,"0","0","1","1","0","1","0","1","0","0","1",NA,"1","1","1","1","1","0","1","1","1","0","1","0","0","0","1","1","1","1","1","1","1","1",1,0,NA,"1","1","0","0","0","1","0","1","1","0","1","1","1","0"
"DP1.30008.001","Spectrometer orthrorectified at-sensor radiance - flightline","1","1",0,"1","1","0","1","0","0","0","1","0","1","0","1","0","1","0","1","1","1",0,"1","1","1","1","1","1","1",1,"0","0","1","1","0","1","0","1","0","0","1",NA,"1","1","1","1","1","0","1","1","1","0","1","0","0","0","1","1","1","1","1","1","1","1",1,0,NA,"1","1","0","0","0","1","0","1","1","0","1","1","1","0"
"DP1.30010.001","High-resolution orthorectified camera imagery","1","1",0,"1","1","0","1","0","0","0","1","0","1","0","1","0","1","0","1","1","1",0,"1","1","1","1","1","1","1",1,"0","0","1","1","0","1","0","1","0","0","1",NA,"1","1","1","1","1","0","0","1","1","0","1","0","0","0","1","1","1","1","1","1","1","1",1,0,NA,"1","1","0","0","0","1","0","1","1","0","1","1","1","0"
"DP1.30012.001","Field spectral data",NA,NA,NA,NA,NA,NA,NA,NA,NA,NA,NA,NA,NA,NA,NA,NA,NA,NA,NA,NA,"0",NA,"0",NA,NA,"0",NA,NA,NA,NA,NA,NA,NA,NA,NA,NA,NA,NA,NA,NA,NA,NA,NA,NA,NA,NA,NA,NA,NA,"0","0",NA,NA,NA,NA,NA,NA,NA,NA,"0",NA,NA,NA,NA,NA,NA,NA,NA,NA,NA,NA,NA,NA,NA,NA,NA,NA,NA,NA,NA,NA
"DP2.00004.001","Temporally interpolated biological temperature","0",NA,NA,"0","0",NA,"0",NA,NA,NA,"0",NA,"0",NA,"0",NA,NA,"0","0","0","0",NA,"0","0",NA,"0","0",NA,"0",0,NA,"0","0","0",NA,"0",NA,NA,NA,NA,NA,NA,"0","0","0","0","0",NA,"0","0","0",NA,NA,NA,NA,"0",NA,"0","0","0","0","0","0","0",0,NA,NA,"0","0",NA,NA,NA,"0","0","0","0",NA,NA,"0","0","0"
"DP2.00005.001","Temporally interpolated photosynthetically active radiation","0",NA,NA,"0","0",NA,"0",NA,NA,NA,"0",NA,"0",NA,"0",NA,NA,"0","0","0","0",NA,"0","0",NA,"0","0",NA,"0",0,NA,"0","0","0",NA,"0",NA,NA,NA,NA,NA,NA,"0","0","0","0","0",NA,"0","0","0",NA,NA,NA,NA,"0",NA,"0","0","0","0","0","0","0",0,NA,NA,"0","0",NA,NA,NA,"0","0","0","0",NA,NA,"0","0","0"
"DP2.00006.001","Temporally interpolated soil temperature","0",NA,NA,"0","0",NA,"0",NA,NA,NA,"0",NA,"0",NA,"0",NA,NA,"0","0","0","0",NA,"0","0",NA,"0","0",NA,"0",0,NA,"0","0","0",NA,"0",NA,NA,NA,NA,NA,NA,"0","0","0","0","0",NA,"0","0","0",NA,NA,NA,NA,"0",NA,"0","0","0","0","0","0","0",0,NA,NA,"0","0",NA,NA,NA,"0","0","0","0",NA,NA,"0","0","0"
"DP2.00008.001","CO2 concentration rate of change","0",NA,NA,"0","0",NA,"0",NA,NA,NA,"0",NA,"0",NA,"0",NA,NA,"0","0","0","0",NA,"0","0",NA,"0","0",NA,"0",0,NA,"0","0","0",NA,"0",NA,NA,NA,NA,NA,NA,"0","0","0","0","0",NA,"0","0","0",NA,NA,NA,NA,"0",NA,"0","0","0","0","0","0","0",0,NA,NA,"0","0",NA,NA,NA,"0","0","0","0",NA,NA,"0","0","0"
"DP2.00009.001","H2O concentration rate of change","0",NA,NA,"0","0",NA,"0",NA,NA,NA,"0",NA,"0",NA,"0",NA,NA,"0","0","0","0",NA,"0","0",NA,"0","0",NA,"0",0,NA,"0","0","0",NA,"0",NA,NA,NA,NA,NA,NA,"0","0","0","0","0",NA,"0","0","0",NA,NA,NA,NA,"0",NA,"0","0","0","0","0","0","0",0,NA,NA,"0","0",NA,NA,NA,"0","0","0","0",NA,NA,"0","0","0"
"DP2.00016.001","Temporally interpolated PAR-line","0",NA,NA,"0","0",NA,"0",NA,NA,NA,"0",NA,"0",NA,"0",NA,NA,"0","0","0","0",NA,"0","0",NA,"0","0",NA,"0",0,NA,"0","0","0",NA,"0",NA,NA,NA,NA,NA,NA,"0","0","0","0","0",NA,"0","0","0",NA,NA,NA,NA,"0",NA,"0","0","0","0","0","0","0",0,NA,NA,"0","0",NA,NA,NA,"0","0","0","0",NA,NA,"0","0","0"
"DP2.00020.001","Temporally interpolated shortwave and longwave radiation (net radiometer)","0",NA,NA,"0","0",NA,"0",NA,NA,NA,"0",NA,"0",NA,"0",NA,NA,"0","0","0","0",NA,"0","0",NA,"0","0",NA,"0",0,NA,"0","0","0",NA,"0",NA,NA,NA,NA,NA,NA,"0","0","0","0","0",NA,"0","0","0",NA,NA,NA,NA,"0",NA,"0","0","0","0","0","0","0",0,NA,NA,"0","0",NA,NA,NA,"0","0","0","0",NA,NA,"0","0","0"
"DP2.00023.001","Temporally interpolated triple aspirated tower temperature","0",NA,NA,"0","0",NA,"0",NA,NA,NA,"0",NA,"0",NA,"0",NA,NA,"0","0","0","0",NA,"0","0",NA,"0","0",NA,"0",0,NA,"0","0","0",NA,"0",NA,NA,NA,NA,NA,NA,"0","0","0","0","0",NA,"0","0","0",NA,NA,NA,NA,"0",NA,"0","0","0","0","0","0","0",0,NA,NA,"0","0",NA,NA,NA,"0","0","0","0",NA,NA,"0","0","0"
"DP2.00024.001","Temperature rate of change","0",NA,NA,"0","0",NA,"0",NA,NA,NA,"0",NA,"0",NA,"0",NA,NA,"0","0","0","0",NA,"0","0",NA,"0","0",NA,"0",0,NA,"0","0","0",NA,"0",NA,NA,NA,NA,NA,NA,"0","0","0","0","0",NA,"0","0","0",NA,NA,NA,NA,"0",NA,"0","0","0","0","0","0","0",0,NA,NA,"0","0",NA,NA,NA,"0","0","0","0",NA,NA,"0","0","0"
"DP2.30011.001","Albedo - spectrometer - flightline","1","1",0,"1","1","0","1","0","0","0","1","0","1","0","1","0","1","0","1","1","1",0,"1","1","1","1","1","1","1",1,"0","0","1","1","0","1","0","1","0","0","1",NA,"1","1","1","1","1","0","1","1","1","0","1","0","0","0","1","1","1","1","1","1","1","1",1,0,NA,"1","1","0","0","0","1","0","1","1","0","1","1","1","0"
"DP2.30012.001","LAI - spectrometer - flightline","1","1",0,"1","1","0","1","0","0","0","1","0","1","0","1","0","1","0","1","1","1",0,"1","1","1","1","1","1","1",1,"0","0","1","1","0","1","0","1","0","0","1",NA,"1","1","1","1","1","0","1","1","1","0","1","0","0","0","1","1","1","1","1","1","1","1",1,0,NA,"1","1","0","0","0","1","0","1","1","0","1","1","1","0"
"DP2.30014.001","fPAR - spectrometer - flightline","1","1",0,"1","1","0","1","0","0","0","1","0","1","0","1","0","1","0","1","1","1",0,"1","1","1","1","1","1","1",1,"0","0","1","1","0","1","0","1","0","0","1",NA,"1","1","1","1","1","0","1","1","1","0","1","0","0","0","1","1","1","1","1","1","1","1",1,0,NA,"1","1","0","0","0","1","0","1","1","0","1","1","1","0"
"DP2.30016.001","Total biomass map - spectrometer - flightline","1","1",0,"1","1","0","1","0","0","0","1","0","1","0","1","0","1","0","1","1","1",0,"1","1","1","1","1","1","1",1,"0","0","1","1","0","1","0","1","0","0","1",NA,"1","1","1","1","1","0","1","0","1","0","1","0","0","0","1","1","1","1","1","1","1","1",1,0,NA,"1","1","0","0","0","1","0","1","1","0","1","1","1","0"
"DP2.30018.001","Canopy nitrogen - flightline","1","1",0,"1","1","0","1","0","0","0","1","0","1","0","1","0","1","0","1","1","1",0,"1","1","1","1","1","1","1",1,"0","0","1","1","0","1","0","1","0","0","1",NA,"1","1","1","1","1","0","1","1","1","0","1","0","0","0","1","1","1","1","1","1","1","1",1,0,NA,"1","1","0","0","0","1","0","1","1","0","1","1","1","0"
"DP2.30019.001","Canopy water content - flightline","1","1",0,"1","1","0","1","0","0","0","1","0","1","0","1","0","1","0","1","1","1",0,"1","1","1","1","1","1","1",1,"0","0","1","1","0","1","0","1","0","0","1",NA,"1","1","1","1","1","0","1","1","1","0","1","0","0","0","1","1","1","1","1","1","1","1",1,0,NA,"1","1","0","0","0","1","0","1","1","0","1","1","1","0"
"DP2.30020.001","Canopy xanthophyll cycle - flightline","1","1",0,"1","1","0","1","0","0","0","1","0","1","0","1","0","1","0","1","1","1",0,"1","1","1","1","1","1","1",1,"0","0","1","1","0","1","0","1","0","0","1",NA,"1","1","1","1","1","0","1","1","1","0","1","0","0","0","1","1","1","1","1","1","1","1",1,0,NA,"1","1","0","0","0","1","0","1","1","0","1","1","1","0"
"DP2.30022.001","Canopy lignin - flightline","1","1",0,"1","1","0","1","0","0","0","1","0","1","0","1","0","1","0","1","1","1",0,"1","1","1","1","1","1","1",1,"0","0","1","1","0","1","0","1","0","0","1",NA,"1","1","1","1","1","0","1","1","1","0","1","0","0","0","1","1","1","1","1","1","1","1",1,0,NA,"1","1","0","0","0","1","0","1","1","0","1","1","1","0"
"DP2.30026.001","Vegetation indices - spectrometer - flightline","1","1",0,"1","1","0","1","0","0","0","1","0","1","0","1","0","1","0","1","1","1",0,"1","1","1","1","1","1","1",1,"0","0","1","1","0","1","0","1","0","0","1",NA,"1","1","1","1","1","0","1","1","1","0","1","0","0","0","1","1","1","1","1","1","1","1",1,0,NA,"1","1","0","0","0","1","0","1","1","0","1","1","1","0"
"DP3.00008.001","Temperature rate of change profile","0",NA,NA,"0","0",NA,"0",NA,NA,NA,"0",NA,"0",NA,"0",NA,NA,"0","0","0","0",NA,"0","0",NA,"0","0",NA,"0",0,NA,"0","0","0",NA,"0",NA,NA,NA,NA,NA,NA,"0","0","0","0","0",NA,"0","0","0",NA,NA,NA,NA,"0",NA,"0","0","0","0","0","0","0",0,NA,NA,"0","0",NA,NA,NA,"0","0","0","0",NA,NA,"0","0","0"
"DP3.00009.001","CO2 concentration rate of change profile","0",NA,NA,"0","0",NA,"0",NA,NA,NA,"0",NA,"0",NA,"0",NA,NA,"0","0","0","0",NA,"0","0",NA,"0","0",NA,"0",0,NA,"0","0","0",NA,"0",NA,NA,NA,NA,NA,NA,"0","0","0","0","0",NA,"0","0","0",NA,NA,NA,NA,"0",NA,"0","0","0","0","0","0","0",0,NA,NA,"0","0",NA,NA,NA,"0","0","0","0",NA,NA,"0","0","0"
"DP3.00010.001","H2O concentration rate of change profile","0",NA,NA,"0","0",NA,"0",NA,NA,NA,"0",NA,"0",NA,"0",NA,NA,"0","0","0","0",NA,"0","0",NA,"0","0",NA,"0",0,NA,"0","0","0",NA,"0",NA,NA,NA,NA,NA,NA,"0","0","0","0","0",NA,"0","0","0",NA,NA,NA,NA,"0",NA,"0","0","0","0","0","0","0",0,NA,NA,"0","0",NA,NA,NA,"0","0","0","0",NA,NA,"0","0","0"
"DP3.30006.001","Spectrometer orthorectified surface directional reflectance - mosaic","1","1",0,"1","1","0","1","0",NA,"0","1","0","1","0","1","0","1","0","1","1","1",0,"1","1","1","1","1","1","1",1,"0","0","1","1","0","1","0","1","0","0","1",NA,"1","1","1","1","1","0","1","0","1","0","1","0","0","0","1","1","1","1","1","1","1","1",1,0,NA,"1","1","0","0","0","1","0","1","1","0","1","1","1","0"
"DP3.30010.001","High-resolution orthorectified camera imagery mosaic","1","1",0,"1","1","0","0","0",NA,"0","1","0","1","0","1","0","1","0","1","1","1",0,"1","1","1","1","1","1","1",1,"0","0","1","1","0","1","0","1","0","0","1",NA,"1","1","1","1","1","0","0","0","1","0","1","0","0","0","1","1","1","1","1","1","1","1",1,0,NA,"1","1","0","0","0","1","0","1","1","0","1","1","1","0"
"DP3.30011.001","Albedo - spectrometer - mosaic","1","1",0,"1","1","0","1","0",NA,"0","1","0","1","0","1","0","1","0","1","1","1",0,"1","1","1","1","1","1","1",1,"0","0","1","1","0","1","0","1","0","0","1",NA,"1","1","1","1","1","0","1","0","1","0","1","0","0","0","1","1","1","1","1","1","1","1",1,0,NA,"1","1","0","0","0","1","0","1","1","0","1","1","1","0"
"DP3.30012.001","LAI - spectrometer - mosaic","1","1",0,"1","1","0","1","0",NA,"0","1","0","1","0","1","0","1","0","1","1","1",0,"1","1","1","1","1","1","1",1,"0","0","1","1","0","1","0","1","0","0","1",NA,"1","1","1","1","1","0","1","0","1","0","1","0","0","0","1","1","1","1","1","1","1","1",1,0,NA,"1","1","0","0","0","1","0","1","1","0","1","1","1","0"
"DP3.30014.001","fPAR - spectrometer - mosaic","1","1",0,"1","1","0","1","0",NA,"0","1","0","1","0","1","0","1","0","1","1","1",0,"1","1","1","1","1","1","1",1,"0","0","1","1","0","1","0","1","0","0","1",NA,"1","1","1","1","1","0","1","0","1","0","1","0","0","0","1","1","1","1","1","1","1","1",1,0,NA,"1","1","0","0","0","1","0","1","1","0","1","1","1","0"
"DP3.30015.001","Ecosystem structure","1","1",0,"1","1","0","1","0","0","0","1","0","1","0","1","0","1","0","1","1","1",0,"1","1","1","1","1","1","1",1,"0","0","1","1","0","1","0","1","0","0","1",NA,"1","1","1","1","1","0","1","1","1","0","1","0","0","0","1","1","1","1","1","1","1","1",1,0,NA,"1","1","0","0","0","1","0","1","1","0","1","1","1","0"
"DP3.30016.001","Total biomass map - spectrometer - mosaic","1","1",0,"1","1","0","1","0",NA,"0","1","0","1","0","1","0","1","0","1","1","1",0,"1","1","1","1","1","1","1",1,"0","0","1","1","0","1","0","1","0","0","1",NA,"1","1","1","1","1","0","1","0","1","0","1","0","0","0","1","1","1","1","1","1","1","1",1,0,NA,"1","1","0","0","0","1","0","1","1","0","1","1","1","0"
"DP3.30018.001","Canopy nitrogen - mosaic","1","1",0,"1","1","0","1","0",NA,"0","1","0","1","0","1","0","1","0","1","1","1",0,"1","1","1","1","1","1","1",1,"0","0","1","1","0","1","0","1","0","0","1",NA,"1","1","1","1","1","0","1","0","1","0","1","0","0","0","1","1","1","1","1","1","1","1",1,0,NA,"1","1","0","0","0","1","0","1","1","0","1","1","1","0"
"DP3.30019.001","Canopy water content - mosaic","1","1",0,"1","1","0","1","0",NA,"0","1","0","1","0","1","0","1","0","1","1","1",0,"1","1","1","1","1","1","1",1,"0","0","1","1","0","1","0","1","0","0","1",NA,"1","1","1","1","1","0","1","0","1","0","1","0","0","0","1","1","1","1","1","1","1","1",1,0,NA,"1","1","0","0","0","1","0","1","1","0","1","1","1","0"
"DP3.30020.001","Canopy xanthophyll cycle - mosaic","1","1",0,"1","1","0","1","0",NA,"0","1","0","1","0","1","0","1","0","1","1","1",0,"1","1","1","1","1","1","1",1,"0","0","1","1","0","1","0","1","0","0","1",NA,"1","1","1","1","1","0","1","0","1","0","1","0","0","0","1","1","1","1","1","1","1","1",1,0,NA,"1","1","0","0","0","1","0","1","1","0","1","1","1","0"
"DP3.30022.001","Canopy lignin - mosaic","1","1",0,"1","1","0","1","0",NA,"0","1","0","1","0","1","0","1","0","1","1","1",0,"1","1","1","1","1","1","1",1,"0","0","1","1","0","1","0","1","0","0","1",NA,"1","1","1","1","1","0","1","0","1","0","1","0","0","0","1","1","1","1","1","1","1","1",1,0,NA,"1","1","0","0","0","1","0","1","1","0","1","1","1","0"
"DP3.30024.001","Elevation - LiDAR","1","1",0,"1","1","0","1","0","0","0","1","0","1","0","1","0","1","0","1","1","1",0,"1","1","1","1","1","1","1",1,"0","0","1","1","0","1","0","1","0","0","1",NA,"1","1","1","1","1","0","1","1","1","0","1","0","0","0","1","1","1","1","1","1","1","1",1,0,NA,"1","1","0","0","0","1","0","1","1","0","1","1","1","0"
"DP3.30025.001","Slope and Aspect - LiDAR","1","1",0,"1","1","0","1","0","0","0","1","0","1","0","1","0","1","0","1","1","1",0,"1","1","1","1","1","1","1",1,"0","0","1","1","0","1","0","1","0","0","1",NA,"1","1","1","1","1","0","1","1","1","0","1","0","0","0","1","1","1","1","1","1","1","1",1,0,NA,"1","1","0","0","0","1","0","1","1","0","1","1","1","0"
"DP3.30026.001","Vegetation indices - spectrometer - mosaic","1","1",0,"1","1","0","1","0",NA,"0","1","0","1","0","1","0","1","0","1","1","1",0,"1","1","1","1","1","1","1",1,"0","0","1","1","0","1","0","1","0","0","1",NA,"1","1","1","1","1","0","1","0","1","0","1","0","0","0","1","1","1","1","1","1","1","1",1,0,NA,"1","1","0","0","0","1","0","1","1","0","1","1","1","0"
"DP4.00001.001","Summary weather statistics","0","0",0,"0","0","0","0","0","0",NA,"0","0","0","0","0","0","0","0","0","0","0",0,"0","0","0","1","0","0","0",0,"0","0","0","0","0","0","0","0","0","0","0","0","0","0","0","0","0","0","0","0","0","0","0","0","0","0","0","0","0","0","0","0","0","0",0,0,"0","0","0","0",NA,"0","0","0","0","0","0","0","0","0","0"
"DP4.00002.001","Sensible heat flux","0",NA,NA,"0","0",NA,"0",NA,NA,NA,"0",NA,"0",NA,"0",NA,NA,"0","0","0","0",NA,"0","0",NA,"0","0",NA,"0",0,NA,"0","0","0",NA,"0",NA,NA,NA,NA,NA,NA,"0","0","0","0","0",NA,"0","0","0",NA,NA,NA,NA,"0",NA,"0","0","0","0","0","0","0",0,NA,NA,"0","0",NA,NA,NA,"0","0","0","0",NA,NA,"0","0","0"
"DP4.00007.001","Momentum flux","0",NA,NA,"0","0",NA,"0",NA,NA,NA,"0",NA,"0",NA,"0",NA,NA,"0","0","0","0",NA,"0","0",NA,"0","0",NA,"0",0,NA,"0","0","0",NA,"0",NA,NA,NA,NA,NA,NA,"0","0","0","0","0",NA,"0","0","0",NA,NA,NA,NA,"0",NA,"0","0","0","0","0","0","0",0,NA,NA,"0","0",NA,NA,NA,"0","0","0","0",NA,NA,"0","0","0"
"DP4.00067.001","Carbon dioxide flux","0",NA,NA,"0","0",NA,"0",NA,NA,NA,"0",NA,"0",NA,"0",NA,NA,"0","0","0","0",NA,"0","0",NA,"0","0",NA,"0",0,NA,"0","0","0",NA,"0",NA,NA,NA,NA,NA,NA,"0","0","0","0","0",NA,"0","0","0",NA,NA,NA,NA,"0",NA,"0","0","0","0","0","0","0",0,NA,NA,"0","0",NA,NA,NA,"0","0","0","0",NA,NA,"0","0","0"
"DP4.00130.001","Stream discharge",NA,"0",NA,NA,NA,"0",NA,"0","0","0",NA,"0",NA,"0",NA,NA,"0",NA,NA,NA,NA,0,NA,NA,"0",NA,NA,"1",NA,NA,"0",NA,NA,NA,"0",NA,"0",NA,"0","0","0","0",NA,NA,NA,NA,NA,"0",NA,NA,NA,"0","0",NA,NA,NA,"0",NA,NA,NA,NA,NA,NA,NA,NA,NA,"0",NA,NA,"0","0",NA,NA,NA,NA,NA,"0","0",NA,NA,NA
"DP4.00131.001","Stream morphology map",NA,"1",NA,NA,NA,"2019",NA,"2018","2019",NA,NA,"1",NA,"1",NA,NA,"1",NA,NA,NA,NA,NA,NA,NA,"1",NA,NA,"1",NA,NA,"1",NA,NA,NA,"2019",NA,"2019",NA,"1","1","2019","2019",NA,NA,NA,NA,NA,"1",NA,NA,NA,"1","1",NA,NA,NA,"1",NA,NA,NA,NA,NA,NA,NA,NA,NA,"2018",NA,NA,"2018",NA,NA,NA,NA,NA,NA,"1","1",NA,NA,NA
"DP4.00132.001","Bathymetric and morphological maps",NA,NA,1,NA,NA,NA,NA,NA,NA,"1",NA,NA,NA,NA,NA,"1",NA,NA,NA,NA,NA,1,NA,NA,NA,NA,NA,NA,NA,NA,NA,NA,NA,NA,NA,NA,NA,"1",NA,NA,NA,NA,NA,NA,NA,NA,NA,NA,NA,NA,NA,NA,NA,"1","1",NA,NA,NA,NA,NA,NA,NA,NA,NA,NA,1,NA,NA,NA,NA,"1","1",NA,NA,NA,NA,NA,NA,NA,NA,NA
"DP4.00133.001","Stream discharge rating curve",NA,"0",NA,NA,NA,"2019",NA,"0","2018",NA,NA,"0",NA,"2018",NA,NA,"0",NA,NA,NA,NA,NA,NA,NA,"1",NA,NA,"1",NA,NA,"0",NA,NA,NA,"2019",NA,"2019",NA,"2018","0","2019","0",NA,NA,NA,NA,NA,"2018",NA,NA,NA,"0","2019",NA,NA,NA,"2018",NA,NA,NA,NA,NA,NA,NA,NA,NA,"0",NA,NA,"2018",NA,NA,NA,NA,NA,NA,"0","2019",NA,NA,NA
"DP4.00137.001","Latent heat flux","0",NA,NA,"0","0",NA,"0",NA,NA,NA,"0",NA,"0",NA,"0",NA,NA,"0","0","0","0",NA,"0","0",NA,"0","0",NA,"0",0,NA,"0","0","0",NA,"0",NA,NA,NA,NA,NA,NA,"0","0","0","0","0",NA,"0","0","0",NA,NA,NA,NA,"0",NA,"0","0","0","0","0","0","0",0,NA,NA,"0","0",NA,NA,NA,"0","0","0","0",NA,NA,"0","0","0"
"DP4.00200.001","Bundled data products - eddy covariance","1","0",0,"0","1","0","0","0","0","0","1","0","1","0","1","0","0","0","1","0","0",0,"0","0","0","1","0","0","1",1,"0","1","1","1","0","0","0","0","0","0","0","0","0","0","1","1","1","0","0","1","1","0","0","0","0","0","0","0","0","0","0","0","1","0",0,0,"0","0","0","0","0","0","0","0","0","1","0","0","1","0","0"
"DP4.00201.001","Flux footprint characteristics","0",NA,NA,"0","0",NA,"0",NA,NA,NA,"0",NA,"0",NA,"0",NA,NA,"0","0","0","0",NA,"0","0",NA,"0","0",NA,"0",0,NA,"0","0","0",NA,"0",NA,NA,NA,NA,NA,NA,"0","0","0","0","0",NA,"0","0","0",NA,NA,NA,NA,"0",NA,"0","0","0","0","0","0","0",0,NA,NA,"0","0",NA,NA,NA,"0","0","0","0",NA,NA,"0","0","0"
"DP4.50036.001","Soil CO2 flux - MDP sensor","0","0",0,"0","0","0","0","0","0","0","0","0","0","0","0","0","0","0","0","0","0",0,"0","0","0","0","0","0","0",0,"0","0","0","0","0","0","0","0","0","0","0","0","0","0","0","0","0","0","0","0","0","0","0","0","0","0","0","0","0","0","0","0","0","0",0,0,"0","0","0","0","0","0","0","0","0","0","0","0","0","0","0"
