Name,Code,Supplier,HOPB,LEWI,POSE,BARC,FLNT,SUGG,CUPE,GUIL,CRAM,LIRO,KING,MCDI,LECO,WALK,BLWA,MAYF,TOMB,PRLA,PRPO,ARIK,BLUE,PRIN,BLDE,COMO,WLOU,SYCA,REDB,MART,MCRA,BIGC,TECR,OKSR,TOOK,CARI,BART,HARV,BLAN,SCBI,SERC,DSNY,JERC,OSBS,GUAN,LAJA,STEI,TREE,UNDE,KONA,KONZ,UKFS,GRSM,MLBS,ORNL,DELA,LENO,TALL,DCFS,NOGP,WOOD,CPER,RMNP,STER,CLBJ,OAES,YELL,MOAB,NIWO,JORN,SRER,ONAQ,ABBY,WREF,SJER,SOAP,TEAK,BARR,TOOL,BONA,DEJU,HEAL,PUUM
Breeding landbird point counts,DP1.10003,TOS,NA,NA,NA,NA,NA,NA,NA,NA,NA,NA,NA,NA,NA,NA,NA,NA,NA,NA,NA,NA,NA,NA,NA,NA,NA,NA,NA,NA,NA,NA,NA,NA,NA,NA,2015,2015,2017,2015,2017,2015,2016,2016,2015,2017,2016,2016,2016,2018,2017,2017,2016,2018,2016,2015,2017,2015,2017,2017,2015,2013,2017,2013,2017,2017,2018,2015,2015,2017,2017,2017,2017,2018,2017,2017,2017,2017,2017,2017,2017,2017,2018
Soil chemical properties (Distributed initial characterization),DP1.10008,TOS,NA,NA,NA,NA,NA,NA,NA,NA,NA,NA,NA,NA,NA,NA,NA,NA,NA,NA,NA,NA,NA,NA,NA,NA,NA,NA,NA,NA,NA,NA,NA,NA,NA,NA,2016,2017,2017,2015,2016,2017,2015,2016,2018,2017,2016,2016,2016,2018,2015,2015,2016,2018,2016,2015,2018,2016,2017,2016,2015,2016,2017,2015,2017,2016,2018,2016,2018,2016,2018,2016,2017,2018,2017,2018,NA,2018,2018,2018,2017,2017,2018
Ground beetle sequences DNA barcode,DP1.10020,TOS,NA,NA,NA,NA,NA,NA,NA,NA,NA,NA,NA,NA,NA,NA,NA,NA,NA,NA,NA,NA,NA,NA,NA,NA,NA,NA,NA,NA,NA,NA,NA,NA,NA,NA,2016,2016,2016,2016,2016,2016,2016,2016,2016,2016,2016,2016,2016,2017,2016,2016,2016,2017,2016,2016,2016,2016,2017,2016,2016,2016,2017,2016,2016,2016,2018,2016,2016,2016,2016,2016,2016,2018,2017,2017,2019,2017,2017,2017,2016,2016,2018
Ground beetles sampled from pitfall traps,DP1.10022,TOS,NA,NA,NA,NA,NA,NA,NA,NA,NA,NA,NA,NA,NA,NA,NA,NA,NA,NA,NA,NA,NA,NA,NA,NA,NA,NA,NA,NA,NA,NA,NA,NA,NA,NA,2014,2013,2015,2014,2015,2013,2014,2013,2015,2016,2015,2015,2014,2017,2015,2015,2015,2017,2014,2015,2016,2014,2017,2016,2014,2013,2017,2013,2016,2015,2018,2015,2015,2015,2016,2014,2016,2018,2017,2017,2019,2017,2017,2017,2016,2015,2018
Herbaceous clip harvest,DP1.10023,TOS,NA,NA,NA,NA,NA,NA,NA,NA,NA,NA,NA,NA,NA,NA,NA,NA,NA,NA,NA,NA,NA,NA,NA,NA,NA,NA,NA,NA,NA,NA,NA,NA,NA,NA,2014,2013,2015,2014,2015,2013,2014,2013,2015,2016,2015,2015,2014,2017,2015,2015,2015,2017,2014,2015,2016,2014,2017,2016,2014,2013,2017,2013,2016,2015,2018,2015,2015,2015,2016,2014,2016,2018,2017,2017,2019,2017,2017,2017,2016,2015,2018
Mosquito sequences DNA barcode,DP1.10038,TOS,NA,NA,NA,NA,NA,NA,NA,NA,NA,NA,NA,NA,NA,NA,NA,NA,NA,NA,NA,NA,NA,NA,NA,NA,NA,NA,NA,NA,NA,NA,NA,NA,NA,NA,2016,2016,2016,2016,2016,2016,2016,2016,2016,2016,2016,2016,2016,2017,2016,2016,2016,2017,2016,2016,2016,2016,2017,2016,2016,2016,2017,2016,2016,2016,2018,2016,2016,2016,2016,2016,2016,2018,2017,2017,2019,2017,2017,2017,2016,2016,2018
Mosquito-borne pathogen status,DP1.10041,TOS,NA,NA,NA,NA,NA,NA,NA,NA,NA,NA,NA,NA,NA,NA,NA,NA,NA,NA,NA,NA,NA,NA,NA,NA,NA,NA,NA,NA,NA,NA,NA,NA,NA,NA,2014,2013,2015,2014,2015,2013,2014,2013,2016,2016,2016,2016,2014,2017,2016,2016,2016,2017,2014,2016,2016,2014,2017,2016,2014,2013,2017,2013,2016,2016,2018,2016,2016,2016,2016,2014,2016,2018,2017,2017,2019,2017,2017,2017,2016,2016,2018
Mosquitoes sampled from CO2 traps,DP1.10043,TOS,NA,NA,NA,NA,NA,NA,NA,NA,NA,NA,NA,NA,NA,NA,NA,NA,NA,NA,NA,NA,NA,NA,NA,NA,NA,NA,NA,NA,NA,NA,NA,NA,NA,NA,2014,2013,2015,2014,2015,2013,2014,2013,2016,2016,2016,2016,2014,2017,2016,2016,2016,2017,2014,2016,2016,2014,2017,2016,2014,2013,2017,2013,2016,2016,2018,2016,2016,2016,2016,2014,2016,2018,2017,2017,2019,2017,2017,2017,2016,2016,2018
Soil physical properties (Distributed initial characterization),DP1.10047,TOS,NA,NA,NA,NA,NA,NA,NA,NA,NA,NA,NA,NA,NA,NA,NA,NA,NA,NA,NA,NA,NA,NA,NA,NA,NA,NA,NA,NA,NA,NA,NA,NA,NA,NA,2016,2017,2017,2015,2016,2017,2015,2016,2018,2017,2016,2016,2016,2018,2015,2015,2016,2018,2016,2015,2018,2016,2017,2016,2015,2016,2017,2015,2017,2016,2018,2016,2018,2016,2018,2016,2017,2018,2017,2018,NA,2018,2018,2018,2017,2017,2019
Plant phenology observations,DP1.10055,TOS,NA,NA,NA,NA,NA,NA,NA,NA,NA,NA,NA,NA,NA,NA,NA,NA,NA,NA,NA,NA,NA,NA,NA,NA,NA,NA,NA,NA,NA,NA,NA,NA,NA,NA,2014,2013,2015,2014,2015,2013,2014,2013,2015,2016,2015,2015,2014,2017,2015,2015,2015,2017,2014,2015,2016,2014,2017,2016,2014,2013,2017,2013,2016,2015,2018,2015,2015,2015,2016,2014,2016,2018,2017,2017,2019,2017,2017,2017,2016,2015,2018
Plant presence and percent cover,DP1.10058,TOS,NA,NA,NA,NA,NA,NA,NA,NA,NA,NA,NA,NA,NA,NA,NA,NA,NA,NA,NA,NA,NA,NA,NA,NA,NA,NA,NA,NA,NA,NA,NA,NA,NA,NA,2014,2013,2015,2014,2015,2013,2014,2013,2015,2016,2015,2015,2014,2017,2015,2015,2015,2017,2014,2015,2016,2014,2017,2016,2014,2013,2017,2013,2016,2015,2018,2015,2015,2015,2016,2014,2016,2018,2017,2017,2017,2017,2017,2017,2016,2015,2018
Rodent-borne pathogen status,DP1.10064,TOS,NA,NA,NA,NA,NA,NA,NA,NA,NA,NA,NA,NA,NA,NA,NA,NA,NA,NA,NA,NA,NA,NA,NA,NA,NA,NA,NA,NA,NA,NA,NA,NA,NA,NA,2014,2013,2015,2014,2015,2013,2014,2013,2016,2016,2015,2015,2014,2017,2015,2015,2015,2017,2014,2015,2016,2014,2017,2016,2014,2013,2017,2013,2016,2015,2018,2015,2015,2015,2016,2014,2016,2018,2017,2017,2019,2017,2017,2017,2016,2015,NA
Root sampling (megapit),DP1.10066,TOS,NA,NA,NA,NA,NA,NA,NA,NA,NA,NA,NA,NA,NA,NA,NA,NA,NA,NA,NA,NA,NA,NA,NA,NA,NA,NA,NA,NA,NA,NA,NA,NA,NA,NA,2013,2012,2013,2013,2014,2013,2012,2012,2015,2014,2015,2015,2013,2014,2014,2014,2015,2013,2013,2013,2015,2014,2012,2013,2012,2012,2013,2013,2016,2013,2018,2014,2014,2013,2013,2014,2015,2017,2016,2016,2016,2016,2016,2017,2015,2015,2018
Root sampling tower plots,DP1.10067,TOS,NA,NA,NA,NA,NA,NA,NA,NA,NA,NA,NA,NA,NA,NA,NA,NA,NA,NA,NA,NA,NA,NA,NA,NA,NA,NA,NA,NA,NA,NA,NA,NA,NA,NA,2016,2018,2020,2017,NA,2018,2019,NA,2020,2018,2017,NA,2016,2019,2017,2018,NA,2018,2017,NA,2018,2017,2019,2020,2016,NA,2021,2017,2020,2018,2020,2017,2019,2017,2019,2016,NA,2019,2019,2018,2019,2019,2017,2019,2018,NA,2019
Small mammal box trapping,DP1.10072,TOS,NA,NA,NA,NA,NA,NA,NA,NA,NA,NA,NA,NA,NA,NA,NA,NA,NA,NA,NA,NA,NA,NA,NA,NA,NA,NA,NA,NA,NA,NA,NA,NA,NA,NA,2014,2013,2015,2014,2015,2013,2014,2013,2016,2016,2015,2015,2014,2017,2015,2015,2015,2017,2014,2015,2016,2014,2017,2016,2014,2013,2017,2013,2016,2015,2018,2015,2015,2015,2016,2014,2016,2018,2017,2017,2019,2017,2017,2017,2016,2015,NA
Small mammal sequences DNA barcode,DP1.10076,TOS,NA,NA,NA,NA,NA,NA,NA,NA,NA,NA,NA,NA,NA,NA,NA,NA,NA,NA,NA,NA,NA,NA,NA,NA,NA,NA,NA,NA,NA,NA,NA,NA,NA,NA,2016,2016,2016,2016,2016,2016,2016,2016,2016,2016,2016,2016,2016,2017,2016,2016,2016,2017,2016,2016,2016,2016,2017,2016,2016,2016,2017,2016,2016,2016,2018,2016,2016,2016,2016,2016,2016,2018,2017,2017,2019,2017,2017,2017,2016,2016,NA
Soil chemical properties (Distributed periodic),DP1.10078,TOS,NA,NA,NA,NA,NA,NA,NA,NA,NA,NA,NA,NA,NA,NA,NA,NA,NA,NA,NA,NA,NA,NA,NA,NA,NA,NA,NA,NA,NA,NA,NA,NA,NA,NA,2014,2013,2015,2014,2017,2014,2014,2014,2015,2018,2015,2015,2014,NA,2015,2015,2015,2018,2014,2015,2018,2017,NA,2020,2014,2013,NA,2013,2020,2015,2020,2016,2015,2016,2016,2014,NA,2020,2019,2018,2021,2020,2017,2019,2018,2015,2019
Soil inorganic nitrogen pools and transformations,DP1.10080,TOS,NA,NA,NA,NA,NA,NA,NA,NA,NA,NA,NA,NA,NA,NA,NA,NA,NA,NA,NA,NA,NA,NA,NA,NA,NA,NA,NA,NA,NA,NA,NA,NA,NA,NA,NA,2018,2020,2017,NA,2018,2019,NA,2020,2018,2017,NA,2019,2019,2017,2018,NA,2018,2017,NA,2018,2017,2019,2020,NA,NA,2020,2017,2020,2018,2020,2017,2019,2017,2019,NA,NA,2020,2019,2018,2021,2021,2017,2019,2018,NA,2019
Soil microbe community composition,DP1.10081,TOS,NA,NA,NA,NA,NA,NA,NA,NA,NA,NA,NA,NA,NA,NA,NA,NA,NA,NA,NA,NA,NA,NA,NA,NA,NA,NA,NA,NA,NA,NA,NA,NA,NA,NA,2014,2013,2015,2014,2015,2013,2014,2013,2016,2016,2016,2016,2014,2017,2016,2016,2015,2017,2014,2016,2016,2014,2017,2016,2014,2013,2017,2013,2016,2015,2020,2016,2016,2016,2016,2014,2016,2018,2017,2017,2021,2017,2017,2017,2016,2016,2019
Soil physical properties (Distributed periodic),DP1.10086,TOS,NA,NA,NA,NA,NA,NA,NA,NA,NA,NA,NA,NA,NA,NA,NA,NA,NA,NA,NA,NA,NA,NA,NA,NA,NA,NA,NA,NA,NA,NA,NA,NA,NA,NA,2014,2014,2015,2014,2015,2013,2014,2013,2015,2018,2015,2015,2014,2017,2015,2015,2015,2018,2014,2015,2018,2014,2017,2016,2014,2014,2017,2014,2016,2015,2020,2015,2015,2015,2016,2014,2016,2020,2015,2018,2021,2017,2017,2017,2018,2015,2019
Tick-borne pathogen status,DP1.10092,TOS,NA,NA,NA,NA,NA,NA,NA,NA,NA,NA,NA,NA,NA,NA,NA,NA,NA,NA,NA,NA,NA,NA,NA,NA,NA,NA,NA,NA,NA,NA,NA,NA,NA,NA,2014,2013,2015,2014,2015,2013,2014,2013,2016,2016,2015,2015,2014,2017,2015,2015,2015,2017,2014,2015,2016,2014,2017,2016,2014,2013,2017,2013,2016,2015,2018,2015,2015,2015,2016,2014,2016,2018,2017,2017,2019,2017,2017,2017,2016,2015,NA
Ticks sampled using drag cloths,DP1.10093,TOS,NA,NA,NA,NA,NA,NA,NA,NA,NA,NA,NA,NA,NA,NA,NA,NA,NA,NA,NA,NA,NA,NA,NA,NA,NA,NA,NA,NA,NA,NA,NA,NA,NA,NA,2014,2013,2015,2014,2015,2013,2014,2013,2016,2016,2015,2015,2014,2017,2015,2015,2015,2017,2014,2015,2016,2014,2017,2016,2014,2013,2017,2013,2016,2015,2018,2015,2015,2015,2016,2014,2016,2018,2017,2017,2019,2017,2017,2017,2016,2015,NA
Root stable isotopes,DP1.10099,TOS,NA,NA,NA,NA,NA,NA,NA,NA,NA,NA,NA,NA,NA,NA,NA,NA,NA,NA,NA,NA,NA,NA,NA,NA,NA,NA,NA,NA,NA,NA,NA,NA,NA,NA,2016,2018,2013,2017,2014,2018,2012,2012,2020,2018,2017,2015,2016,2019,2017,2018,2015,2018,2017,2013,2018,2017,2019,2013,2016,2012,2020,2017,2020,2018,2018,2017,2019,2017,2019,2016,2015,2019,2019,2018,2016,2016,2017,2019,2018,2015,2019
Soil stable isotopes (Distributed periodic),DP1.10100,TOS,NA,NA,NA,NA,NA,NA,NA,NA,NA,NA,NA,NA,NA,NA,NA,NA,NA,NA,NA,NA,NA,NA,NA,NA,NA,NA,NA,NA,NA,NA,NA,NA,NA,NA,2014,2013,2015,2014,2017,2014,2014,2014,2015,2018,2015,2015,2014,NA,2015,2015,2015,2018,2014,2015,2018,2017,NA,2020,2014,2013,NA,2013,2020,2015,2020,2016,2015,2016,2016,2014,NA,2020,2019,2018,2021,2020,2017,2019,2018,2015,2019
Root chemical properties,DP1.10102,TOS,NA,NA,NA,NA,NA,NA,NA,NA,NA,NA,NA,NA,NA,NA,NA,NA,NA,NA,NA,NA,NA,NA,NA,NA,NA,NA,NA,NA,NA,NA,NA,NA,NA,NA,2016,2018,2013,2017,2014,2018,2012,2012,2020,2018,2017,2015,2016,2019,2017,2018,2015,2018,2017,2013,2018,2017,2019,2013,2016,2012,2020,2017,2020,2018,2018,2017,2019,2017,2019,2016,2015,2019,2019,2018,2016,2016,2017,2019,2018,2015,2019
Soil microbe biomass,DP1.10104,TOS,NA,NA,NA,NA,NA,NA,NA,NA,NA,NA,NA,NA,NA,NA,NA,NA,NA,NA,NA,NA,NA,NA,NA,NA,NA,NA,NA,NA,NA,NA,NA,NA,NA,NA,NA,2018,2020,2017,NA,2018,2019,NA,2020,2018,2017,NA,2019,2019,2017,2018,NA,2018,2017,NA,2018,2017,2019,2020,NA,NA,2020,2017,2020,2018,2020,2017,2019,2017,2019,NA,NA,2020,2019,2018,2019,2019,2017,2019,2018,NA,2019
Soil microbe metagenome sequences,DP1.10107,TOS,NA,NA,NA,NA,NA,NA,NA,NA,NA,NA,NA,NA,NA,NA,NA,NA,NA,NA,NA,NA,NA,NA,NA,NA,NA,NA,NA,NA,NA,NA,NA,NA,NA,NA,2014,2013,2015,2014,2015,2013,2014,2013,2016,2016,2016,2016,2014,2017,2016,2016,2015,2017,2014,2016,2016,2014,2017,2016,2014,2013,2017,2013,2016,2015,2020,2016,2016,2016,2016,2014,2016,2018,2017,2017,2019,2017,2017,2017,2016,2016,2019
Soil microbe marker gene sequences,DP1.10108,TOS,NA,NA,NA,NA,NA,NA,NA,NA,NA,NA,NA,NA,NA,NA,NA,NA,NA,NA,NA,NA,NA,NA,NA,NA,NA,NA,NA,NA,NA,NA,NA,NA,NA,NA,2014,2013,2015,2014,2015,2013,2014,2013,2016,2016,2016,2016,2014,2017,2016,2016,2015,2017,2014,2016,2016,2014,2017,2016,2014,2013,2017,2013,2016,2015,2020,2016,2016,2016,2016,2014,2016,2018,2017,2017,2019,2017,2017,2017,2016,2016,2019
Soil microbe group abundances,DP1.10109,TOS,NA,NA,NA,NA,NA,NA,NA,NA,NA,NA,NA,NA,NA,NA,NA,NA,NA,NA,NA,NA,NA,NA,NA,NA,NA,NA,NA,NA,NA,NA,NA,NA,NA,NA,2014,2013,2015,2014,2015,2013,2014,2013,2016,2016,2016,2016,2014,2017,2016,2016,2015,2017,2014,2016,2016,2014,2017,2016,2014,2013,2017,2013,2016,2015,2020,2016,2016,2016,2016,2014,2016,2018,2017,2017,2019,2017,2017,2017,2016,2016,2019
Coarse downed wood log survey,DP1.10010,TOS,NA,NA,NA,NA,NA,NA,NA,NA,NA,NA,NA,NA,NA,NA,NA,NA,NA,NA,NA,NA,NA,NA,NA,NA,NA,NA,NA,NA,NA,NA,NA,NA,NA,NA,2016,2015,2015,2015,2016,2017,2018,2015,2018,2016,2016,2017,2015,NA,2017,2018,2016,2018,2015,2016,2017,2015,NA,NA,NA,NA,2018,NA,2016,NA,2020,2018,2016,2015,2017,2017,2016,2020,2017,2019,2020,NA,NA,2017,2016,2016,2018
Coarse downed wood bulk density sampling,DP1.10014,TOS,NA,NA,NA,NA,NA,NA,NA,NA,NA,NA,NA,NA,NA,NA,NA,NA,NA,NA,NA,NA,NA,NA,NA,NA,NA,NA,NA,NA,NA,NA,NA,NA,NA,NA,2016,2018,2018,2017,2016,2020,2018,2016,NA,2016,2016,2020,2018,NA,2020,NA,2016,2018,2020,2019,2020,NA,NA,NA,NA,NA,NA,NA,2019,NA,2020,2018,2019,2018,2017,2020,2016,2020,2017,2019,2020,NA,NA,2020,2019,2018,2018
Digital hemispheric photos of Plot Vegetation,DP1.10017,TOS,NA,NA,NA,NA,NA,NA,NA,NA,NA,NA,NA,NA,NA,NA,NA,NA,NA,NA,NA,NA,NA,NA,NA,NA,NA,NA,NA,NA,NA,NA,NA,NA,NA,NA,2014,2013,2015,2014,2015,2013,2014,2013,2015,2016,2015,2015,2014,2017,2015,2015,2015,2017,2014,2015,2016,2014,2017,2016,2014,2013,2017,2013,2016,2015,2018,2015,2015,2015,2016,2014,2016,2018,2017,2017,2019,2017,2017,2017,2016,2015,2018
Plant foliar physical and chemical properties,DP1.10026,TOS,NA,NA,NA,NA,NA,NA,NA,NA,NA,NA,NA,NA,NA,NA,NA,NA,NA,NA,NA,NA,NA,NA,NA,NA,NA,NA,NA,NA,NA,NA,NA,NA,NA,NA,NA,2018,2020,2017,2016,2018,2019,NA,2020,2018,2017,NA,2019,2019,2017,2018,2016,2018,2017,NA,2018,2017,2019,2020,2016,NA,2020,2017,2020,2018,2020,2017,2019,2017,2019,NA,NA,2020,2019,2018,2021,2021,2017,2019,2018,NA,2020
Litter chemical properties,DP1.10031,TOS,NA,NA,NA,NA,NA,NA,NA,NA,NA,NA,NA,NA,NA,NA,NA,NA,NA,NA,NA,NA,NA,NA,NA,NA,NA,NA,NA,NA,NA,NA,NA,NA,NA,NA,2016,2018,2020,2017,NA,NA,2019,NA,2020,NA,2017,NA,2016,NA,2017,2018,NA,2018,2017,NA,2018,2017,NA,NA,NA,NA,2020,NA,2020,NA,2020,NA,2019,NA,2019,NA,NA,2020,2019,2018,2021,NA,NA,2019,2018,NA,2020
Litterfall and fine woody debris sampling,DP1.10033,TOS,NA,NA,NA,NA,NA,NA,NA,NA,NA,NA,NA,NA,NA,NA,NA,NA,NA,NA,NA,NA,NA,NA,NA,NA,NA,NA,NA,NA,NA,NA,NA,NA,NA,NA,2015,2015,2015,2015,2015,NA,2015,2015,2015,NA,2015,2015,2015,NA,2015,2015,2015,2017,2015,2015,2016,2015,NA,NA,NA,NA,2017,NA,2016,NA,2020,NA,2015,NA,2016,NA,2016,2018,2017,2017,2019,NA,NA,2017,2016,2015,2018
Non-herbaceous perennial vegetation structure,DP1.10045,TOS,NA,NA,NA,NA,NA,NA,NA,NA,NA,NA,NA,NA,NA,NA,NA,NA,NA,NA,NA,NA,NA,NA,NA,NA,NA,NA,NA,NA,NA,NA,NA,NA,NA,NA,2015,2014,2015,2014,2015,2014,2015,2015,2015,2016,2015,2015,2015,NA,2015,2015,2015,2017,2014,2015,2016,2014,NA,NA,NA,2014,2017,NA,2016,NA,2019,2015,2015,2015,2016,2014,2016,2017,2017,2019,2018,NA,NA,2017,2016,2015,2018
Plant foliar stable isotopes,DP1.10053,TOS,NA,NA,NA,NA,NA,NA,NA,NA,NA,NA,NA,NA,NA,NA,NA,NA,NA,NA,NA,NA,NA,NA,NA,NA,NA,NA,NA,NA,NA,NA,NA,NA,NA,NA,NA,2018,2020,2017,2016,2018,2019,NA,2020,2018,2017,NA,2019,2019,2017,2018,2016,2018,2017,NA,2018,2017,2019,2020,2016,NA,2020,2017,2020,2018,2020,2017,2019,2017,2019,NA,NA,2020,2019,2018,2021,2020,2017,2019,2018,NA,2020
Woody plant vegetation structure,DP1.10098,TOS,NA,NA,NA,NA,NA,NA,NA,NA,NA,NA,NA,NA,NA,NA,NA,NA,NA,NA,NA,NA,NA,NA,NA,NA,NA,NA,NA,NA,NA,NA,NA,NA,NA,NA,2015,2014,2015,2014,2015,2014,2015,2015,2015,2016,2015,2015,2015,NA,2015,2015,2015,2017,2014,2015,2016,2014,2015,2015,2014,2014,2017,NA,2016,NA,2019,2015,2015,2015,2016,2014,2016,2017,2017,2019,2018,NA,NA,2017,2016,2015,2018
Litter stable isotopes,DP1.10101,TOS,NA,NA,NA,NA,NA,NA,NA,NA,NA,NA,NA,NA,NA,NA,NA,NA,NA,NA,NA,NA,NA,NA,NA,NA,NA,NA,NA,NA,NA,NA,NA,NA,NA,NA,2016,2018,2020,2017,NA,NA,2019,NA,2020,NA,2017,NA,2016,NA,2017,2018,NA,2018,2017,NA,2018,2017,NA,NA,NA,NA,2020,NA,2020,NA,2020,NA,2019,NA,2019,NA,NA,2020,2019,2018,2021,NA,NA,2019,2018,NA,2020
Chemical properties of groundwater,DP1.20092,AOS,2017,2017,2017,2017,2017,2017,NA,2017,2017,2017,2017,2017,NA,2017,2018,2017,2018,2017,2017,2017,2017,2017,2018,2017,2017,2017,2018,2018,2018,2018,2018,2018,2018,2018,NA,NA,NA,NA,NA,NA,NA,NA,NA,NA,NA,NA,NA,NA,NA,NA,NA,NA,NA,NA,NA,NA,NA,NA,NA,NA,NA,NA,NA,NA,NA,NA,NA,NA,NA,NA,NA,NA,NA,NA,NA,NA,NA,NA,NA,NA,NA
Chemical properties of surface water,DP1.20093,AOS,2016,2017,2016,2015,2017,2015,2016,2016,2016,2017,2016,2017,2016,2016,2017,2016,2017,2016,2016,2015,2017,2016,2018,2016,2017,2017,2017,2018,2017,2018,2018,2016,2016,2016,NA,NA,NA,NA,NA,NA,NA,NA,NA,NA,NA,NA,NA,NA,NA,NA,NA,NA,NA,NA,NA,NA,NA,NA,NA,NA,NA,NA,NA,NA,NA,NA,NA,NA,NA,NA,NA,NA,NA,NA,NA,NA,NA,NA,NA,NA,NA
Stream discharge field collection,DP1.20048,AOS,2016,2017,2016,NA,2018,NA,2016,2016,NA,NA,2016,2017,2016,2016,2018,2016,2018,NA,NA,2015,2017,2016,2018,2016,2017,2017,2017,2018,2017,2018,2018,2016,2016,2016,NA,NA,NA,NA,NA,NA,NA,NA,NA,NA,NA,NA,NA,NA,NA,NA,NA,NA,NA,NA,NA,NA,NA,NA,NA,NA,NA,NA,NA,NA,NA,NA,NA,NA,NA,NA,NA,NA,NA,NA,NA,NA,NA,NA,NA,NA,NA
Surface water microbe marker gene sequences,DP1.20282,AOS,2016,2017,2016,2015,2017,2015,2016,2016,2016,2017,2016,2017,2016,2016,2017,2016,2017,2016,2016,2015,2017,2016,2018,2016,2017,2017,2017,2018,2017,2018,2018,2016,2016,2016,NA,NA,NA,NA,NA,NA,NA,NA,NA,NA,NA,NA,NA,NA,NA,NA,NA,NA,NA,NA,NA,NA,NA,NA,NA,NA,NA,NA,NA,NA,NA,NA,NA,NA,NA,NA,NA,NA,NA,NA,NA,NA,NA,NA,NA,NA,NA
Surface water microbe group abundances,DP1.20278,AOS,2016,2017,2016,2015,2017,2015,2016,2016,2016,2017,2016,2017,2016,2016,2017,2016,2017,2016,2016,2015,2017,2016,2018,2016,2017,2017,2017,2018,2017,2018,2018,2016,2016,2016,NA,NA,NA,NA,NA,NA,NA,NA,NA,NA,NA,NA,NA,NA,NA,NA,NA,NA,NA,NA,NA,NA,NA,NA,NA,NA,NA,NA,NA,NA,NA,NA,NA,NA,NA,NA,NA,NA,NA,NA,NA,NA,NA,NA,NA,NA,NA
Aquatic plant bryophyte chemical properties,DP1.20063,AOS,2016,2017,2016,2015,2017,2015,2016,2016,2016,2017,2016,2017,2016,2016,2017,2016,2017,2016,2016,2015,2017,2016,2018,2016,2017,2017,2017,2018,2017,2018,2018,2016,2016,2016,NA,NA,NA,NA,NA,NA,NA,NA,NA,NA,NA,NA,NA,NA,NA,NA,NA,NA,NA,NA,NA,NA,NA,NA,NA,NA,NA,NA,NA,NA,NA,NA,NA,NA,NA,NA,NA,NA,NA,NA,NA,NA,NA,NA,NA,NA,NA
Aquatic plant bryophyte macroalgae clip harvest,DP1.20066,AOS,2016,2017,2016,2015,2017,2015,2016,2016,2016,2017,2016,2017,2016,2016,2017,2016,2017,2016,2016,2015,2017,2016,2018,2016,2017,2017,2017,2018,2017,2018,2018,2016,2016,2016,NA,NA,NA,NA,NA,NA,NA,NA,NA,NA,NA,NA,NA,NA,NA,NA,NA,NA,NA,NA,NA,NA,NA,NA,NA,NA,NA,NA,NA,NA,NA,NA,NA,NA,NA,NA,NA,NA,NA,NA,NA,NA,NA,NA,NA,NA,NA
"Aquatic plant, bryophyte, lichen, and macroalgae point counts in wadeable streams",DP1.20072,AOS,2016,2017,2016,NA,NA,NA,2016,2016,NA,NA,2016,2017,2016,2016,NA,2016,NA,NA,NA,2015,2017,2016,2018,2016,2017,2017,2017,2018,2017,2018,2018,2016,NA,2016,NA,NA,NA,NA,NA,NA,NA,NA,NA,NA,NA,NA,NA,NA,NA,NA,NA,NA,NA,NA,NA,NA,NA,NA,NA,NA,NA,NA,NA,NA,NA,NA,NA,NA,NA,NA,NA,NA,NA,NA,NA,NA,NA,NA,NA,NA,NA
Benthic microbe community composition,DP1.20086,AOS,2016,2017,2016,NA,NA,NA,2016,2016,NA,NA,2016,2017,2016,2016,NA,2016,NA,NA,NA,2015,2017,2016,2018,2016,2017,2017,2017,2018,2017,2018,2018,2016,NA,2016,NA,NA,NA,NA,NA,NA,NA,NA,NA,NA,NA,NA,NA,NA,NA,NA,NA,NA,NA,NA,NA,NA,NA,NA,NA,NA,NA,NA,NA,NA,NA,NA,NA,NA,NA,NA,NA,NA,NA,NA,NA,NA,NA,NA,NA,NA,NA
Dissolved gases in surface water,DP1.20097,AOS,2016,2017,2016,2015,2017,2015,2016,2016,2016,2017,2016,2017,2016,2016,2017,2016,2017,2016,2016,2015,2017,2016,2018,2016,2017,2017,2017,2018,2017,2018,2018,2016,2016,2016,NA,NA,NA,NA,NA,NA,NA,NA,NA,NA,NA,NA,NA,NA,NA,NA,NA,NA,NA,NA,NA,NA,NA,NA,NA,NA,NA,NA,NA,NA,NA,NA,NA,NA,NA,NA,NA,NA,NA,NA,NA,NA,NA,NA,NA,NA,NA
Fish DNA barcode,DP1.20105,AOS,2018,2018,2018,NA,NA,NA,2018,2018,2018,2018,2018,2018,2018,2018,NA,2018,NA,2018,2018,2018,2017,2018,2018,NA,2018,2018,2018,2018,2018,2018,2018,2018,2018,2018,NA,NA,NA,NA,NA,NA,NA,NA,NA,NA,NA,NA,NA,NA,NA,NA,NA,NA,NA,NA,NA,NA,NA,NA,NA,NA,NA,NA,NA,NA,NA,NA,NA,NA,NA,NA,NA,NA,NA,NA,NA,NA,NA,NA,NA,NA,NA
"Fish electrofishing, gill netting, and/or fyke netting counts",DP1.20107,AOS,2016,2017,2016,NA,NA,NA,2016,2016,2016,2017,2016,2017,2016,2016,NA,2016,NA,2016,2016,2015,2017,2016,2018,NA,2017,2017,2017,2018,2017,2018,2018,2018,2017,2017,NA,NA,NA,NA,NA,NA,NA,NA,NA,NA,NA,NA,NA,NA,NA,NA,NA,NA,NA,NA,NA,NA,NA,NA,NA,NA,NA,NA,NA,NA,NA,NA,NA,NA,NA,NA,NA,NA,NA,NA,NA,NA,NA,NA,NA,NA,NA
Macroinvertebrate collection,DP1.20120,AOS,2016,2017,2016,2015,2017,2015,2016,2016,2016,2017,2016,2017,2016,2016,2017,2016,2017,2016,2016,2015,2017,2016,2018,2016,2017,2017,2017,2018,2017,2018,2018,2016,2016,2016,NA,NA,NA,NA,NA,NA,NA,NA,NA,NA,NA,NA,NA,NA,NA,NA,NA,NA,NA,NA,NA,NA,NA,NA,NA,NA,NA,NA,NA,NA,NA,NA,NA,NA,NA,NA,NA,NA,NA,NA,NA,NA,NA,NA,NA,NA,NA
Macroinvertebrate DNA barcode,DP1.20126,AOS,2018,2018,2018,2018,2018,2018,2018,2018,2018,2018,2018,2018,2018,2018,2018,2018,2018,2018,2018,2018,2018,2018,2018,2018,2018,2018,2018,2018,2018,2018,2018,2018,2018,2018,NA,NA,NA,NA,NA,NA,NA,NA,NA,NA,NA,NA,NA,NA,NA,NA,NA,NA,NA,NA,NA,NA,NA,NA,NA,NA,NA,NA,NA,NA,NA,NA,NA,NA,NA,NA,NA,NA,NA,NA,NA,NA,NA,NA,NA,NA,NA
Surface water microbe cell count,DP1.20138,AOS,2016,2017,2016,2015,2017,2015,2016,2016,2016,2017,2016,2017,2016,2016,2017,2016,2017,2016,2016,2015,2017,2016,2018,2016,2017,2017,2017,2018,2017,2018,2018,2016,2016,2016,NA,NA,NA,NA,NA,NA,NA,NA,NA,NA,NA,NA,NA,NA,NA,NA,NA,NA,NA,NA,NA,NA,NA,NA,NA,NA,NA,NA,NA,NA,NA,NA,NA,NA,NA,NA,NA,NA,NA,NA,NA,NA,NA,NA,NA,NA,NA
Surface water microbe community composition,DP1.20141,AOS,2016,2017,2016,2015,2017,2015,2016,2016,2016,2017,2016,2017,2016,2016,2017,2016,2017,2016,2016,2015,2017,2016,2018,2016,2017,2017,2017,2018,2017,2018,2018,2016,2016,2016,NA,NA,NA,NA,NA,NA,NA,NA,NA,NA,NA,NA,NA,NA,NA,NA,NA,NA,NA,NA,NA,NA,NA,NA,NA,NA,NA,NA,NA,NA,NA,NA,NA,NA,NA,NA,NA,NA,NA,NA,NA,NA,NA,NA,NA,NA,NA
"Periphyton, seston, and phytoplankton chemical properties",DP1.20163,AOS,2016,2017,2016,2015,2017,2015,2016,2016,2016,2017,2016,2017,2016,2016,2017,2016,2017,2016,2016,2015,2017,2016,2018,2016,2017,2017,2017,2018,2017,2018,2018,2016,2016,2016,NA,NA,NA,NA,NA,NA,NA,NA,NA,NA,NA,NA,NA,NA,NA,NA,NA,NA,NA,NA,NA,NA,NA,NA,NA,NA,NA,NA,NA,NA,NA,NA,NA,NA,NA,NA,NA,NA,NA,NA,NA,NA,NA,NA,NA,NA,NA
"Periphyton, seston, and phytoplankton collection",DP1.20166,AOS,2016,2017,2016,2015,2017,2015,2016,2016,2016,2017,2016,2017,2016,2016,2017,2016,2017,2016,2016,2015,2017,2016,2018,2016,2017,2017,2017,2018,2017,2018,2018,2016,2016,2016,NA,NA,NA,NA,NA,NA,NA,NA,NA,NA,NA,NA,NA,NA,NA,NA,NA,NA,NA,NA,NA,NA,NA,NA,NA,NA,NA,NA,NA,NA,NA,NA,NA,NA,NA,NA,NA,NA,NA,NA,NA,NA,NA,NA,NA,NA,NA
Reaeration field and lab collection,DP1.20190,AOS,2016,2017,2016,NA,NA,NA,2016,2016,NA,NA,2016,2017,2016,2016,NA,2016,NA,NA,NA,2015,2017,2016,2018,2016,2017,2017,2017,2018,2017,2018,2018,2016,NA,2016,NA,NA,NA,NA,NA,NA,NA,NA,NA,NA,NA,NA,NA,NA,NA,NA,NA,NA,NA,NA,NA,NA,NA,NA,NA,NA,NA,NA,NA,NA,NA,NA,NA,NA,NA,NA,NA,NA,NA,NA,NA,NA,NA,NA,NA,NA,NA
Riparian vegetation % Cover,DP1.20191,AOS,2016,2017,2016,NA,NA,NA,2016,2016,NA,NA,2016,2017,2016,2016,NA,2016,NA,NA,NA,2015,2017,2016,2018,2016,2017,2017,2017,2018,2017,2018,2018,2016,NA,2016,NA,NA,NA,NA,NA,NA,NA,NA,NA,NA,NA,NA,NA,NA,NA,NA,NA,NA,NA,NA,NA,NA,NA,NA,NA,NA,NA,NA,NA,NA,NA,NA,NA,NA,NA,NA,NA,NA,NA,NA,NA,NA,NA,NA,NA,NA,NA
Salt-based stream discharge,DP1.20193,AOS,2016,2017,2016,NA,NA,NA,2016,2016,NA,NA,2016,2017,2016,2016,NA,2016,NA,NA,NA,2015,2017,2016,2018,2016,2017,2017,2017,2018,2017,2018,2018,2016,NA,2016,NA,NA,NA,NA,NA,NA,NA,NA,NA,NA,NA,NA,NA,NA,NA,NA,NA,NA,NA,NA,NA,NA,NA,NA,NA,NA,NA,NA,NA,NA,NA,NA,NA,NA,NA,NA,NA,NA,NA,NA,NA,NA,NA,NA,NA,NA,NA
Sediment chemical properties,DP1.20194,AOS,2016,2017,2016,2015,2017,2015,2016,2016,2016,2017,2016,2017,2016,2016,2017,2016,2017,2016,2016,2015,2017,2016,2018,2016,2017,2017,2017,2018,2017,2018,2018,2016,2016,2016,NA,NA,NA,NA,NA,NA,NA,NA,NA,NA,NA,NA,NA,NA,NA,NA,NA,NA,NA,NA,NA,NA,NA,NA,NA,NA,NA,NA,NA,NA,NA,NA,NA,NA,NA,NA,NA,NA,NA,NA,NA,NA,NA,NA,NA,NA,NA
Sediment physical properties,DP1.20197,AOS,2016,2017,2016,2015,2017,2015,2016,2016,2016,2017,2016,2017,2016,2016,2017,2016,2017,2016,2016,2015,2017,2016,2018,2016,2017,2017,2017,2018,2017,2018,2018,2016,2016,2016,NA,NA,NA,NA,NA,NA,NA,NA,NA,NA,NA,NA,NA,NA,NA,NA,NA,NA,NA,NA,NA,NA,NA,NA,NA,NA,NA,NA,NA,NA,NA,NA,NA,NA,NA,NA,NA,NA,NA,NA,NA,NA,NA,NA,NA,NA,NA
Stable isotope concentrations in surface waters,DP1.20206,AOS,2016,2017,2016,2015,2017,2015,2016,2016,2016,2017,2016,2017,2016,2016,2017,2016,2017,2016,2016,2015,2017,2016,2018,2016,2017,2017,2017,2018,2017,2018,2018,2016,2016,2016,NA,NA,NA,NA,NA,NA,NA,NA,NA,NA,NA,NA,NA,NA,NA,NA,NA,NA,NA,NA,NA,NA,NA,NA,NA,NA,NA,NA,NA,NA,NA,NA,NA,NA,NA,NA,NA,NA,NA,NA,NA,NA,NA,NA,NA,NA,NA
Zooplankton collection,DP1.20219,AOS,NA,NA,NA,2015,NA,2015,NA,NA,2016,2017,NA,NA,NA,NA,NA,NA,NA,2016,2016,NA,NA,NA,NA,NA,NA,NA,NA,NA,NA,NA,NA,NA,2016,NA,NA,NA,NA,NA,NA,NA,NA,NA,NA,NA,NA,NA,NA,NA,NA,NA,NA,NA,NA,NA,NA,NA,NA,NA,NA,NA,NA,NA,NA,NA,NA,NA,NA,NA,NA,NA,NA,NA,NA,NA,NA,NA,NA,NA,NA,NA,NA
Zooplankton DNA barcode,DP1.20221,AOS,NA,NA,NA,2018,NA,2018,NA,NA,2018,2018,NA,NA,NA,NA,NA,NA,NA,2018,2018,NA,NA,NA,NA,NA,NA,NA,NA,NA,NA,NA,NA,NA,2018,NA,NA,NA,NA,NA,NA,NA,NA,NA,NA,NA,NA,NA,NA,NA,NA,NA,NA,NA,NA,NA,NA,NA,NA,NA,NA,NA,NA,NA,NA,NA,NA,NA,NA,NA,NA,NA,NA,NA,NA,NA,NA,NA,NA,NA,NA,NA,NA
Secchi depth,DP1.20252,AOS,NA,NA,NA,2015,2017,2015,NA,NA,2016,2017,NA,NA,NA,NA,2017,NA,2017,2016,2016,NA,NA,NA,NA,NA,NA,NA,NA,NA,NA,NA,NA,NA,2016,NA,NA,NA,NA,NA,NA,NA,NA,NA,NA,NA,NA,NA,NA,NA,NA,NA,NA,NA,NA,NA,NA,NA,NA,NA,NA,NA,NA,NA,NA,NA,NA,NA,NA,NA,NA,NA,NA,NA,NA,NA,NA,NA,NA,NA,NA,NA,NA
Depth profile at specific depths,DP1.20254,AOS,NA,NA,NA,2015,2017,2015,NA,NA,2016,2017,NA,NA,NA,NA,2017,NA,2017,2016,2016,NA,NA,NA,NA,NA,NA,NA,NA,NA,NA,NA,NA,NA,2016,NA,NA,NA,NA,NA,NA,NA,NA,NA,NA,NA,NA,NA,NA,NA,NA,NA,NA,NA,NA,NA,NA,NA,NA,NA,NA,NA,NA,NA,NA,NA,NA,NA,NA,NA,NA,NA,NA,NA,NA,NA,NA,NA,NA,NA,NA,NA,NA
Riparian Vegetation Composition,DP1.20275,AOS,2016,2017,2016,2015,2017,2015,2016,2016,2016,2017,2016,2017,2016,2016,2017,2016,2017,2016,2016,2015,2017,2016,2018,2016,2017,2017,2017,2018,2017,2018,2018,2016,2016,2016,NA,NA,NA,NA,NA,NA,NA,NA,NA,NA,NA,NA,NA,NA,NA,NA,NA,NA,NA,NA,NA,NA,NA,NA,NA,NA,NA,NA,NA,NA,NA,NA,NA,NA,NA,NA,NA,NA,NA,NA,NA,NA,NA,NA,NA,NA,NA
Stable isotope concentrations in Groundwater,DP1.20276,AOS,2017,2017,2017,2017,2017,2017,NA,2017,2017,2017,2017,2017,NA,2017,2018,2017,2018,2017,2017,2017,2017,2017,2018,2017,2017,2017,2018,2018,2018,2018,2018,2018,2018,2018,NA,NA,NA,NA,NA,NA,NA,NA,NA,NA,NA,NA,NA,NA,NA,NA,NA,NA,NA,NA,NA,NA,NA,NA,NA,NA,NA,NA,NA,NA,NA,NA,NA,NA,NA,NA,NA,NA,NA,NA,NA,NA,NA,NA,NA,NA,NA
Benthic microbe marker gene sequences,DP1.20280,AOS,2016,2017,2016,NA,NA,NA,2016,2016,NA,NA,2016,2017,2016,2016,NA,2016,NA,NA,NA,2015,2017,2016,2018,2016,2017,2017,2017,2018,2017,2018,2018,2016,NA,2016,NA,NA,NA,NA,NA,NA,NA,NA,NA,NA,NA,NA,NA,NA,NA,NA,NA,NA,NA,NA,NA,NA,NA,NA,NA,NA,NA,NA,NA,NA,NA,NA,NA,NA,NA,NA,NA,NA,NA,NA,NA,NA,NA,NA,NA,NA,NA
Benthic microbe group abundances,DP1.20277,AOS,2016,2017,2016,NA,NA,NA,2016,2016,NA,NA,2016,2017,2016,2016,NA,2016,NA,NA,NA,2015,2017,2016,2018,2016,2017,2017,2017,2018,2017,2018,2018,2016,NA,2016,NA,NA,NA,NA,NA,NA,NA,NA,NA,NA,NA,NA,NA,NA,NA,NA,NA,NA,NA,NA,NA,NA,NA,NA,NA,NA,NA,NA,NA,NA,NA,NA,NA,NA,NA,NA,NA,NA,NA,NA,NA,NA,NA,NA,NA,NA,NA
Benthic microbe metagenome sequences,DP1.20279,AOS,2016,2017,2016,NA,NA,NA,2016,2016,NA,NA,2016,2017,2016,2016,NA,2016,NA,NA,NA,2015,2017,2016,2018,2016,2017,2017,2017,2018,2017,2018,2018,2016,NA,2016,NA,NA,NA,NA,NA,NA,NA,NA,NA,NA,NA,NA,NA,NA,NA,NA,NA,NA,NA,NA,NA,NA,NA,NA,NA,NA,NA,NA,NA,NA,NA,NA,NA,NA,NA,NA,NA,NA,NA,NA,NA,NA,NA,NA,NA,NA,NA
Surface water microbe metagenome sequences,DP1.20281,AOS,2016,2017,2016,2015,2017,2015,2016,2016,2016,2017,2016,2017,2016,2016,2017,2016,2017,2016,2016,2015,2017,2016,2018,2016,2017,2017,2017,2018,2017,2018,2018,2016,2016,2016,NA,NA,NA,NA,NA,NA,NA,NA,NA,NA,NA,NA,NA,NA,NA,NA,NA,NA,NA,NA,NA,NA,NA,NA,NA,NA,NA,NA,NA,NA,NA,NA,NA,NA,NA,NA,NA,NA,NA,NA,NA,NA,NA,NA,NA,NA,NA
Bathymetric and Morphological maps,DP4.00132,AOS,NA,NA,NA,2015,2016,2015,NA,NA,2015,2016,NA,NA,NA,NA,2016,NA,2016,2015,2015,NA,NA,NA,NA,NA,NA,NA,NA,NA,NA,NA,NA,NA,2016,NA,NA,NA,NA,NA,NA,NA,NA,NA,NA,NA,NA,NA,NA,NA,NA,NA,NA,NA,NA,NA,NA,NA,NA,NA,NA,NA,NA,NA,NA,NA,NA,NA,NA,NA,NA,NA,NA,NA,NA,NA,NA,NA,NA,NA,NA,NA,NA
Stream morphology map,DP4.00131,AOS,2017,2019,2017,NA,NA,NA,2017,2017,NA,NA,2017,2019,2019,2017,NA,2017,NA,NA,NA,2016,2019,2017,2018,2017,2018,2018,2017,2018,2019,2019,2020,2018,NA,2017,NA,NA,NA,NA,NA,NA,NA,NA,NA,NA,NA,NA,NA,NA,NA,NA,NA,NA,NA,NA,NA,NA,NA,NA,NA,NA,NA,NA,NA,NA,NA,NA,NA,NA,NA,NA,NA,NA,NA,NA,NA,NA,NA,NA,NA,NA,NA
Aquatic stream gauge photos,DP1.20002,AIS,2017,2017,2016,2017,2018,2017,2018,2018,2017,2017,2016,2017,2017,2016,2018,2016,2018,2017,2017,2015,2018,2017,2018,2017,2017,2017,2018,2018,2017,2018,2018,2017,2017,2017,NA,NA,NA,NA,NA,NA,NA,NA,NA,NA,NA,NA,NA,NA,NA,NA,NA,NA,NA,NA,NA,NA,NA,NA,NA,NA,NA,NA,NA,NA,NA,NA,NA,NA,NA,NA,NA,NA,NA,NA,NA,NA,NA,NA,NA,NA,NA
Barometric pressure at lakes on-buoy,DP1.20004,AIS,NA,NA,NA,2017,2018,2017,NA,NA,2017,2017,NA,NA,NA,NA,2018,NA,2018,2017,2017,NA,NA,NA,NA,NA,NA,NA,NA,NA,NA,NA,NA,NA,2017,NA,NA,NA,NA,NA,NA,NA,NA,NA,NA,NA,NA,NA,NA,NA,NA,NA,NA,NA,NA,NA,NA,NA,NA,NA,NA,NA,NA,NA,NA,NA,NA,NA,NA,NA,NA,NA,NA,NA,NA,NA,NA,NA,NA,NA,NA,NA,NA
Specific Conductivity in groundwater,DP1.20015,AIS,2017,2017,2016,2017,2018,2017,2018,2018,2017,2017,2016,2017,2017,2016,2018,2016,2018,2017,2017,2015,2018,2017,2018,2017,2017,2017,2018,2018,2017,2018,2018,2017,2017,2017,NA,NA,NA,NA,NA,NA,NA,NA,NA,NA,NA,NA,NA,NA,NA,NA,NA,NA,NA,NA,NA,NA,NA,NA,NA,NA,NA,NA,NA,NA,NA,NA,NA,NA,NA,NA,NA,NA,NA,NA,NA,NA,NA,NA,NA,NA,NA
Elevation of surface water,DP1.20016,AIS,2017,2017,2016,2017,2018,2017,2018,2018,2017,2017,2016,2017,2017,2016,2018,2016,2018,2017,2017,2015,2018,2017,2018,2017,2017,2017,2018,2018,2017,2018,2018,2017,2017,2017,NA,NA,NA,NA,NA,NA,NA,NA,NA,NA,NA,NA,NA,NA,NA,NA,NA,NA,NA,NA,NA,NA,NA,NA,NA,NA,NA,NA,NA,NA,NA,NA,NA,NA,NA,NA,NA,NA,NA,NA,NA,NA,NA,NA,NA,NA,NA
Temperature of groundwater,DP1.20217,AIS,2017,2017,2016,2017,2018,2017,2018,2018,2017,2017,2016,2017,2017,2016,2018,2016,2018,2017,2017,2015,2018,2017,2018,2017,2017,2017,2018,2018,2017,2018,2018,2017,2017,2017,NA,NA,NA,NA,NA,NA,NA,NA,NA,NA,NA,NA,NA,NA,NA,NA,NA,NA,NA,NA,NA,NA,NA,NA,NA,NA,NA,NA,NA,NA,NA,NA,NA,NA,NA,NA,NA,NA,NA,NA,NA,NA,NA,NA,NA,NA,NA
Shortwave/longwave radiation on lakes (Net radiometer),DP1.20032,AIS,NA,NA,NA,2017,2018,2017,NA,NA,2017,2017,NA,NA,NA,NA,2018,NA,2018,2017,2017,NA,NA,NA,NA,NA,NA,NA,NA,NA,NA,NA,NA,NA,2017,NA,NA,NA,NA,NA,NA,NA,NA,NA,NA,NA,NA,NA,NA,NA,NA,NA,NA,NA,NA,NA,NA,NA,NA,NA,NA,NA,NA,NA,NA,NA,NA,NA,NA,NA,NA,NA,NA,NA,NA,NA,NA,NA,NA,NA,NA,NA,NA
Nitrate in surface water,DP1.20033,AIS,2017,2017,2016,2017,2018,2017,2018,2018,2017,2017,2016,2017,2017,2016,2018,2016,2018,2017,2017,2015,2018,2017,2018,2017,2017,2017,2018,2018,2017,2018,2018,2017,2017,2017,NA,NA,NA,NA,NA,NA,NA,NA,NA,NA,NA,NA,NA,NA,NA,NA,NA,NA,NA,NA,NA,NA,NA,NA,NA,NA,NA,NA,NA,NA,NA,NA,NA,NA,NA,NA,NA,NA,NA,NA,NA,NA,NA,NA,NA,NA,NA
Photosynthetically active radiation at water surface,DP1.20042,AIS,2017,2017,2016,2017,2018,2017,2018,2018,2017,2017,2016,2017,2017,2016,2018,2016,2018,2017,2017,2015,2018,2017,2018,2017,2017,2017,2018,2018,2017,2018,2018,2017,2017,2017,NA,NA,NA,NA,NA,NA,NA,NA,NA,NA,NA,NA,NA,NA,NA,NA,NA,NA,NA,NA,NA,NA,NA,NA,NA,NA,NA,NA,NA,NA,NA,NA,NA,NA,NA,NA,NA,NA,NA,NA,NA,NA,NA,NA,NA,NA,NA
Air temperature of lakes on-buoy,DP1.20046,AIS,NA,NA,NA,2017,2018,2017,NA,NA,2017,2017,NA,NA,NA,NA,2018,NA,2018,2017,2017,NA,NA,NA,NA,NA,NA,NA,NA,NA,NA,NA,NA,NA,2017,NA,NA,NA,NA,NA,NA,NA,NA,NA,NA,NA,NA,NA,NA,NA,NA,NA,NA,NA,NA,NA,NA,NA,NA,NA,NA,NA,NA,NA,NA,NA,NA,NA,NA,NA,NA,NA,NA,NA,NA,NA,NA,NA,NA,NA,NA,NA,NA
Temperature (PRT) in surface water,DP1.20053,AIS,2017,2017,2016,2017,2018,2017,2018,2018,2017,2017,2016,2017,2017,2016,2018,2016,2018,2017,2017,2015,2018,2017,2018,2017,2017,2017,2018,2018,2017,2018,2018,2017,2017,2017,NA,NA,NA,NA,NA,NA,NA,NA,NA,NA,NA,NA,NA,NA,NA,NA,NA,NA,NA,NA,NA,NA,NA,NA,NA,NA,NA,NA,NA,NA,NA,NA,NA,NA,NA,NA,NA,NA,NA,NA,NA,NA,NA,NA,NA,NA,NA
Water quality,DP1.20288,AIS,2017,2017,2016,2017,2018,2017,2018,2018,2017,2017,2016,2017,2017,2016,2018,2016,2018,2017,2017,2015,2018,2017,2018,2017,2017,2017,2018,2018,2017,2018,2018,2017,2017,2017,NA,NA,NA,NA,NA,NA,NA,NA,NA,NA,NA,NA,NA,NA,NA,NA,NA,NA,NA,NA,NA,NA,NA,NA,NA,NA,NA,NA,NA,NA,NA,NA,NA,NA,NA,NA,NA,NA,NA,NA,NA,NA,NA,NA,NA,NA,NA
Windspeed and direction on lakes on-buoy,DP1.20059,AIS,NA,NA,NA,2017,2018,2017,NA,NA,2017,2017,NA,NA,NA,NA,2018,NA,2018,2017,2017,NA,NA,NA,NA,NA,NA,NA,NA,NA,NA,NA,NA,NA,2017,NA,NA,NA,NA,NA,NA,NA,NA,NA,NA,NA,NA,NA,NA,NA,NA,NA,NA,NA,NA,NA,NA,NA,NA,NA,NA,NA,NA,NA,NA,NA,NA,NA,NA,NA,NA,NA,NA,NA,NA,NA,NA,NA,NA,NA,NA,NA,NA
Elevation of groundwater,DP1.20100,AIS,2017,2017,2016,2017,2018,2017,2018,2018,2017,2017,2016,2017,2017,2016,2018,2016,2018,2017,2017,2015,2018,2017,2018,2017,2017,2017,2018,2018,2017,2018,2018,2017,2017,2017,NA,NA,NA,NA,NA,NA,NA,NA,NA,NA,NA,NA,NA,NA,NA,NA,NA,NA,NA,NA,NA,NA,NA,NA,NA,NA,NA,NA,NA,NA,NA,NA,NA,NA,NA,NA,NA,NA,NA,NA,NA,NA,NA,NA,NA,NA,NA
Photosynthetically active radiation below water surface,DP1.20261,AIS,2017,2017,2016,2017,2018,2017,2018,2018,2017,2017,2016,2017,2017,2016,2018,2016,2018,2017,2017,2015,2018,2017,2018,2017,2017,2017,2018,2018,2017,2018,2018,2017,2017,2017,NA,NA,NA,NA,NA,NA,NA,NA,NA,NA,NA,NA,NA,NA,NA,NA,NA,NA,NA,NA,NA,NA,NA,NA,NA,NA,NA,NA,NA,NA,NA,NA,NA,NA,NA,NA,NA,NA,NA,NA,NA,NA,NA,NA,NA,NA,NA
Temperature at specific depth in lakes,DP1.20264,AIS,NA,NA,NA,2017,2018,2017,NA,NA,2017,2017,NA,NA,NA,NA,2018,NA,2018,2017,2017,NA,NA,NA,NA,NA,NA,NA,NA,NA,NA,NA,NA,NA,2017,NA,NA,NA,NA,NA,NA,NA,NA,NA,NA,NA,NA,NA,NA,NA,NA,NA,NA,NA,NA,NA,NA,NA,NA,NA,NA,NA,NA,NA,NA,NA,NA,NA,NA,NA,NA,NA,NA,NA,NA,NA,NA,NA,NA,NA,NA,NA,NA
Gauge Height,DP1.20267,AIS,2017,2017,2016,2017,2018,2017,2018,2018,2017,2017,2016,2017,2017,2016,2018,2016,2018,2017,2017,2015,2018,2017,2018,2017,2017,2017,2018,2018,2017,2018,2018,2017,2017,2017,NA,NA,NA,NA,NA,NA,NA,NA,NA,NA,NA,NA,NA,NA,NA,NA,NA,NA,NA,NA,NA,NA,NA,NA,NA,NA,NA,NA,NA,NA,NA,NA,NA,NA,NA,NA,NA,NA,NA,NA,NA,NA,NA,NA,NA,NA,NA
Relative Humidity of the air above lakes on buoy,DP1.20271,AIS,NA,NA,NA,2017,2018,2017,NA,NA,2017,2017,NA,NA,NA,NA,2018,NA,2018,2017,2017,NA,NA,NA,NA,NA,NA,NA,NA,NA,NA,NA,NA,NA,2017,NA,NA,NA,NA,NA,NA,NA,NA,NA,NA,NA,NA,NA,NA,NA,NA,NA,NA,NA,NA,NA,NA,NA,NA,NA,NA,NA,NA,NA,NA,NA,NA,NA,NA,NA,NA,NA,NA,NA,NA,NA,NA,NA,NA,NA,NA,NA,NA
Stream discharge rating curve,DP4.00133,AIS,2017,2017,2016,NA,2018,NA,2018,2018,NA,NA,2016,2017,2017,2016,2018,2016,2018,NA,NA,2015,2018,2017,2018,2017,2017,2017,2018,2018,2017,2018,2018,2017,NA,2017,NA,NA,NA,NA,NA,NA,NA,NA,NA,NA,NA,NA,NA,NA,NA,NA,NA,NA,NA,NA,NA,NA,NA,NA,NA,NA,NA,NA,NA,NA,NA,NA,NA,NA,NA,NA,NA,NA,NA,NA,NA,NA,NA,NA,NA,NA,NA
Stream discharge - Streams,DP4.00130,AIS,2017,2017,2016,NA,2018,NA,2018,2018,NA,NA,2016,2017,2017,2016,2018,2016,2018,NA,NA,2015,2018,2017,2018,2017,2017,2017,2018,2018,2017,2018,2018,2017,NA,2017,NA,NA,NA,NA,NA,NA,NA,NA,NA,NA,NA,NA,NA,NA,NA,NA,NA,NA,NA,NA,NA,NA,NA,NA,NA,NA,NA,NA,NA,NA,NA,NA,NA,NA,NA,NA,NA,NA,NA,NA,NA,NA,NA,NA,NA,NA,NA
2D Wind Speed and Direction,DP1.00001,TIS,2017,2017,2016,2017,2018,2017,2018,2018,2017,2017,2016,2017,2017,2016,NA,2016,NA,2017,2017,2015,2018,2017,2018,2017,2017,2017,2018,2018,2017,2018,2018,2017,2017,2017,2014,2014,2014,2014,2015,2014,2014,2014,2018,2015,2017,2017,2014,2015,2015,2015,2017,2015,2015,2014,2015,2015,2017,2017,2015,2014,2014,2013,2017,2014,2018,2015,2017,2014,2017,2015,2016,2018,2018,2017,2018,2017,2017,2017,2017,2016,2018
Single Aspirated Air Temperature,DP1.00002,TIS,2017,2017,2016,2017,2018,2017,2018,2018,2017,2017,2016,2017,2017,2016,NA,2016,NA,2017,2017,2015,2018,2017,2018,2017,2017,2017,2018,2018,2017,2018,2018,2017,2017,2017,2014,2014,2014,2014,2015,2014,2014,2014,2018,2015,2017,2017,2014,2015,2015,2015,2017,2015,2015,2014,2015,2015,2017,2017,2015,2014,2014,2013,2017,2014,2018,2015,2017,2014,2017,2015,2016,2018,2018,2017,2018,2017,2017,2017,2017,2016,2018
Triple Aspirated Air Temperature,DP1.00003,TIS,NA,NA,NA,NA,NA,NA,NA,NA,NA,NA,NA,NA,NA,NA,NA,NA,NA,NA,NA,NA,NA,NA,NA,NA,NA,NA,NA,NA,NA,NA,NA,NA,NA,NA,2014,2014,2014,2014,2015,2014,2014,2014,2018,2015,2017,2017,2014,2015,2015,2015,2017,2015,2015,2014,2015,2015,2017,2017,2015,2014,2014,2013,2017,2014,2018,2015,2017,2014,2017,2015,2016,2018,2018,2017,2018,2017,2017,2017,2017,2016,2018
Barometric Pressure,DP1.00004,TIS,2017,2017,2016,2017,2018,2017,2018,2018,2017,2017,2016,2017,2017,2016,NA,2016,NA,2017,2017,2015,2018,2017,2018,2017,2017,2017,2018,2018,2017,2018,2018,2017,2017,2017,2014,2014,2014,2014,2015,2014,2014,2014,2018,2015,2017,2017,2014,2015,2015,2015,2017,2015,2015,2014,2015,2015,2017,2017,2015,2014,2014,2013,2017,2014,2018,2015,2017,2014,2017,2015,2016,2018,2018,2017,2018,2017,2017,2017,2017,2016,2018
IR Biological Temperature,DP1.00005,TIS,NA,NA,NA,NA,NA,NA,NA,NA,NA,NA,NA,NA,NA,NA,NA,NA,NA,NA,NA,NA,NA,NA,NA,NA,NA,NA,NA,NA,NA,NA,NA,NA,NA,NA,2014,2014,2014,2014,2015,2014,2014,2014,2018,2015,2017,2017,2014,2015,2015,2015,2017,2015,2015,2014,2015,2015,2017,2017,2015,2014,2014,2013,2017,2014,2018,2015,2017,2014,2017,2015,2016,2018,2018,2017,2018,2017,2017,2017,2017,2016,2018
Precipitation/Secondary,DP1.00006,TIS,NA,NA,NA,NA,NA,NA,2018,2018,NA,NA,NA,2017,NA,NA,NA,NA,NA,NA,NA,NA,NA,NA,NA,NA,2017,2017,NA,NA,NA,2018,NA,NA,2017,NA,2014,2014,2014,2014,2015,2014,2014,2014,2018,2015,2017,2017,2014,2015,2015,2015,2017,2015,2015,2014,2015,2015,2017,2017,2015,2014,2014,2013,2017,2014,2018,2015,2017,2014,2017,2015,2016,2018,2018,2017,2018,2017,2017,2017,2017,2016,2018
Precipitation/Throughfall,DP1.00006,TIS,NA,NA,NA,NA,NA,NA,NA,NA,NA,NA,NA,NA,NA,NA,NA,NA,NA,NA,NA,NA,NA,NA,NA,NA,NA,NA,NA,NA,NA,NA,NA,NA,NA,NA,2014,2014,2014,2014,2015,2014,2014,2014,2018,2015,2017,2017,2014,2015,2015,2015,2017,2015,2015,2014,2015,2015,2017,2017,2015,2014,2014,2013,2017,2014,2018,2015,2017,2014,2017,2015,2016,2018,2018,2017,2018,2017,2017,2017,2017,2016,2018
Shortwave Radiation (Direct and Diffuse Pyranometer),DP1.00014,TIS,NA,NA,NA,NA,NA,NA,NA,NA,NA,NA,NA,NA,NA,NA,NA,NA,NA,NA,NA,NA,NA,NA,NA,NA,NA,NA,NA,NA,NA,NA,NA,NA,NA,NA,2014,2014,2014,2014,2015,2014,2014,2014,2018,2015,2017,2017,2014,2015,2015,2015,2017,2015,2015,2014,2015,2015,2017,2017,2015,2014,2014,2013,2017,2014,2018,2015,2017,2014,2017,2015,2016,2018,2018,2017,2018,2017,2017,2017,2017,2016,2018
Shortwave and Longwave Radiation (Net radiometer),DP1.00023,TIS,2017,2017,2016,2017,2018,2017,2018,2018,2017,2017,2016,2017,2017,2016,NA,2016,NA,2017,2017,2015,2018,2017,2018,2017,2017,2017,2018,2018,2017,2018,2018,2017,2017,2017,2014,2014,2014,2014,2015,2014,2014,2014,2018,2015,2017,2017,2014,2015,2015,2015,2017,2015,2015,2014,2015,2015,2017,2017,2015,2014,2014,2013,2017,2014,2018,2015,2017,2014,2017,2015,2016,2018,2018,2017,2018,2017,2017,2017,2017,2016,2018
Photosynthetically Active Radiation (PAR),DP1.00024,TIS,2017,2017,2016,2017,2018,2017,2018,2018,2017,2017,2016,2017,2017,2016,NA,2016,NA,2017,2017,2015,2018,2017,2018,2017,2017,2017,2018,2018,2017,2018,2018,2017,2017,2017,2014,2014,2014,2014,2015,2014,2014,2014,2018,2015,2017,2017,2014,2015,2015,2015,2017,2015,2015,2014,2015,2015,2017,2017,2015,2014,2014,2013,2017,2014,2018,2015,2017,2014,2017,2015,2016,2018,2018,2017,2018,2017,2017,2017,2017,2016,2018
Spectral Sun Photometer - Calibrated Sky Radiances,DP1.00043,TIS,NA,NA,NA,NA,NA,NA,NA,NA,NA,NA,NA,NA,NA,NA,NA,NA,NA,NA,NA,NA,NA,NA,NA,NA,NA,NA,NA,NA,NA,NA,NA,NA,NA,NA,2014,2014,2014,2014,2015,2014,2014,2014,2018,2015,2017,2017,2014,2015,2015,2015,2017,2015,2015,2014,2015,2015,2017,2017,2015,2014,2014,2013,2017,2014,2018,2015,2017,2014,2017,2015,2016,2018,2018,2017,2018,2017,2017,2017,2017,2016,2018
Photosynthetically active radiation (Quantum Line),DP1.00066,TIS,NA,NA,NA,NA,NA,NA,NA,NA,NA,NA,NA,NA,NA,NA,NA,NA,NA,NA,NA,NA,NA,NA,NA,NA,NA,NA,NA,NA,NA,NA,NA,NA,NA,NA,2014,2014,2014,2014,2015,2014,2014,2014,2018,2015,2017,2017,2014,2015,2015,2015,2017,2015,2015,2014,2015,2015,2017,2017,2015,2014,2014,2013,2017,2014,2018,2015,2017,2014,2017,2015,2016,2018,2018,2017,2018,2017,2017,2017,2017,2016,2018
Soil physical properties (Megapit),DP1.00096,TIS,NA,NA,NA,NA,NA,NA,NA,NA,NA,NA,NA,NA,NA,NA,NA,NA,NA,NA,NA,NA,NA,NA,NA,NA,NA,NA,NA,NA,NA,NA,NA,NA,NA,NA,2013,2012,2013,2013,2014,2013,2012,2012,2015,2014,2015,2015,2013,2014,2014,2014,2015,2013,2013,2013,2015,2014,2012,2013,2012,2012,2013,2013,2016,2013,2018,2014,2014,2013,2013,2014,2015,2017,2016,2016,2016,2016,2016,2017,2015,2015,2018
Soil chemical properties (Megapit),DP1.00097,TIS,NA,NA,NA,NA,NA,NA,NA,NA,NA,NA,NA,NA,NA,NA,NA,NA,NA,NA,NA,NA,NA,NA,NA,NA,NA,NA,NA,NA,NA,NA,NA,NA,NA,NA,2013,2012,2013,2013,2014,2013,2012,2012,2015,2014,2015,2015,2013,2014,2014,2014,2015,2013,2013,2013,2015,2014,2012,2013,2012,2012,2013,2013,2016,2013,2018,2014,2014,2013,2013,2014,2015,2017,2016,2016,2016,2016,2016,2017,2015,2015,2018
Relative Humidity,DP1.00098,TIS,2017,2017,2016,2017,2018,2017,2018,2018,2017,2017,2016,2017,2017,2016,NA,2016,NA,2017,2017,2015,2018,2017,2018,2017,2017,2017,2018,2018,2017,2018,2018,2017,2017,2017,2014,2014,2014,2014,2015,2014,2014,2014,2018,2015,2017,2017,2014,2015,2015,2015,2017,2015,2015,2014,2015,2015,2017,2017,2015,2014,2014,2013,2017,2014,2018,2015,2017,2014,2017,2015,2016,2018,2018,2017,2018,2017,2017,2017,2017,2016,2018
Sensible heat flux,DP4.00002,TIS,NA,NA,NA,NA,NA,NA,NA,NA,NA,NA,NA,NA,NA,NA,NA,NA,NA,NA,NA,NA,NA,NA,NA,NA,NA,NA,NA,NA,NA,NA,NA,NA,NA,NA,2016,2017,2016,2016,2016,2017,2017,2016,2018,2018,2017,2017,2017,2017,2017,2017,2017,2017,2016,2016,2017,2017,2017,2017,2017,2016,2017,2017,2017,2017,2018,2017,2017,2017,2017,2017,2017,2018,2018,2017,2018,2017,2017,2017,2017,2017,2018
Latent heat flux,DP4.00137,TIS,NA,NA,NA,NA,NA,NA,NA,NA,NA,NA,NA,NA,NA,NA,NA,NA,NA,NA,NA,NA,NA,NA,NA,NA,NA,NA,NA,NA,NA,NA,NA,NA,NA,NA,2016,2017,2016,2016,2016,2017,2017,2016,2018,2018,2017,2017,2017,2017,2017,2017,2017,2017,2016,2016,2017,2017,2017,2017,2017,2016,2017,2017,2017,2017,2018,2017,2017,2017,2017,2017,2017,2018,2018,2017,2018,2017,2017,2017,2017,2017,2018
Momentum flux,DP4.00007,TIS,NA,NA,NA,NA,NA,NA,NA,NA,NA,NA,NA,NA,NA,NA,NA,NA,NA,NA,NA,NA,NA,NA,NA,NA,NA,NA,NA,NA,NA,NA,NA,NA,NA,NA,2016,2017,2016,2016,2016,2017,2017,2016,2018,2018,2017,2017,2017,2017,2017,2017,2017,2017,2016,2016,2017,2017,2017,2017,2017,2016,2017,2017,2017,2017,2018,2017,2017,2017,2017,2017,2017,2018,2018,2017,2018,2017,2017,2017,2017,2017,2018
Temporally Interpolated H2O Concentration,DP2.00009,TIS,NA,NA,NA,NA,NA,NA,NA,NA,NA,NA,NA,NA,NA,NA,NA,NA,NA,NA,NA,NA,NA,NA,NA,NA,NA,NA,NA,NA,NA,NA,NA,NA,NA,NA,2016,2017,2016,2016,2016,2017,2017,2016,2018,2018,2017,2017,2017,2017,2017,2017,2017,2017,2016,2016,2017,2017,2017,2017,2017,2016,2017,2017,2017,2017,2018,2017,2017,2017,2017,2017,2017,2018,2018,2017,2018,2017,2017,2017,2017,2017,2018
Temporally Interpolated PAR-Line,DP2.00016,TIS,NA,NA,NA,NA,NA,NA,NA,NA,NA,NA,NA,NA,NA,NA,NA,NA,NA,NA,NA,NA,NA,NA,NA,NA,NA,NA,NA,NA,NA,NA,NA,NA,NA,NA,2014,2014,2014,2014,2015,2014,2014,2014,2018,2015,2017,2017,2014,2015,2015,2015,2017,2015,2015,2014,2015,2015,2017,2017,2015,2014,2014,2013,2017,2014,2018,2015,2017,2014,2017,2015,2016,2018,2018,2017,2018,2017,2017,2017,2017,2016,2018
Temporally Interpolated Shortwave and Longwave Radiation (Net radiometer),DP2.00020,TIS,NA,NA,NA,NA,NA,NA,NA,NA,NA,NA,NA,NA,NA,NA,NA,NA,NA,NA,NA,NA,NA,NA,NA,NA,NA,NA,NA,NA,NA,NA,NA,NA,NA,NA,2014,2014,2014,2014,2015,2014,2014,2014,2018,2015,2017,2017,2014,2015,2015,2015,2017,2015,2015,2014,2015,2015,2017,2017,2015,2014,2014,2013,2017,2014,2018,2015,2017,2014,2017,2015,2016,2018,2018,2017,2018,2017,2017,2017,2017,2016,2018
Temporally Interpolated Triple Aspirated Tower Temperature,DP2.00023,TIS,NA,NA,NA,NA,NA,NA,NA,NA,NA,NA,NA,NA,NA,NA,NA,NA,NA,NA,NA,NA,NA,NA,NA,NA,NA,NA,NA,NA,NA,NA,NA,NA,NA,NA,2014,2014,2014,2014,2015,2014,2014,2014,2018,2015,2017,2017,2014,2015,2015,2015,2017,2015,2015,2014,2015,2015,2017,2017,2015,2014,2014,2013,2017,2014,2018,2015,2017,2014,2017,2015,2016,2018,2018,2017,2018,2017,2017,2017,2017,2016,2018
Tower Temperature Profile,DP3.00008,TIS,NA,NA,NA,NA,NA,NA,NA,NA,NA,NA,NA,NA,NA,NA,NA,NA,NA,NA,NA,NA,NA,NA,NA,NA,NA,NA,NA,NA,NA,NA,NA,NA,NA,NA,2014,2014,2014,2014,2015,2014,2014,2014,2018,2015,2017,2017,2014,2015,2015,2015,2017,2015,2015,2014,2015,2015,2017,2017,2015,2014,2014,2013,2017,2014,2018,2015,2017,2014,2017,2015,2016,2018,2018,2017,2018,2017,2017,2017,2017,2016,2018
CO2 Concentration Profile,DP3.00009,TIS,NA,NA,NA,NA,NA,NA,NA,NA,NA,NA,NA,NA,NA,NA,NA,NA,NA,NA,NA,NA,NA,NA,NA,NA,NA,NA,NA,NA,NA,NA,NA,NA,NA,NA,2016,2017,2016,2016,2016,2017,2017,2016,2018,2018,2017,2017,2017,2017,2017,2017,2017,2017,2016,2016,2017,2017,2017,2017,2017,2016,2017,2017,2017,2017,2018,2017,2017,2017,2017,2017,2017,2018,2018,2017,2018,2017,2017,2017,2017,2017,2018
H2O Concentration Profile,DP3.00010,TIS,NA,NA,NA,NA,NA,NA,NA,NA,NA,NA,NA,NA,NA,NA,NA,NA,NA,NA,NA,NA,NA,NA,NA,NA,NA,NA,NA,NA,NA,NA,NA,NA,NA,NA,2016,2017,2016,2016,2016,2017,2017,2016,2018,2018,2017,2017,2017,2017,2017,2017,2017,2017,2016,2016,2017,2017,2017,2017,2017,2016,2017,2017,2017,2017,2018,2017,2017,2017,2017,2017,2017,2018,2018,2017,2018,2017,2017,2017,2017,2017,2018
Ecosystem exchange; Tower - NEE,DP4.00067,TIS,NA,NA,NA,NA,NA,NA,NA,NA,NA,NA,NA,NA,NA,NA,NA,NA,NA,NA,NA,NA,NA,NA,NA,NA,NA,NA,NA,NA,NA,NA,NA,NA,NA,NA,2016,2017,2016,2016,2016,2017,2017,2016,2018,2018,2017,2017,2017,2017,2017,2017,2017,2017,2016,2016,2017,2017,2017,2017,2017,2016,2017,2017,2017,2017,2018,2017,2017,2017,2017,2017,2017,2018,2018,2017,2018,2017,2017,2017,2017,2017,2018
"3D Wind Speed, Direction and Sonic Temperature",DP1.00007,TIS,NA,NA,NA,NA,NA,NA,NA,NA,NA,NA,NA,NA,NA,NA,NA,NA,NA,NA,NA,NA,NA,NA,NA,NA,NA,NA,NA,NA,NA,NA,NA,NA,NA,NA,2016,2017,2016,2016,2016,2017,2017,2016,2018,2018,2017,2017,2017,2017,2017,2017,2017,2017,2016,2016,2017,2017,2017,2017,2017,2016,2017,2017,2017,2017,2018,2017,2017,2017,2017,2017,2017,2018,2018,2017,2018,2017,2017,2017,2017,2017,2018
3D Wind Attitude and Motion Reference,DP1.00010,TIS,NA,NA,NA,NA,NA,NA,NA,NA,NA,NA,NA,NA,NA,NA,NA,NA,NA,NA,NA,NA,NA,NA,NA,NA,NA,NA,NA,NA,NA,NA,NA,NA,NA,NA,2016,2017,2016,2016,2016,2017,2017,2016,2018,2018,2017,2017,2017,2017,2017,2017,2017,2017,2016,2016,2017,2017,2017,2017,2017,2016,2017,2017,2017,2017,2018,2017,2017,2017,2017,2017,2017,2018,2018,2017,2018,2017,2017,2017,2017,2017,2018
Wet deposition chemical analysis,DP1.00013,TIS,NA,NA,NA,NA,NA,NA,2019,2019,NA,NA,NA,NA,NA,NA,NA,NA,NA,NA,NA,2018,2018,2019,NA,NA,NA,2018,2018,NA,NA,NA,NA,NA,NA,NA,2018,2018,2018,2019,2018,2019,2018,2017,2019,2019,2018,2019,2018,2019,2018,2018,2019,2019,2019,2019,2019,2019,2019,2018,2018,2018,2018,2018,2018,2018,2019,2018,2018,2019,2018,2018,2019,2018,2018,2019,2019,2019,2019,2019,2019,2019,2019
Phenology images,DP1.00033,TIS,NA,NA,NA,NA,NA,NA,NA,NA,NA,NA,NA,NA,NA,NA,NA,NA,NA,NA,NA,NA,NA,NA,NA,NA,NA,NA,NA,NA,NA,NA,NA,NA,NA,NA,2016,2017,2016,2016,2016,2017,2017,2016,2018,2018,2017,2017,2017,2017,2017,2017,2017,2017,2016,2016,2017,2017,2017,2017,2017,2016,2017,2017,2017,2017,2018,2017,2017,2017,2017,2017,2017,2018,2018,2017,2018,2017,2017,2017,2017,2017,2018
CO2 Concentration - Turbulent,DP1.00034,TIS,NA,NA,NA,NA,NA,NA,NA,NA,NA,NA,NA,NA,NA,NA,NA,NA,NA,NA,NA,NA,NA,NA,NA,NA,NA,NA,NA,NA,NA,NA,NA,NA,NA,NA,2016,2017,2016,2016,2016,2017,2017,2016,2018,2018,2017,2017,2017,2017,2017,2017,2017,2017,2016,2016,2017,2017,2017,2017,2017,2016,2017,2017,2017,2017,2018,2017,2017,2017,2017,2017,2017,2018,2018,2017,2018,2017,2017,2017,2017,2017,2018
H2O Concentration - Turbulent,DP1.00035,TIS,NA,NA,NA,NA,NA,NA,NA,NA,NA,NA,NA,NA,NA,NA,NA,NA,NA,NA,NA,NA,NA,NA,NA,NA,NA,NA,NA,NA,NA,NA,NA,NA,NA,NA,2016,2017,2016,2016,2016,2017,2017,2016,2018,2018,2017,2017,2017,2017,2017,2017,2017,2017,2016,2016,2017,2017,2017,2017,2017,2016,2017,2017,2017,2017,2018,2017,2017,2017,2017,2017,2017,2018,2018,2017,2018,2017,2017,2017,2017,2017,2018
Atmospheric CO2 Isotope,DP1.00036,TIS,NA,NA,NA,NA,NA,NA,NA,NA,NA,NA,NA,NA,NA,NA,NA,NA,NA,NA,NA,NA,NA,NA,NA,NA,NA,NA,NA,NA,NA,NA,NA,NA,NA,NA,2016,2017,2016,2016,2016,2017,2017,2016,2018,2018,2017,2017,2017,2017,2017,2017,2017,2017,2016,2016,2017,2017,2017,2017,2017,2016,2017,2017,2017,2017,2018,2017,2017,2017,2017,2017,2017,2018,2018,2017,2018,2017,2017,2017,2017,2017,2018
Stable isotope concentrations in precipitation,DP1.00038,TIS,NA,NA,NA,NA,NA,NA,2019,2019,NA,NA,NA,NA,NA,NA,NA,NA,NA,NA,NA,2018,2018,2019,NA,NA,NA,2018,2018,NA,NA,NA,NA,NA,NA,NA,2018,2018,2018,2019,2018,2019,2018,2017,2019,2019,2018,2019,2018,2019,2018,2018,2019,2019,2019,2019,2019,2019,2019,2018,2018,2018,2018,2018,2018,2018,2019,2018,2018,2019,2018,2018,2019,2018,2018,2019,2019,2019,2019,2019,2019,2019,2019
Soil heat flux plate,DP1.00040,TIS,NA,NA,NA,NA,NA,NA,NA,NA,NA,NA,NA,NA,NA,NA,NA,NA,NA,NA,NA,NA,NA,NA,NA,NA,NA,NA,NA,NA,NA,NA,NA,NA,NA,NA,2016,2017,2016,2016,2016,2017,2017,2016,2018,2018,2017,2017,2017,2017,2017,2017,2017,2017,2016,2016,2017,2017,2017,2017,2017,2016,2017,2017,2017,2017,2018,2017,2017,2017,2017,2017,2017,2018,2018,2017,2018,2017,2017,2017,2017,2017,2018
Soil temperature,DP1.00041,TIS,NA,NA,NA,NA,NA,NA,NA,NA,NA,NA,NA,NA,NA,NA,NA,NA,NA,NA,NA,NA,NA,NA,NA,NA,NA,NA,NA,NA,NA,NA,NA,NA,NA,NA,2016,2017,2016,2016,2016,2017,2017,2016,2018,2018,2017,2017,2017,2017,2017,2017,2017,2017,2016,2016,2017,2017,2017,2017,2017,2016,2017,2017,2017,2017,2018,2017,2017,2017,2017,2017,2017,2018,2018,2017,2018,2017,2017,2017,2017,2017,2018
Snow depth and understory phenology images,DP1.00042,TIS,NA,NA,NA,NA,NA,NA,NA,NA,NA,NA,NA,NA,NA,NA,NA,NA,NA,NA,NA,NA,NA,NA,NA,NA,NA,NA,NA,NA,NA,NA,NA,NA,NA,NA,2016,2017,2016,2016,2016,2017,2017,2016,2018,2018,2017,2017,2017,2017,2017,2017,2017,2017,2016,2016,2017,2017,2017,2017,2017,2016,2017,2017,2017,2017,2018,2017,2017,2017,2017,2017,2017,2018,2018,2017,2018,2017,2017,2017,2017,2017,2018
Soil water and salinity,DP1.00094,TIS,NA,NA,NA,NA,NA,NA,NA,NA,NA,NA,NA,NA,NA,NA,NA,NA,NA,NA,NA,NA,NA,NA,NA,NA,NA,NA,NA,NA,NA,NA,NA,NA,NA,NA,2016,2017,2016,2016,2016,2017,2017,2016,2018,2018,2017,2017,2017,2017,2017,2017,2017,2017,2016,2016,2017,2017,2017,2017,2017,2016,2017,2017,2017,2017,2018,2017,2017,2017,2017,2017,2017,2018,2018,2017,2018,2017,2017,2017,2017,2017,2018
Soil CO2 concentration,DP1.00095,TIS,NA,NA,NA,NA,NA,NA,NA,NA,NA,NA,NA,NA,NA,NA,NA,NA,NA,NA,NA,NA,NA,NA,NA,NA,NA,NA,NA,NA,NA,NA,NA,NA,NA,NA,2016,2017,2016,2016,2016,2017,2017,2016,2018,2018,2017,2017,2017,2017,2017,2017,2017,2017,2016,2016,2017,2017,2017,2017,2017,2016,2017,2017,2017,2017,2018,2017,2017,2017,2017,2017,2017,2018,2018,2017,2018,2017,2017,2017,2017,2017,2018
CO2 Concentration - Storage,DP1.00099,TIS,NA,NA,NA,NA,NA,NA,NA,NA,NA,NA,NA,NA,NA,NA,NA,NA,NA,NA,NA,NA,NA,NA,NA,NA,NA,NA,NA,NA,NA,NA,NA,NA,NA,NA,2016,2017,2016,2016,2016,2017,2017,2016,2018,2018,2017,2017,2017,2017,2017,2017,2017,2017,2016,2016,2017,2017,2017,2017,2017,2016,2017,2017,2017,2017,2018,2017,2017,2017,2017,2017,2017,2018,2018,2017,2018,2017,2017,2017,2017,2017,2018
H2O Concentration - Storage,DP1.00100,TIS,NA,NA,NA,NA,NA,NA,NA,NA,NA,NA,NA,NA,NA,NA,NA,NA,NA,NA,NA,NA,NA,NA,NA,NA,NA,NA,NA,NA,NA,NA,NA,NA,NA,NA,2016,2017,2016,2016,2016,2017,2017,2016,2018,2018,2017,2017,2017,2017,2017,2017,2017,2017,2016,2016,2017,2017,2017,2017,2017,2016,2017,2017,2017,2017,2018,2017,2017,2017,2017,2017,2017,2018,2018,2017,2018,2017,2017,2017,2017,2017,2018
Temporally Interpolated Biological Temperature,DP2.00004,TIS,NA,NA,NA,NA,NA,NA,NA,NA,NA,NA,NA,NA,NA,NA,NA,NA,NA,NA,NA,NA,NA,NA,NA,NA,NA,NA,NA,NA,NA,NA,NA,NA,NA,NA,2014,2014,2014,2014,2015,2014,2014,2014,2018,2015,2017,2017,2014,2015,2015,2015,2017,2015,2015,2014,2015,2015,2017,2017,2015,2014,2014,2013,2017,2014,2018,2015,2017,2014,2017,2015,2016,2018,2018,2017,2018,2017,2017,2017,2017,2016,2018
Temporally interpolated Photosynthetically Active Radiation,DP2.00005,TIS,NA,NA,NA,NA,NA,NA,NA,NA,NA,NA,NA,NA,NA,NA,NA,NA,NA,NA,NA,NA,NA,NA,NA,NA,NA,NA,NA,NA,NA,NA,NA,NA,NA,NA,2014,2014,2014,2014,2015,2014,2014,2014,2018,2015,2017,2017,2014,2015,2015,2015,2017,2015,2015,2014,2015,2015,2017,2017,2015,2014,2014,2013,2017,2014,2018,2015,2017,2014,2017,2015,2016,2018,2018,2017,2018,2017,2017,2017,2017,2016,2018
Temporally Interpolated Soil Temperature,DP2.00006,TIS,NA,NA,NA,NA,NA,NA,NA,NA,NA,NA,NA,NA,NA,NA,NA,NA,NA,NA,NA,NA,NA,NA,NA,NA,NA,NA,NA,NA,NA,NA,NA,NA,NA,NA,2016,2017,2016,2016,2016,2017,2017,2016,2018,2018,2017,2017,2017,2017,2017,2017,2017,2017,2016,2016,2017,2017,2017,2017,2017,2016,2017,2017,2017,2017,2018,2017,2017,2017,2017,2017,2017,2018,2018,2017,2018,2017,2017,2017,2017,2017,2018
Temporally Interpolated CO2 Concentration,DP2.00008,TIS,NA,NA,NA,NA,NA,NA,NA,NA,NA,NA,NA,NA,NA,NA,NA,NA,NA,NA,NA,NA,NA,NA,NA,NA,NA,NA,NA,NA,NA,NA,NA,NA,NA,NA,2016,2017,2016,2016,2016,2017,2017,2016,2018,2018,2017,2017,2017,2017,2017,2017,2017,2017,2016,2016,2017,2017,2017,2017,2017,2016,2017,2017,2017,2017,2018,2017,2017,2017,2017,2017,2017,2018,2018,2017,2018,2017,2017,2017,2017,2017,2018
Summary weather statistics,DP4.00001,TIS,NA,NA,NA,NA,NA,NA,NA,NA,NA,NA,NA,NA,NA,NA,NA,NA,NA,NA,NA,NA,NA,NA,NA,NA,NA,NA,NA,NA,NA,NA,NA,NA,NA,NA,2014,2014,2014,2014,2015,2014,2014,2014,2018,2015,2017,2017,2014,2015,2015,2015,2017,2015,2015,2014,2015,2015,2017,2017,2015,2014,2014,2013,2017,2014,2018,2015,2017,2014,2017,2015,2016,2018,2018,2017,2018,2017,2017,2017,2017,2016,2018
Precipitation/Primary,DP1.00006,TIS,NA,NA,NA,NA,NA,NA,NA,NA,NA,NA,NA,NA,NA,NA,NA,NA,NA,NA,NA,2015,2018,2017,NA,NA,NA,NA,2018,NA,NA,NA,NA,NA,NA,NA,2014,2014,2014,2014,2015,2014,2014,2014,2018,2015,2017,2017,2014,2015,2015,2015,2017,2015,2015,2014,2015,2015,2017,2017,2015,2014,2014,2013,2017,2014,2018,2015,2017,2014,2017,2015,2016,2018,2018,2017,2018,2017,2017,2017,2017,2016,2018
Shortwave Radiation (Primary Pyranometer),DP1.00022,TIS,NA,NA,NA,NA,NA,NA,NA,NA,NA,NA,NA,NA,NA,NA,NA,NA,NA,NA,NA,NA,NA,NA,NA,NA,NA,NA,NA,NA,NA,NA,NA,NA,NA,NA,2014,2014,2014,2014,2015,2014,2014,2014,2018,2015,2017,2017,2014,2015,2015,2015,2017,2015,2015,2014,2015,2015,2017,2017,2015,2014,2014,2013,2017,2014,2018,2015,2017,2014,2017,2015,2016,2018,2018,2017,2018,2017,2017,2017,2017,2016,2018
Dust and Particulate Size Distribution,DP1.00017,TIS,NA,NA,NA,NA,NA,NA,NA,NA,NA,NA,NA,NA,NA,NA,NA,NA,NA,NA,NA,NA,NA,NA,NA,NA,NA,NA,NA,NA,NA,NA,NA,NA,NA,NA,NA,NA,NA,NA,NA,NA,NA,NA,NA,NA,NA,NA,NA,NA,NA,NA,NA,NA,NA,NA,NA,NA,NA,NA,NA,2016,2017,2017,NA,NA,NA,2017,2017,NA,NA,2017,NA,NA,NA,NA,NA,NA,NA,NA,NA,NA,NA
Atmospheric H2O isotopes,DP1.00037,TIS,NA,NA,NA,NA,NA,NA,NA,NA,NA,NA,NA,NA,NA,NA,NA,NA,NA,NA,NA,NA,NA,NA,NA,NA,NA,NA,NA,NA,NA,NA,NA,NA,NA,NA,2016,2017,2016,2016,2016,2017,2017,2016,2018,2018,2017,2017,2017,2017,2017,2017,2017,2017,2016,2016,2017,2017,2017,2017,2017,2016,2017,2017,2017,2017,2018,2017,2017,2017,2017,2017,2017,2018,2018,2017,2018,2017,2017,2017,2017,2017,2018
Particulate Mass,DP1.00101,TIS,NA,NA,NA,NA,NA,NA,NA,NA,NA,NA,NA,NA,NA,NA,NA,NA,NA,NA,NA,NA,NA,NA,NA,NA,NA,NA,NA,NA,NA,NA,NA,NA,NA,NA,2016,2017,2016,2016,2016,2017,2017,2016,2018,2018,2017,2017,2017,2017,2017,2017,2017,2017,2016,2016,2017,2017,2017,2017,2017,2016,2017,2017,2017,2017,2018,2017,2017,2017,2017,2017,2017,2018,2018,2017,2018,2017,2017,2017,2017,2017,2018
Spectrometer Orthrorectified at-Sensor Radiance,DP1.30008,AOP,2016,2016,2016,2014,2014,2014,2018,2018,2016,2017,2016,2017,2015,2015,2015,2015,2015,2016,2016,2017,2017,2016,2019,2017,2017,NA,2017,2017,2019,2013,2013,2017,2017,2017,2014,2014,2016,2016,2016,2014,2014,2014,2018,2018,2016,2016,2016,2016,2016,2016,2015,2015,2015,2015,2015,2015,2016,2016,2016,2013,2017,2013,2016,2016,2019,2017,2017,2017,2017,2017,2017,2017,2013,2013,2013,2017,2017,2017,2017,2017,2019
LiDAR Slant Range Waveform,DP1.30001,AOP,2016,2016,2016,2014,2014,2014,2018,2018,2016,2017,2016,2017,2016,2016,2016,2016,2016,2016,2016,2017,2017,2016,2019,2017,2017,NA,2017,2017,2019,2013,2013,2017,2017,2017,2014,2014,2016,2016,2016,2014,2014,2014,2018,2018,2016,2016,2016,2016,2016,2016,2016,2016,2016,2016,2016,2016,2016,2016,2016,2013,2017,2013,2016,2016,2019,2017,2017,2017,2017,2017,2017,2017,2013,2013,2013,2017,2017,2017,2017,2017,2019
Discrete Return LiDAR Point Cloud,DP1.30003,AOP,2016,2016,2016,2014,2014,2014,2018,2018,2016,2017,2016,2017,2015,2015,2015,2015,2015,2016,2016,2017,2017,2016,2019,2017,2017,NA,2017,2017,2019,2013,2013,2017,2017,2017,2014,2014,2016,2016,2016,2014,2014,2014,2018,2018,2016,2016,2016,2016,2016,2016,2015,2015,2015,2015,2015,2015,2016,2016,2016,2013,2017,2013,2016,2016,2019,2017,2017,2017,2017,2017,2017,2017,2013,2013,2013,2017,2017,2017,2017,2017,2019
Spectrometer Orthorectified Surface Directional Reflectance,DP1.30006,AOP,2016,2016,2016,2014,2014,2014,2018,2018,2016,2017,2016,2017,2015,2015,2015,2015,2015,2016,2016,2017,2017,2016,2019,2017,2017,NA,2017,2017,2019,2013,2013,2017,2017,2017,2014,2014,2016,2016,2016,2014,2014,2014,2018,2018,2016,2016,2016,2016,2016,2016,2015,2015,2015,2015,2015,2015,2016,2016,2016,2013,2017,2013,2016,2016,2019,2017,2017,2017,2017,2017,2017,2017,2013,2013,2013,2017,2017,2017,2017,2017,2019
High-resolution Orthorectified camera imagery,DP1.30010,AOP,2016,2016,2016,2014,2014,2014,2018,2018,2016,2017,2016,2017,2015,2015,2015,2015,2015,2016,2016,2017,2017,2016,2019,2017,2017,NA,2017,2017,2019,2013,2013,2017,2017,2017,2014,2014,2016,2016,2016,2014,2014,2014,2018,2018,2016,2016,2016,2016,2016,2016,2015,2015,2015,2015,2015,2015,2016,2016,2016,2013,2017,2013,2016,2016,2019,2017,2017,2017,2017,2017,2017,2017,2013,2013,2013,2017,2017,2017,2017,2017,2019
Canopy Nitrogen,DP2.30018,AOP,2016,2016,2016,2014,2014,2014,2018,2018,2016,2017,2016,2017,2015,2015,2015,2015,2015,2016,2016,2017,2017,2016,2019,2017,2017,NA,2017,2017,2019,2013,2013,2017,2017,2017,2014,2014,2016,2016,2016,2014,2014,2014,2018,2018,2016,2016,2016,2016,2016,2016,2015,2015,2015,2015,2015,2015,2016,2016,2016,2013,2017,2013,2016,2016,2019,2017,2017,2017,2017,2017,2017,2017,2013,2013,2013,2017,2017,2017,2017,2017,2019
Canopy Water Content,DP2.30019,AOP,2016,2016,2016,2014,2014,2014,2018,2018,2016,2017,2016,2017,2015,2015,2015,2015,2015,2016,2016,2017,2017,2016,2019,2017,2017,NA,2017,2017,2019,2013,2013,2017,2017,2017,2014,2014,2016,2016,2016,2014,2014,2014,2018,2018,2016,2016,2016,2016,2016,2016,2015,2015,2015,2015,2015,2015,2016,2016,2016,2013,2017,2013,2016,2016,2019,2017,2017,2017,2017,2017,2017,2017,2013,2013,2013,2017,2017,2017,2017,2017,2019
Canopy Xanthophyll Cycle,DP2.30020,AOP,2016,2016,2016,2014,2014,2014,2018,2018,2016,2017,2016,2017,2015,2015,2015,2015,2015,2016,2016,2017,2017,2016,2019,2017,2017,NA,2017,2017,2019,2013,2013,2017,2017,2017,2014,2014,2016,2016,2016,2014,2014,2014,2018,2018,2016,2016,2016,2016,2016,2016,2015,2015,2015,2015,2015,2015,2016,2016,2016,2013,2017,2013,2016,2016,2019,2017,2017,2017,2017,2017,2017,2017,2013,2013,2013,2017,2017,2017,2017,2017,2019
Canopy Lignin,DP2.30022,AOP,2016,2016,2016,2014,2014,2014,2018,2018,2016,2017,2016,2017,2015,2015,2015,2015,2015,2016,2016,2017,2017,2016,2019,2017,2017,NA,2017,2017,2019,2013,2013,2017,2017,2017,2014,2014,2016,2016,2016,2014,2014,2014,2018,2018,2016,2016,2016,2016,2016,2016,2015,2015,2015,2015,2015,2015,2016,2016,2016,2013,2017,2013,2016,2016,2019,2017,2017,2017,2017,2017,2017,2017,2013,2013,2013,2017,2017,2017,2017,2017,2019
Vegetation Indices - Spectrometer,DP2.30026,AOP,2016,2016,2016,2014,2014,2014,2018,2018,2016,2017,2016,2017,2015,2015,2015,2015,2015,2016,2016,2017,2017,2016,2019,2017,2017,NA,2017,2017,2019,2013,2013,2017,2017,2017,2014,2014,2016,2016,2016,2014,2014,2014,2018,2018,2016,2016,2016,2016,2016,2016,2015,2015,2015,2015,2015,2015,2016,2016,2016,2013,2017,2013,2016,2016,2019,2017,2017,2017,2017,2017,2017,2017,2013,2013,2013,2017,2017,2017,2017,2017,2019
Ecosystem Structure,DP3.30015,AOP,2016,2016,2016,2014,2014,2014,2018,2018,2016,2017,2016,2017,2015,2015,2015,2015,2015,2016,2016,2017,2017,2016,2019,2017,2017,NA,2017,2017,2019,2013,2013,2017,2017,2017,2014,2014,2016,2016,2016,2014,2014,2014,2018,2018,2016,2016,2016,2016,2016,2016,2015,2015,2015,2015,2015,2015,2016,2016,2016,2013,2017,2013,2016,2016,2019,2017,2017,2017,2017,2017,2017,2017,2013,2013,2013,2017,2017,2017,2017,2017,2019
Elevation - LiDAR,DP3.30024,AOP,2016,2016,2016,2014,2014,2014,2018,2018,2016,2017,2016,2017,2015,2015,2015,2015,2015,2016,2016,2017,2017,2016,2019,2017,2017,NA,2017,2017,2019,2013,2013,2017,2017,2017,2014,2014,2016,2016,2016,2014,2014,2014,2018,2018,2016,2016,2016,2016,2016,2016,2015,2015,2015,2015,2015,2015,2016,2016,2016,2013,2017,2013,2016,2016,2019,2017,2017,2017,2017,2017,2017,2017,2013,2013,2013,2017,2017,2017,2017,2017,2019
Slope and Aspect - LiDAR,DP3.30025,AOP,2016,2016,2016,2014,2014,2014,2018,2018,2016,2017,2016,2017,2015,2015,2015,2015,2015,2016,2016,2017,2017,2016,2019,2017,2017,NA,2017,2017,2019,2013,2013,2017,2017,2017,2014,2014,2016,2016,2016,2014,2014,2014,2018,2018,2016,2016,2016,2016,2016,2016,2015,2015,2015,2015,2015,2015,2016,2016,2016,2013,2017,2013,2016,2016,2019,2017,2017,2017,2017,2017,2017,2017,2013,2013,2013,2017,2017,2017,2017,2017,2019
Albedo - Spectrometer,DP2.30011,AOP,2016,2016,2016,2014,2014,2014,2018,2018,2016,2017,2016,2017,2015,2015,2015,2015,2015,2016,2016,2017,2017,2016,2019,2017,2017,NA,2017,2017,2019,2013,2013,2017,2017,2017,2014,2014,2016,2016,2016,2014,2014,2014,2018,2018,2016,2016,2016,2016,2016,2016,2015,2015,2015,2015,2015,2015,2016,2016,2016,2013,2017,2013,2016,2016,2019,2017,2017,2017,2017,2017,2017,2017,2013,2013,2013,2017,2017,2017,2017,2017,2019
LAI - Spectrometer,DP2.30012,AOP,2016,2016,2016,2014,2014,2014,2018,2018,2016,2017,2016,2017,2015,2015,2015,2015,2015,2016,2016,2017,2017,2016,2019,2017,2017,NA,2017,2017,2019,2013,2013,2017,2017,2017,2014,2014,2016,2016,2016,2014,2014,2014,2018,2018,2016,2016,2016,2016,2016,2016,2015,2015,2015,2015,2015,2015,2016,2016,2016,2013,2017,2013,2016,2016,2019,2017,2017,2017,2017,2017,2017,2017,2013,2013,2013,2017,2017,2017,2017,2017,2019
fPAR - Spectrometer,DP2.30014,AOP,2016,2016,2016,2014,2014,2014,2018,2018,2016,2017,2016,2017,2015,2015,2015,2015,2015,2016,2016,2017,2017,2016,2019,2017,2017,NA,2017,2017,2019,2013,2013,2017,2017,2017,2014,2014,2016,2016,2016,2014,2014,2014,2018,2018,2016,2016,2016,2016,2016,2016,2015,2015,2015,2015,2015,2015,2016,2016,2016,2013,2017,2013,2016,2016,2019,2017,2017,2017,2017,2017,2017,2017,2013,2013,2013,2017,2017,2017,2017,2017,2019
Total Biomass Map - Spectrometer,DP2.30016,AOP,2016,2016,2016,2014,2014,2014,2018,2018,2016,2017,2016,2017,2015,2015,2015,2015,2015,2016,2016,2017,2017,2016,2019,2017,2017,NA,2017,2017,2019,2013,2013,2017,2017,2017,2014,2014,2016,2016,2016,2014,2014,2014,2018,2018,2016,2016,2016,2016,2016,2016,2015,2015,2015,2015,2015,2015,2016,2016,2016,2013,2017,2013,2016,2016,2019,2017,2017,2017,2017,2017,2017,2017,2013,2013,2013,2017,2017,2017,2017,2017,2019
Spectrometer Orthorectified Surface Directional Reflectance,DP3.30006,AOP,2016,2016,2016,2014,2014,2014,2018,2018,2016,2017,2016,2017,2015,2015,2015,2015,2015,2016,2016,2017,2017,2016,2019,2017,2017,NA,2017,2017,2019,2013,2013,2017,2017,2017,2014,2014,2016,2016,2016,2014,2014,2014,2018,2018,2016,2016,2016,2016,2016,2016,2015,2015,2015,2015,2015,2015,2016,2016,2016,2013,2017,2013,2016,2016,2019,2017,2017,2017,2017,2017,2017,2017,2013,2013,2013,2017,2017,2017,2017,2017,2019
High-resolution Orthorectified camera imagery mosaic,DP3.30010,AOP,2016,2016,2016,2014,2014,2014,2018,2018,2016,2017,2016,2017,2015,2015,2015,2015,2015,2016,2016,2017,2017,2016,2019,2017,2017,NA,2017,2017,2019,2013,2013,2017,2017,2017,2014,2014,2016,2016,2016,2014,2014,2014,2018,2018,2016,2016,2016,2016,2016,2016,2015,2015,2015,2015,2015,2015,2016,2016,2016,2013,2017,2013,2016,2016,2019,2017,2017,2017,2017,2017,2017,2017,2013,2013,2013,2017,2017,2017,2017,2017,2019
Albedo - Spectrometer,DP3.30011,AOP,2016,2016,2016,2014,2014,2014,2018,2018,2016,2017,2016,2017,2015,2015,2015,2015,2015,2016,2016,2017,2017,2016,2019,2017,2017,NA,2017,2017,2019,2013,2013,2017,2017,2017,2014,2014,2016,2016,2016,2014,2014,2014,2018,2018,2016,2016,2016,2016,2016,2016,2015,2015,2015,2015,2015,2015,2016,2016,2016,2013,2017,2013,2016,2016,2019,2017,2017,2017,2017,2017,2017,2017,2013,2013,2013,2017,2017,2017,2017,2017,2019
LAI - Spectrometer,DP3.30012,AOP,2016,2016,2016,2014,2014,2014,2018,2018,2016,2017,2016,2017,2015,2015,2015,2015,2015,2016,2016,2017,2017,2016,2019,2017,2017,NA,2017,2017,2019,2013,2013,2017,2017,2017,2014,2014,2016,2016,2016,2014,2014,2014,2018,2018,2016,2016,2016,2016,2016,2016,2015,2015,2015,2015,2015,2015,2016,2016,2016,2013,2017,2013,2016,2016,2019,2017,2017,2017,2017,2017,2017,2017,2013,2013,2013,2017,2017,2017,2017,2017,2019
fPAR - Spectrometer,DP3.30014,AOP,2016,2016,2016,2014,2014,2014,2018,2018,2016,2017,2016,2017,2015,2015,2015,2015,2015,2016,2016,2017,2017,2016,2019,2017,2017,NA,2017,2017,2019,2013,2013,2017,2017,2017,2014,2014,2016,2016,2016,2014,2014,2014,2018,2018,2016,2016,2016,2016,2016,2016,2015,2015,2015,2015,2015,2015,2016,2016,2016,2013,2017,2013,2016,2016,2019,2017,2017,2017,2017,2017,2017,2017,2013,2013,2013,2017,2017,2017,2017,2017,2019
Total Biomass Map - Spectrometer,DP3.30016,AOP,2016,2016,2016,2014,2014,2014,2018,2018,2016,2017,2016,2017,2015,2015,2015,2015,2015,2016,2016,2017,2017,2016,2019,2017,2017,NA,2017,2017,2019,2013,2013,2017,2017,2017,2014,2014,2016,2016,2016,2014,2014,2014,2018,2018,2016,2016,2016,2016,2016,2016,2015,2015,2015,2015,2015,2015,2016,2016,2016,2013,2017,2013,2016,2016,2019,2017,2017,2017,2017,2017,2017,2017,2013,2013,2013,2017,2017,2017,2017,2017,2019
Canopy Nitrogen,DP3.30018,AOP,2016,2016,2016,2014,2014,2014,2018,2018,2016,2017,2016,2017,2015,2015,2015,2015,2015,2016,2016,2017,2017,2016,2019,2017,2017,NA,2017,2017,2019,2013,2013,2017,2017,2017,2014,2014,2016,2016,2016,2014,2014,2014,2018,2018,2016,2016,2016,2016,2016,2016,2015,2015,2015,2015,2015,2015,2016,2016,2016,2013,2017,2013,2016,2016,2019,2017,2017,2017,2017,2017,2017,2017,2013,2013,2013,2017,2017,2017,2017,2017,2019
Canopy Water Content,DP3.30019,AOP,2016,2016,2016,2014,2014,2014,2018,2018,2016,2017,2016,2017,2015,2015,2015,2015,2015,2016,2016,2017,2017,2016,2019,2017,2017,NA,2017,2017,2019,2013,2013,2017,2017,2017,2014,2014,2016,2016,2016,2014,2014,2014,2018,2018,2016,2016,2016,2016,2016,2016,2015,2015,2015,2015,2015,2015,2016,2016,2016,2013,2017,2013,2016,2016,2019,2017,2017,2017,2017,2017,2017,2017,2013,2013,2013,2017,2017,2017,2017,2017,2019
Canopy Xanthophyll Cycle,DP3.30020,AOP,2016,2016,2016,2014,2014,2014,2018,2018,2016,2017,2016,2017,2015,2015,2015,2015,2015,2016,2016,2017,2017,2016,2019,2017,2017,NA,2017,2017,2019,2013,2013,2017,2017,2017,2014,2014,2016,2016,2016,2014,2014,2014,2018,2018,2016,2016,2016,2016,2016,2016,2015,2015,2015,2015,2015,2015,2016,2016,2016,2013,2017,2013,2016,2016,2019,2017,2017,2017,2017,2017,2017,2017,2013,2013,2013,2017,2017,2017,2017,2017,2019
Canopy Lignin,DP3.30022,AOP,2016,2016,2016,2014,2014,2014,2018,2018,2016,2017,2016,2017,2015,2015,2015,2015,2015,2016,2016,2017,2017,2016,2019,2017,2017,NA,2017,2017,2019,2013,2013,2017,2017,2017,2014,2014,2016,2016,2016,2014,2014,2014,2018,2018,2016,2016,2016,2016,2016,2016,2015,2015,2015,2015,2015,2015,2016,2016,2016,2013,2017,2013,2016,2016,2019,2017,2017,2017,2017,2017,2017,2017,2013,2013,2013,2017,2017,2017,2017,2017,2019
Vegetation Indices - Spectrometer,DP3.30026,AOP,2016,2016,2016,2014,2014,2014,2018,2018,2016,2017,2016,2017,2015,2015,2015,2015,2015,2016,2016,2017,2017,2016,2019,2017,2017,NA,2017,2017,2019,2013,2013,2017,2017,2017,2014,2014,2016,2016,2016,2014,2014,2014,2018,2018,2016,2016,2016,2016,2016,2016,2015,2015,2015,2015,2015,2015,2016,2016,2016,2013,2017,2013,2016,2016,2019,2017,2017,2017,2017,2017,2017,2017,2013,2013,2013,2017,2017,2017,2017,2017,2019
Field Spectral Data,DP1.30012,AOP,NA,NA,NA,NA,NA,NA,NA,NA,NA,NA,NA,NA,NA,NA,NA,NA,NA,NA,NA,NA,NA,NA,NA,NA,NA,NA,NA,NA,NA,NA,NA,NA,NA,NA,NA,NA,NA,NA,2019,2014,NA,2014,NA,NA,2019,NA,2019,NA,NA,NA,2015,NA,2015,NA,NA,NA,NA,NA,NA,NA,NA,NA,NA,NA,NA,NA,NA,NA,NA,NA,NA,NA,2013,2013,2013,NA,NA,NA,NA,NA,2019