"uid","namedLocation","domainID","siteID","plotID","plotType","nlcdClass","decimalLatitude","decimalLongitude","geodeticDatum","coordinateUncertainty","elevation","elevationUncertainty","collectDate","eventID","sampleID","sampleCode","samplingMethod","totalSampledArea","targetTaxaPresent","adultCount","nymphCount","larvaCount","sampleCondition","samplingProtocolVersion","measuredBy","remarks","dataQF"
"405b9910-e4f0-4716-88ac-ff0279efcb7e","TALL_001.tickPlot.tck","D08","TALL","TALL_001","distributed","deciduousForest",32.97637,-87.432184,"WGS84",20.2,114.6,0.1,"2014-05-27T14:35Z","TALL.2014.21","TALL_001.20140527",NA,"drag",160,"Y",2,17,0,"No known compromise","NEON.DOC.014045vD","0JtiNFwhnxvQnvzQuG9MqQ==","","legacyData"
"bed7dedc-03dd-4ed7-814e-bb14b6a55ab5","TALL_008.tickPlot.tck","D08","TALL","TALL_008","distributed","deciduousForest",32.922874,-87.434097,"WGS84",20.2,127.5,0.2,"2014-05-27T16:37Z","TALL.2014.21","TALL_008.20140527",NA,"drag",160,"Y",2,6,0,"No known compromise","NEON.DOC.014045vD","0JtiNFwhnxvQnvzQuG9MqQ==","no transcription errors found","legacyData"
"09a2a15c-91b1-4e92-8d00-5aaae20f95bb","TALL_002.tickPlot.tck","D08","TALL","TALL_002","distributed","mixedForest",32.920823,-87.428955,"WGS84",20.3,104,0.4,"2014-05-27T18:11Z","TALL.2014.21","TALL_002.20140527",NA,"drag",160,"Y",6,59,0,"No known compromise","NEON.DOC.014045vD","0JtiNFwhnxvQnvzQuG9MqQ==","","legacyData"
"1d732081-8c40-44fd-ba78-db3075bddeed","TALL_006.tickPlot.tck","D08","TALL","TALL_006","distributed","evergreenForest",32.899144,-87.444571,"WGS84",20.3,108.6,0.3,"2014-05-28T13:49Z","TALL.2014.21","TALL_006.20140528",NA,"drag",160,"Y",0,6,0,"No known compromise","NEON.DOC.014045vD","0JtiNFwhnxvQnvzQuG9MqQ==","","legacyData"
"487050c8-e52d-4a6b-b5ca-6d1b71994908","TALL_003.tickPlot.tck","D08","TALL","TALL_003","distributed","mixedForest",32.894415,-87.416532,"WGS84",20.2,121.9,0.2,"2014-05-28T15:05Z","TALL.2014.21","TALL_003.20140528",NA,"drag and flag",160,"Y",0,42,0,"No known compromise","NEON.DOC.014045vD","0JtiNFwhnxvQnvzQuG9MqQ==","","legacyData"
"d4b8a445-3e36-47c9-8db6-3b0233ba7e93","TALL_001.tickPlot.tck","D08","TALL","TALL_001","distributed","deciduousForest",32.97637,-87.432184,"WGS84",20.2,114.6,0.1,"2014-06-16T13:17Z","TALL.2014.24","TALL_001.20140616",NA,"drag and flag",160,"Y",3,10,0,"No known compromise","NEON.DOC.014045vD","t7sySgyQt7gaGQ7jqVDbFA==","no transcription errors found","legacyData"
"b83b0294-eb01-40f2-aa7c-1efbcb3d3d35","TALL_016.tickPlot.tck","D08","TALL","TALL_016","distributed","evergreenForest",32.971553,-87.415845,"WGS84",20.1,138.9,0.1,"2014-06-16T14:43Z","TALL.2014.24","TALL_016.20140616",NA,"drag and flag",160,"Y",1,1,0,"No known compromise","NEON.DOC.014045vD","t7sySgyQt7gaGQ7jqVDbFA==","","legacyData"
"660ae171-0fcd-49c4-a63f-5daaadeed0fc","TALL_003.tickPlot.tck","D08","TALL","TALL_003","distributed","mixedForest",32.894415,-87.416532,"WGS84",20.2,121.9,0.2,"2014-06-16T15:44Z","TALL.2014.24","TALL_003.20140616",NA,"drag",160,"Y",3,26,0,"No known compromise","NEON.DOC.014045vD","t7sySgyQt7gaGQ7jqVDbFA==","","legacyData"
"80d47fba-e842-414a-945b-48b4cce5c2f5","TALL_006.tickPlot.tck","D08","TALL","TALL_006","distributed","evergreenForest",32.899144,-87.444571,"WGS84",20.3,108.6,0.3,"2014-06-17T13:07Z","TALL.2014.24","TALL_006.20140617",NA,"drag and flag",160,"Y",2,5,0,"No known compromise","NEON.DOC.014045vD","t7sySgyQt7gaGQ7jqVDbFA==","","legacyData"
"8b8ce2e9-8c35-4274-95ef-e06b62d0cfd8","TALL_008.tickPlot.tck","D08","TALL","TALL_008","distributed","deciduousForest",32.922874,-87.434097,"WGS84",20.2,127.5,0.2,"2014-06-17T14:37Z","TALL.2014.24","TALL_008.20140617",NA,"drag",160,"Y",6,12,0,"No known compromise","NEON.DOC.014045vD","t7sySgyQt7gaGQ7jqVDbFA==","","legacyData"
"0747eb2c-13cb-4bbb-aecb-fd94f4fa2594","TALL_002.tickPlot.tck","D08","TALL","TALL_002","distributed","mixedForest",32.920823,-87.428955,"WGS84",20.3,104,0.4,"2014-06-17T15:55Z","TALL.2014.24","TALL_002.20140617",NA,"drag",160,"Y",7,49,0,"No known compromise","NEON.DOC.014045vD","t7sySgyQt7gaGQ7jqVDbFA==","no transcription errors found","legacyData"
"9b7bf658-0ed5-4f73-9801-289e3ac00734","TALL_006.tickPlot.tck","D08","TALL","TALL_006","distributed","evergreenForest",32.899144,-87.444571,"WGS84",20.3,108.6,0.3,"2014-07-09T13:40Z","TALL.2014.27","TALL_006.20140709",NA,"drag and flag",160,"Y",0,4,0,"No known compromise","NEON.DOC.014045vD","RSPgZ4EbCAx7Z+7QmyZcSQ==","","legacyData"
"60f3091c-510f-4bbe-9506-bd179e1537f9","TALL_016.tickPlot.tck","D08","TALL","TALL_016","distributed","evergreenForest",32.971553,-87.415845,"WGS84",20.1,138.9,0.1,"2014-07-09T14:45Z","TALL.2014.27","TALL_016.20140709",NA,"drag",160,"Y",0,1,0,"No known compromise","NEON.DOC.014045vD","RSPgZ4EbCAx7Z+7QmyZcSQ==","no trancsription errors found","legacyData"
"5d616dbc-556d-4ec4-9b25-4d2cab9ffb6e","TALL_008.tickPlot.tck","D08","TALL","TALL_008","distributed","deciduousForest",32.922874,-87.434097,"WGS84",20.2,127.5,0.2,"2014-07-10T13:25Z","TALL.2014.27","TALL_008.20140710",NA,"drag",160,"Y",1,2,0,"No known compromise","NEON.DOC.014045vD","RSPgZ4EbCAx7Z+7QmyZcSQ==","","legacyData"
"924df473-56a5-43bd-b642-6a87d2ff6bb9","TALL_002.tickPlot.tck","D08","TALL","TALL_002","distributed","mixedForest",32.920823,-87.428955,"WGS84",20.3,104,0.4,"2014-07-10T14:30Z","TALL.2014.27","TALL_002.20140710",NA,"drag",160,"Y",9,49,126,"No known compromise","NEON.DOC.014045vD","RSPgZ4EbCAx7Z+7QmyZcSQ==","no transcription errors found","legacyData"
"80912cb5-4256-4364-976b-7097eb790b27","TALL_001.tickPlot.tck","D08","TALL","TALL_001","distributed","deciduousForest",32.97637,-87.432184,"WGS84",20.2,114.6,0.1,"2014-07-11T12:55Z","TALL.2014.27","TALL_001.20140711",NA,"drag",160,"Y",2,11,0,"No known compromise","NEON.DOC.014045vD","xGLaav61JvszIdtvJEdR0g==","","legacyData"
"0aba8439-bb59-4727-a9dc-563c68e86011","TALL_008.tickPlot.tck","D08","TALL","TALL_008","distributed","deciduousForest",32.922874,-87.434097,"WGS84",20.2,127.5,0.2,"2014-07-29T12:26Z","TALL.2014.30","TALL_008.20140729",NA,"drag and flag",160,"Y",0,4,0,"No known compromise","NEON.DOC.014045vD","4RA5KUKm8MAqlRb0ERCILw==","No transcription errors found",""
"54f2eabc-c3a7-41a7-b7ec-7794518525b7","TALL_002.tickPlot.tck","D08","TALL","TALL_002","distributed","mixedForest",32.920823,-87.428955,"WGS84",20.3,104,0.4,"2014-07-29T13:29Z","TALL.2014.30","TALL_002.20140729",NA,"drag",160,"Y",1,28,135,"No known compromise","NEON.DOC.014045vD","4RA5KUKm8MAqlRb0ERCILw==","",""
"04aa52da-a38b-46c6-abc7-88fff55018d4","TALL_003.tickPlot.tck","D08","TALL","TALL_003","distributed","mixedForest",32.894415,-87.416532,"WGS84",20.2,121.9,0.2,"2014-07-29T15:02Z","TALL.2014.30","TALL_003.20140729",NA,"drag",160,"Y",0,7,0,"No known compromise","NEON.DOC.014045vD","4RA5KUKm8MAqlRb0ERCILw==","",""
"7dc3026e-1f26-490c-8b9a-fcf6897f150d","TALL_006.tickPlot.tck","D08","TALL","TALL_006","distributed","evergreenForest",32.899144,-87.444571,"WGS84",20.3,108.6,0.3,"2014-07-29T15:39Z","TALL.2014.30","TALL_006.20140729",NA,"drag",160,"Y",0,2,0,"No known compromise","NEON.DOC.014045vD","4RA5KUKm8MAqlRb0ERCILw==","",""
"32836363-767f-4b50-9725-365c8ccd5226","TALL_016.tickPlot.tck","D08","TALL","TALL_016","distributed","evergreenForest",32.971553,-87.415845,"WGS84",20.1,138.9,0.1,"2014-07-29T16:39Z","TALL.2014.30","",NA,"drag and flag",160,"N",0,0,0,"","NEON.DOC.014045vD","4RA5KUKm8MAqlRb0ERCILw==","","legacyData"
"5c468894-bd73-45f6-bb3b-e39e1ab202ed","TALL_001.tickPlot.tck","D08","TALL","TALL_001","distributed","deciduousForest",32.97637,-87.432184,"WGS84",20.2,114.6,0.1,"2014-07-29T17:27Z","TALL.2014.30","TALL_001.20140729",NA,"drag and flag",160,"Y",0,2,0,"No known compromise","NEON.DOC.014045vD","4RA5KUKm8MAqlRb0ERCILw==","",""
"ead4fbe3-45b3-4e9e-9782-19bb1ff3ef3d","TALL_008.tickPlot.tck","D08","TALL","TALL_008","distributed","deciduousForest",32.922874,-87.434097,"WGS84",20.2,127.5,0.2,"2014-08-18T13:20Z","TALL.2014.33","TALL_008.20140818",NA,"drag",160,"Y",0,7,0,"No known compromise","NEON.DOC.014045vD","CZpLfGnK5rlNWpMoI7gNMw==","",""
"93f9e083-4f00-4545-b6fd-1d5fc8fb4922","TALL_002.tickPlot.tck","D08","TALL","TALL_002","distributed","mixedForest",32.920823,-87.428955,"WGS84",20.3,104,0.4,"2014-08-18T14:40Z","TALL.2014.33","TALL_002.20140818",NA,"drag",160,"Y",0,14,2,"No known compromise","NEON.DOC.014045vD","CZpLfGnK5rlNWpMoI7gNMw==","",""
"cb93dac4-7724-4a13-a41b-2d276db62ff6","TALL_003.tickPlot.tck","D08","TALL","TALL_003","distributed","mixedForest",32.894415,-87.416532,"WGS84",20.2,121.9,0.2,"2014-08-18T16:18Z","TALL.2014.33","TALL_003.20140818",NA,"drag",160,"Y",0,16,262,"No known compromise","NEON.DOC.014045vD","CZpLfGnK5rlNWpMoI7gNMw==","",""
"dac12867-1ba7-4cf5-900f-1f2c8a26325d","TALL_006.tickPlot.tck","D08","TALL","TALL_006","distributed","evergreenForest",32.899144,-87.444571,"WGS84",20.3,108.6,0.3,"2014-08-18T17:08Z","TALL.2014.33","TALL_006.20140818",NA,"drag",160,"Y",0,10,0,"No known compromise","NEON.DOC.014045vD","CZpLfGnK5rlNWpMoI7gNMw==","",""
"2a67ac84-c6dc-4024-b380-49b2835288b6","TALL_016.tickPlot.tck","D08","TALL","TALL_016","distributed","evergreenForest",32.971553,-87.415845,"WGS84",20.1,138.9,0.1,"2014-08-19T16:35Z","TALL.2014.33","",NA,"drag",160,"N",0,0,0,"","NEON.DOC.014045vD","CZpLfGnK5rlNWpMoI7gNMw==","No trancription errors","legacyData"
"9c2f1554-13be-4938-9ba1-c801a0c28641","TALL_001.tickPlot.tck","D08","TALL","TALL_001","distributed","deciduousForest",32.97637,-87.432184,"WGS84",20.2,114.6,0.1,"2014-08-19T17:28Z","TALL.2014.33","TALL_001.20140819",NA,"drag",160,"Y",0,11,0,"No known compromise","NEON.DOC.014045vD","CZpLfGnK5rlNWpMoI7gNMw==","No transcriptin errors",""
"ec36e808-fecf-4b5f-8048-76cc3d258299","TALL_003.tickPlot.tck","D08","TALL","TALL_003","distributed","mixedForest",32.894415,-87.416532,"WGS84",20.2,121.9,0.2,"2014-09-08T13:00Z","TALL.2014.36","TALL_003.20140908",NA,"drag",160,"Y",0,25,0,"No known compromise","NEON.DOC.014045vD","gQQ1x6kdLD0hCSQmErv0BA==","No transcription errors",""
"8e9bd813-f350-4c6c-9d4c-7e387cf3d7dd","TALL_006.tickPlot.tck","D08","TALL","TALL_006","distributed","evergreenForest",32.899144,-87.444571,"WGS84",20.3,108.6,0.3,"2014-09-08T13:50Z","TALL.2014.36","TALL_006.20140908",NA,"drag",160,"Y",0,2,0,"No known compromise","NEON.DOC.014045vD","gQQ1x6kdLD0hCSQmErv0BA==","No transcription errors",""
"b1e68fd5-84e7-4968-b350-6da0e7353026","TALL_008.tickPlot.tck","D08","TALL","TALL_008","distributed","deciduousForest",32.922874,-87.434097,"WGS84",20.2,127.5,0.2,"2014-09-08T14:55Z","TALL.2014.36","TALL_008.20140908",NA,"drag",160,"Y",0,3,0,"No known compromise","NEON.DOC.014045vD","gQQ1x6kdLD0hCSQmErv0BA==","No transcription errors",""
"530ad17f-8f2c-40bd-b3fa-c39ed0d8e028","TALL_002.tickPlot.tck","D08","TALL","TALL_002","distributed","mixedForest",32.920823,-87.428955,"WGS84",20.3,104,0.4,"2014-09-08T15:35Z","TALL.2014.36","TALL_002.20140908",NA,"drag",160,"Y",1,9,0,"No known compromise","NEON.DOC.014045vD","gQQ1x6kdLD0hCSQmErv0BA==","No transcription errors",""
"bf4d44e0-d00a-487a-b2fb-0bcfefd8b00b","TALL_016.tickPlot.tck","D08","TALL","TALL_016","distributed","evergreenForest",32.971553,-87.415845,"WGS84",20.1,138.9,0.1,"2014-09-08T16:55Z","TALL.2014.36","",NA,"drag",160,"N",0,0,0,"","NEON.DOC.014045vD","gQQ1x6kdLD0hCSQmErv0BA==","No transcription errors","legacyData"
"17790af7-104f-4bf7-b57f-399a3132b56b","TALL_001.tickPlot.tck","D08","TALL","TALL_001","distributed","deciduousForest",32.97637,-87.432184,"WGS84",20.2,114.6,0.1,"2014-09-08T17:45Z","TALL.2014.36","TALL_001.20140908",NA,"drag",170,"Y",0,3,0,"No known compromise","NEON.DOC.014045vD","gQQ1x6kdLD0hCSQmErv0BA==","No transcription errors",""
"5177b395-05c8-4db8-ba43-2896183718a1","TALL_008.tickPlot.tck","D08","TALL","TALL_008","distributed","deciduousForest",32.922874,-87.434097,"WGS84",20.2,127.5,0.2,"2014-10-01T13:25Z","TALL.2014.39","",NA,"drag",160,"N",0,0,0,"","NEON.DOC.014045vD","4RA5KUKm8MAqlRb0ERCILw==",NA,"legacyData"
"107d1d1e-6e3a-44fe-9a89-943b81384e15","TALL_002.tickPlot.tck","D08","TALL","TALL_002","distributed","mixedForest",32.920823,-87.428955,"WGS84",20.3,104,0.4,"2014-10-01T14:20Z","TALL.2014.39","TALL_002.20141001",NA,"drag",165,"Y",0,7,145,"No known compromise","NEON.DOC.014045vD","4RA5KUKm8MAqlRb0ERCILw==",NA,""
"cf35a42a-060d-4b61-89c4-4a9ebc10d905","TALL_006.tickPlot.tck","D08","TALL","TALL_006","distributed","evergreenForest",32.899144,-87.444571,"WGS84",20.3,108.6,0.3,"2014-10-01T16:06Z","TALL.2014.39","TALL_006.20141001",NA,"drag",160,"Y",0,1,9,"No known compromise","NEON.DOC.014045vD","4RA5KUKm8MAqlRb0ERCILw==",NA,""
"9c4a82c4-6ac2-48ae-ad15-ca83a43e6142","TALL_016.tickPlot.tck","D08","TALL","TALL_016","distributed","evergreenForest",32.971553,-87.415845,"WGS84",20.1,138.9,0.1,"2014-10-01T17:20Z","TALL.2014.39","",NA,"drag",160,"N",0,0,0,"","NEON.DOC.014045vD","4RA5KUKm8MAqlRb0ERCILw==",NA,"legacyData"
"0fb9854a-d298-4a83-8e00-496a4f4e274d","TALL_001.tickPlot.tck","D08","TALL","TALL_001","distributed","deciduousForest",32.97637,-87.432184,"WGS84",20.2,114.6,0.1,"2014-10-01T18:21Z","TALL.2014.39","TALL_001.20141001",NA,"drag",160,"Y",0,3,0,"No known compromise","NEON.DOC.014045vD","4RA5KUKm8MAqlRb0ERCILw==",NA,""
"d5e3ee32-31ed-4ec1-92bc-0915459c6475","TALL_002.tickPlot.tck","D08","TALL","TALL_002","distributed","mixedForest",32.920823,-87.428955,"WGS84",20.3,104,0.4,"2015-06-03T13:39Z","TALL.2015.22","TALL_002.20150603",NA,"drag and flag",161,"Y",3,10,NA,"No known compromise","NEON.DOC.014045vF","9NpSOfdMh8lijcaKJO/PGvrTe+m1fKRQ",NA,"legacyData"
"cb54a0d9-b886-44c5-8e26-bf01046b7327","TALL_001.tickPlot.tck","D08","TALL","TALL_001","distributed","deciduousForest",32.97637,-87.432184,"WGS84",20.2,114.6,0.1,"2015-06-03T13:58Z","TALL.2015.22","TALL_001.20150603",NA,"drag and flag",166,"Y",1,3,NA,"No known compromise","NEON.DOC.014045vF","v7wRdnV1gD6DA7NUoRhtXNeAYtN2k0WN",NA,"legacyData"
"f24848a0-bef3-4571-aaa7-7587586b848b","TALL_008.tickPlot.tck","D08","TALL","TALL_008","distributed","deciduousForest",32.922874,-87.434097,"WGS84",20.2,127.5,0.2,"2015-06-03T15:19Z","TALL.2015.22","TALL_008.20150603",NA,"drag and flag",160,"Y",4,36,NA,"No known compromise","NEON.DOC.014045vF","9NpSOfdMh8lijcaKJO/PGvrTe+m1fKRQ",NA,"legacyData"
"ea12b5f0-d2e8-49e5-987a-c2fc66aa0198","TALL_016.tickPlot.tck","D08","TALL","TALL_016","distributed","evergreenForest",32.971553,-87.415845,"WGS84",20.1,138.9,0.1,"2015-06-03T15:50Z","TALL.2015.22","TALL_016.20150603",NA,"drag and flag",169,"Y",0,2,NA,"No known compromise","NEON.DOC.014045vF","v7wRdnV1gD6DA7NUoRhtXNeAYtN2k0WN",NA,"legacyData"
"163e0357-e48c-4a5b-9760-452b692b1c07","TALL_006.tickPlot.tck","D08","TALL","TALL_006","distributed","evergreenForest",32.899144,-87.444571,"WGS84",20.3,108.6,0.3,"2015-06-03T17:33Z","TALL.2015.22","TALL_006.20150603",NA,"drag and flag",148,"Y",0,5,NA,"No known compromise","NEON.DOC.014045vF","v7wRdnV1gD6DA7NUoRhtXNeAYtN2k0WN",NA,"legacyData"
"d7dd8a69-b9d6-4507-adcb-8ff4803ded44","TALL_003.tickPlot.tck","D08","TALL","TALL_003","distributed","mixedForest",32.894415,-87.416532,"WGS84",20.2,121.9,0.2,"2015-06-03T17:38Z","TALL.2015.22","TALL_003.20150603",NA,"drag and flag",160,"Y",1,5,NA,"No known compromise","NEON.DOC.014045vF","9NpSOfdMh8lijcaKJO/PGvrTe+m1fKRQ",NA,"legacyData"
"5c655619-c72a-4969-8661-7a4f6dc28f12","TALL_008.tickPlot.tck","D08","TALL","TALL_008","distributed","deciduousForest",32.922874,-87.434097,"WGS84",20.2,127.5,0.2,"2015-06-22T12:25Z","TALL.2015.25","TALL_008.20150622",NA,"drag",165,"Y",0,20,NA,"No known compromise","NEON.DOC.014045vF","XIk3CMH/VT2ztcDIBBKNwssfFUwUsihU",NA,"legacyData"
"7cc9683f-1209-43f9-bef4-6b8bc3fa9943","TALL_002.tickPlot.tck","D08","TALL","TALL_002","distributed","mixedForest",32.920823,-87.428955,"WGS84",20.3,104,0.4,"2015-06-22T13:48Z","TALL.2015.25","TALL_002.20150622",NA,"drag",165,"Y",2,6,NA,"No known compromise","NEON.DOC.014045vF","0ygyTA3URVoNp+waZjN2Lu+zP0lNl3v9",NA,"legacyData"
"d231ab36-c675-4784-a780-a6de4dd41579","TALL_003.tickPlot.tck","D08","TALL","TALL_003","distributed","mixedForest",32.894415,-87.416532,"WGS84",20.2,121.9,0.2,"2015-06-22T15:16Z","TALL.2015.25","TALL_003.20150622",NA,"drag and flag",168,"Y",2,8,NA,"No known compromise","NEON.DOC.014045vF","XIk3CMH/VT2ztcDIBBKNwssfFUwUsihU",NA,"legacyData"
"02398b36-dce9-453f-a202-9b0d5e064a4b","TALL_006.tickPlot.tck","D08","TALL","TALL_006","distributed","evergreenForest",32.899144,-87.444571,"WGS84",20.3,108.6,0.3,"2015-06-22T16:28Z","TALL.2015.25","TALL_006.20150622",NA,"drag and flag",164,"Y",1,1,NA,"No known compromise","NEON.DOC.014045vF","0ygyTA3URVoNp+waZjN2Lu+zP0lNl3v9",NA,"legacyData"
"0326cbbc-68ae-4025-81e8-34615eed7d1d","TALL_001.tickPlot.tck","D08","TALL","TALL_001","distributed","deciduousForest",32.97637,-87.432184,"WGS84",20.2,114.6,0.1,"2015-06-22T18:03Z","TALL.2015.25","TALL_001.20150622",NA,"drag and flag",160,"Y",4,6,NA,"No known compromise","NEON.DOC.014045vF","XIk3CMH/VT2ztcDIBBKNwssfFUwUsihU",NA,"legacyData"
"414fd03e-f556-49eb-b827-a84051cad038","TALL_016.tickPlot.tck","D08","TALL","TALL_016","distributed","evergreenForest",32.971553,-87.415845,"WGS84",20.1,138.9,0.1,"2015-06-22T19:33Z","TALL.2015.25","TALL_016.20150622",NA,"drag and flag",161,"Y",0,1,NA,"No known compromise","NEON.DOC.014045vF","XIk3CMH/VT2ztcDIBBKNwssfFUwUsihU",NA,"legacyData"
"d706cf17-ebb1-4db1-808e-ceb6ead1301e","TALL_016.tickPlot.tck","D08","TALL","TALL_016","distributed","evergreenForest",32.971553,-87.415845,"WGS84",20.1,138.9,0.1,"2015-07-17T12:10Z","TALL.2015.28","",NA,"drag and flag",160,"N",0,0,NA,"","NEON.DOC.014045vF","v7wRdnV1gD6DA7NUoRhtXNeAYtN2k0WN",NA,"legacyData"
"415dc378-e696-460c-86a3-614460d93c3d","TALL_008.tickPlot.tck","D08","TALL","TALL_008","distributed","deciduousForest",32.922874,-87.434097,"WGS84",20.2,127.5,0.2,"2015-07-17T12:23Z","TALL.2015.28","TALL_008.20150717",NA,"drag",169,"Y",3,32,NA,"No known compromise","NEON.DOC.014045vF","F649F+le3AHvC1s9mrBbdl/cL0oaCCMF",NA,"legacyData"
"f4525ae4-59c0-45d9-adec-3622b64b337e","TALL_001.tickPlot.tck","D08","TALL","TALL_001","distributed","deciduousForest",32.97637,-87.432184,"WGS84",20.2,114.6,0.1,"2015-07-17T13:15Z","TALL.2015.28","TALL_001.20150717",NA,"drag and flag",163,"Y",1,3,NA,"No known compromise","NEON.DOC.014045vF","v7wRdnV1gD6DA7NUoRhtXNeAYtN2k0WN",NA,"legacyData"
"ae19bc89-7fa8-440f-909a-de23506449a7","TALL_002.tickPlot.tck","D08","TALL","TALL_002","distributed","mixedForest",32.920823,-87.428955,"WGS84",20.3,104,0.4,"2015-07-17T13:44Z","TALL.2015.28","TALL_002.20150717",NA,"drag and flag",163,"Y",0,4,NA,"No known compromise","NEON.DOC.014045vF","F649F+le3AHvC1s9mrBbdl/cL0oaCCMF",NA,"legacyData"
"b1e7f5b5-215c-4f7c-9f38-eecbf8ab1641","TALL_006.tickPlot.tck","D08","TALL","TALL_006","distributed","evergreenForest",32.899144,-87.444571,"WGS84",20.3,108.6,0.3,"2015-07-17T15:13Z","TALL.2015.28","TALL_006.20150717",NA,"drag and flag",166,"Y",0,1,NA,"No known compromise","NEON.DOC.014045vF","F649F+le3AHvC1s9mrBbdl/cL0oaCCMF",NA,"legacyData"
"799914d9-a09b-443b-b618-b9f317e5305b","TALL_003.tickPlot.tck","D08","TALL","TALL_003","distributed","mixedForest",32.894415,-87.416532,"WGS84",20.2,121.9,0.2,"2015-07-17T16:25Z","TALL.2015.28","TALL_003.20150717",NA,"drag and flag",155,"Y",0,3,NA,"No known compromise","NEON.DOC.014045vF","F649F+le3AHvC1s9mrBbdl/cL0oaCCMF",NA,"legacyData"
"b746ff06-05de-4c34-9773-1c8b6112d40a","TALL_008.tickPlot.tck","D08","TALL","TALL_008","distributed","deciduousForest",32.922874,-87.434097,"WGS84",20.2,127.5,0.2,"2015-08-03T12:10Z","TALL.2015.31","TALL_008.20150803",NA,"drag",164,"Y",0,3,NA,"No known compromise","NEON.DOC.014045vF","XIk3CMH/VT2ztcDIBBKNwssfFUwUsihU",NA,"legacyData"
"05a67cf7-cb75-4bfa-b524-2be9afce5b21","TALL_001.tickPlot.tck","D08","TALL","TALL_001","distributed","deciduousForest",32.97637,-87.432184,"WGS84",20.2,114.6,0.1,"2015-08-03T12:15Z","TALL.2015.31","TALL_001.20150803",NA,"drag and flag",162,"Y",2,2,NA,"No known compromise","NEON.DOC.014045vF","F649F+le3AHvC1s9mrBbdl/cL0oaCCMF",NA,"legacyData"
"50757eb0-042b-496a-b816-a2836da0a85e","TALL_002.tickPlot.tck","D08","TALL","TALL_002","distributed","mixedForest",32.920823,-87.428955,"WGS84",20.3,104,0.4,"2015-08-03T13:03Z","TALL.2015.31","TALL_002.20150803",NA,"drag",163,"Y",1,4,NA,"No known compromise","NEON.DOC.014045vF","XIk3CMH/VT2ztcDIBBKNwssfFUwUsihU",NA,"legacyData"
"89ef406c-11b5-4471-a6b7-5241ea155a74","TALL_016.tickPlot.tck","D08","TALL","TALL_016","distributed","evergreenForest",32.971553,-87.415845,"WGS84",20.1,138.9,0.1,"2015-08-03T14:08Z","TALL.2015.31","",NA,"drag and flag",160,"N",0,0,NA,"","NEON.DOC.014045vF","F649F+le3AHvC1s9mrBbdl/cL0oaCCMF",NA,"legacyData"
"ad8e69c0-7ff7-40e9-8f45-e1b95850f3dc","TALL_006.tickPlot.tck","D08","TALL","TALL_006","distributed","evergreenForest",32.899144,-87.444571,"WGS84",20.3,108.6,0.3,"2015-08-03T14:22Z","TALL.2015.31","TALL_006.20150803",NA,"drag and flag",167,"Y",1,0,110,"No known compromise","NEON.DOC.014045vF","XIk3CMH/VT2ztcDIBBKNwssfFUwUsihU",NA,"legacyData"
"93f41757-846c-419b-a71e-8ee669216a67","TALL_003.tickPlot.tck","D08","TALL","TALL_003","distributed","mixedForest",32.894415,-87.416532,"WGS84",20.2,121.9,0.2,"2015-08-03T16:00Z","TALL.2015.31","TALL_003.20150803",NA,"drag and flag",161,"Y",0,1,NA,"No known compromise","NEON.DOC.014045vF","XIk3CMH/VT2ztcDIBBKNwssfFUwUsihU",NA,"legacyData"
"871b7741-a972-46b7-8fba-58829f234cbf","TALL_006.tickPlot.tck","D08","TALL","TALL_006","distributed","evergreenForest",32.899144,-87.444571,"WGS84",20.3,108.6,0.3,"2015-08-25T13:00Z","TALL.2015.34","TALL_006.20150825",NA,"drag and flag",150,"Y",0,3,391,"No known compromise","NEON.DOC.014045vF","v7wRdnV1gD6DA7NUoRhtXNeAYtN2k0WN",NA,"legacyData"
"9e83fa97-8e7e-4b1c-9d82-f4c029baa953","TALL_008.tickPlot.tck","D08","TALL","TALL_008","distributed","deciduousForest",32.922874,-87.434097,"WGS84",20.2,127.5,0.2,"2015-08-25T13:18Z","TALL.2015.34","TALL_008.20150825",NA,"drag",164,"Y",1,18,NA,"No known compromise","NEON.DOC.014045vF","F649F+le3AHvC1s9mrBbdl/cL0oaCCMF",NA,"legacyData"
"f9cdf289-23bb-4d0d-b41d-81f33ade5221","TALL_002.tickPlot.tck","D08","TALL","TALL_002","distributed","mixedForest",32.920823,-87.428955,"WGS84",20.3,104,0.4,"2015-08-25T14:34Z","TALL.2015.34","TALL_002.20150825",NA,"drag",160,"Y",1,3,84,"No known compromise","NEON.DOC.014045vF","F649F+le3AHvC1s9mrBbdl/cL0oaCCMF",NA,"legacyData"
"022bde87-0221-45db-a9a4-15a7eba88c3f","TALL_016.tickPlot.tck","D08","TALL","TALL_016","distributed","evergreenForest",32.971553,-87.415845,"WGS84",20.1,138.9,0.1,"2015-08-25T14:50Z","TALL.2015.34","",NA,"drag",160,"N",0,0,NA,"","NEON.DOC.014045vF","v7wRdnV1gD6DA7NUoRhtXNeAYtN2k0WN",NA,"legacyData"
"7e0cb712-cad1-45b5-a5f0-f4e511e7d107","TALL_001.tickPlot.tck","D08","TALL","TALL_001","distributed","deciduousForest",32.97637,-87.432184,"WGS84",20.2,114.6,0.1,"2015-08-25T16:00Z","TALL.2015.34","TALL_001.20150825",NA,"drag and flag",160,"Y",0,7,NA,"No known compromise","NEON.DOC.014045vF","v7wRdnV1gD6DA7NUoRhtXNeAYtN2k0WN",NA,"legacyData"
"78151d7f-5d8a-439f-b9d1-451b84091903","TALL_003.tickPlot.tck","D08","TALL","TALL_003","distributed","mixedForest",32.894415,-87.416532,"WGS84",20.2,121.9,0.2,"2015-08-25T16:22Z","TALL.2015.34","TALL_003.20150825",NA,"drag and flag",158,"Y",0,4,NA,"No known compromise","NEON.DOC.014045vF","F649F+le3AHvC1s9mrBbdl/cL0oaCCMF",NA,"legacyData"
"531796c1-69e8-4fdf-b3c1-e86e5e3a2f8f","TALL_006.tickPlot.tck","D08","TALL","TALL_006","distributed","evergreenForest",32.899144,-87.444571,"WGS84",20.3,108.6,0.3,"2015-09-15T12:53Z","TALL.2015.37","TALL_006.20150915",NA,"drag and flag",161,"Y",0,1,NA,"No known compromise","NEON.DOC.014045vF","9NpSOfdMh8lijcaKJO/PGvrTe+m1fKRQ",NA,"legacyData"
"7c9da547-5107-4ae9-93ab-7b77f2adaebe","TALL_008.tickPlot.tck","D08","TALL","TALL_008","distributed","deciduousForest",32.922874,-87.434097,"WGS84",20.2,127.5,0.2,"2015-09-15T13:10Z","TALL.2015.37","TALL_008.20150915",NA,"drag and flag",160,"Y",0,15,2,"No known compromise","NEON.DOC.014045vF","v7wRdnV1gD6DA7NUoRhtXNeAYtN2k0WN",NA,"legacyData"
"006d415a-3790-4106-80ef-aae05df6cc62","TALL_002.tickPlot.tck","D08","TALL","TALL_002","distributed","mixedForest",32.920823,-87.428955,"WGS84",20.3,104,0.4,"2015-09-15T14:05Z","TALL.2015.37","TALL_002.20150915",NA,"drag and flag",160,"Y",0,3,530,"No known compromise","NEON.DOC.014045vF","v7wRdnV1gD6DA7NUoRhtXNeAYtN2k0WN",NA,"legacyData"
"fad7b076-8efd-4032-a334-b21b18fb7adf","TALL_016.tickPlot.tck","D08","TALL","TALL_016","distributed","evergreenForest",32.971553,-87.415845,"WGS84",20.1,138.9,0.1,"2015-09-15T14:14Z","TALL.2015.37","",NA,"drag and flag",160,"N",0,0,NA,"","NEON.DOC.014045vF","9NpSOfdMh8lijcaKJO/PGvrTe+m1fKRQ",NA,"legacyData"
"a34d9e56-8e63-476f-9773-adf9eaa18a57","TALL_001.tickPlot.tck","D08","TALL","TALL_001","distributed","deciduousForest",32.97637,-87.432184,"WGS84",20.2,114.6,0.1,"2015-09-15T15:23Z","TALL.2015.37","TALL_001.20150915",NA,"drag and flag",160,"Y",1,1,NA,"No known compromise","NEON.DOC.014045vF","9NpSOfdMh8lijcaKJO/PGvrTe+m1fKRQ",NA,"legacyData"
"ac8dcca5-4cd7-4ec1-975b-a397999ceb48","TALL_003.tickPlot.tck","D08","TALL","TALL_003","distributed","mixedForest",32.894415,-87.416532,"WGS84",20.2,121.9,0.2,"2015-09-15T16:16Z","TALL.2015.37","TALL_003.20150915",NA,"drag and flag",160,"Y",0,5,136,"No known compromise","NEON.DOC.014045vF","v7wRdnV1gD6DA7NUoRhtXNeAYtN2k0WN",NA,"legacyData"
"e164cf05-7533-41dd-a977-cff6b95072d6","TALL_008.tickPlot.tck","D08","TALL","TALL_008","distributed","deciduousForest",32.922874,-87.434097,"WGS84",20.2,127.5,0.2,"2015-10-05T13:15Z","TALL.2015.40","TALL_008.20151005",NA,"drag",160,"Y",0,8,1,"No known compromise","NEON.DOC.014045vF","XIk3CMH/VT2ztcDIBBKNwssfFUwUsihU",NA,"legacyData"
"f8477896-5334-48b8-a49f-bdcbefce4259","TALL_016.tickPlot.tck","D08","TALL","TALL_016","distributed","evergreenForest",32.971553,-87.415845,"WGS84",20.1,138.9,0.1,"2015-10-05T13:47Z","TALL.2015.40","",NA,"drag and flag",162,"N",0,0,NA,"","NEON.DOC.014045vF","F649F+le3AHvC1s9mrBbdl/cL0oaCCMF",NA,"legacyData"
"e52e6ef4-5eeb-4f99-b7d1-e2926bf88026","TALL_002.tickPlot.tck","D08","TALL","TALL_002","distributed","mixedForest",32.920823,-87.428955,"WGS84",20.3,104,0.4,"2015-10-05T14:20Z","TALL.2015.40","TALL_002.20151005",NA,"drag",160,"Y",0,0,142,"No known compromise","NEON.DOC.014045vF","XIk3CMH/VT2ztcDIBBKNwssfFUwUsihU",NA,"legacyData"
"e26e1707-9893-41c3-81f7-437f30db8a0d","TALL_001.tickPlot.tck","D08","TALL","TALL_001","distributed","deciduousForest",32.97637,-87.432184,"WGS84",20.2,114.6,0.1,"2015-10-05T15:00Z","TALL.2015.40","",NA,"drag and flag",160,"N",0,0,NA,"","NEON.DOC.014045vF","F649F+le3AHvC1s9mrBbdl/cL0oaCCMF",NA,"legacyData"
"0aeba654-9a7c-4704-8aa5-76f25b67894e","TALL_006.tickPlot.tck","D08","TALL","TALL_006","distributed","evergreenForest",32.899144,-87.444571,"WGS84",20.3,108.6,0.3,"2015-10-05T15:45Z","TALL.2015.40","TALL_006.20151005",NA,"drag and flag",160,"Y",0,1,3,"No known compromise","NEON.DOC.014045vF","XIk3CMH/VT2ztcDIBBKNwssfFUwUsihU",NA,"legacyData"
"05fefe5b-a4e3-4ae5-a4cb-f1c0eb8b76e9","TALL_003.tickPlot.tck","D08","TALL","TALL_003","distributed","mixedForest",32.894415,-87.416532,"WGS84",20.2,121.9,0.2,"2015-10-05T16:45Z","TALL.2015.40","TALL_003.20151005",NA,"drag",160,"Y",1,1,300,"No known compromise","NEON.DOC.014045vF","XIk3CMH/VT2ztcDIBBKNwssfFUwUsihU",NA,"legacyData"
"837d7695-0f15-4d68-b2b8-9213aadd34b5","TALL_008.tickPlot.tck","D08","TALL","TALL_008","distributed","deciduousForest",32.922874,-87.434097,"WGS84",20.2,127.5,0.2,"2015-10-30T15:14Z","TALL.2015.43","",NA,"drag",161,"N",0,0,NA,"","NEON.DOC.014045vF","XIk3CMH/VT2ztcDIBBKNwssfFUwUsihU",NA,"legacyData"
"8d947931-762f-441c-aabb-ec85d0e55d83","TALL_001.tickPlot.tck","D08","TALL","TALL_001","distributed","deciduousForest",32.97637,-87.432184,"WGS84",20.2,114.6,0.1,"2015-10-30T15:20Z","TALL.2015.43","",NA,"drag and flag",160,"N",0,0,NA,"","NEON.DOC.014045vF","1BXlVo/+sgQnzGKl3MtQcn6rxZDFIa/f",NA,"legacyData"
"b81fa275-aef6-4629-9407-735e6eb85e30","TALL_002.tickPlot.tck","D08","TALL","TALL_002","distributed","mixedForest",32.920823,-87.428955,"WGS84",20.3,104,0.4,"2015-10-30T16:16Z","TALL.2015.43","TALL_002.20151030",NA,"drag",162,"Y",0,1,NA,"No known compromise","NEON.DOC.014045vF","XIk3CMH/VT2ztcDIBBKNwssfFUwUsihU",NA,""
"255202c5-aea1-4d72-9546-22919a44c13f","TALL_016.tickPlot.tck","D08","TALL","TALL_016","distributed","evergreenForest",32.971553,-87.415845,"WGS84",20.1,138.9,0.1,"2015-10-30T16:20Z","TALL.2015.43","",NA,"drag and flag",155,"N",0,0,NA,"","NEON.DOC.014045vF","1BXlVo/+sgQnzGKl3MtQcn6rxZDFIa/f",NA,"legacyData"
"7eea0729-e43e-41a5-8676-e0209ef5fd7a","TALL_006.tickPlot.tck","D08","TALL","TALL_006","distributed","evergreenForest",32.899144,-87.444571,"WGS84",20.3,108.6,0.3,"2015-10-30T17:23Z","TALL.2015.43","",NA,"drag and flag",153,"N",0,0,NA,"","NEON.DOC.014045vF","1BXlVo/+sgQnzGKl3MtQcn6rxZDFIa/f",NA,"legacyData"
"99630d79-8c40-44ef-86dc-96b2144c7043","TALL_003.tickPlot.tck","D08","TALL","TALL_003","distributed","mixedForest",32.894415,-87.416532,"WGS84",20.2,121.9,0.2,"2015-10-30T17:53Z","TALL.2015.43","",NA,"drag and flag",157,"N",0,0,NA,"","NEON.DOC.014045vF","XIk3CMH/VT2ztcDIBBKNwssfFUwUsihU",NA,"legacyData"
"4a1966c7-c17d-43f6-8c81-5f3bf3ce7325","TALL_001.tickPlot.tck","D08","TALL","TALL_001","distributed","deciduousForest",32.97637,-87.432184,"WGS84",20.2,114.6,0.1,"2015-11-17T15:11Z","TALL.2015.46","TALL_001.20151117",NA,"drag and flag",160,"Y",0,0,63,"No known compromise","NEON.DOC.014045vF","XIk3CMH/VT2ztcDIBBKNwssfFUwUsihU",NA,"legacyData"
"6feb294c-5b85-4a1c-a289-34cb32bff339","TALL_008.tickPlot.tck","D08","TALL","TALL_008","distributed","deciduousForest",32.922874,-87.434097,"WGS84",20.2,127.5,0.2,"2015-11-17T15:15Z","TALL.2015.46","TALL_008.20151117",NA,"drag and flag",160,"Y",2,0,2,"No known compromise","NEON.DOC.014045vF","v7wRdnV1gD6DA7NUoRhtXNeAYtN2k0WN",NA,"legacyData"
"dd02e851-2b6a-4fd6-998e-224e54d185e7","TALL_016.tickPlot.tck","D08","TALL","TALL_016","distributed","evergreenForest",32.971553,-87.415845,"WGS84",20.1,138.9,0.1,"2015-11-17T16:09Z","TALL.2015.46","",NA,"drag",160,"N",0,0,NA,"","NEON.DOC.014045vF","XIk3CMH/VT2ztcDIBBKNwssfFUwUsihU",NA,"legacyData"
"63129e3c-6cab-4e66-bbc1-aaf3ed3a574c","TALL_002.tickPlot.tck","D08","TALL","TALL_002","distributed","mixedForest",32.920823,-87.428955,"WGS84",20.3,104,0.4,"2015-11-17T16:10Z","TALL.2015.46","",NA,"drag",160,"N",0,0,NA,"","NEON.DOC.014045vF","v7wRdnV1gD6DA7NUoRhtXNeAYtN2k0WN",NA,"legacyData"
"a18e982f-59d6-4cd2-896a-120671c9d33d","TALL_006.tickPlot.tck","D08","TALL","TALL_006","distributed","evergreenForest",32.899144,-87.444571,"WGS84",20.3,108.6,0.3,"2015-11-17T16:54Z","TALL.2015.46","",NA,"drag and flag",162,"N",0,0,NA,"","NEON.DOC.014045vF","XIk3CMH/VT2ztcDIBBKNwssfFUwUsihU",NA,"legacyData"
"e2e2e83d-d35b-469a-b48d-8ff6b9c6a0b0","TALL_003.tickPlot.tck","D08","TALL","TALL_003","distributed","mixedForest",32.894415,-87.416532,"WGS84",20.2,121.9,0.2,"2015-11-17T17:19Z","TALL.2015.46","",NA,"drag and flag",150,"N",0,0,NA,"","NEON.DOC.014045vF","v7wRdnV1gD6DA7NUoRhtXNeAYtN2k0WN",NA,"legacyData"
"6990caad-e6e0-451a-93db-7d05c53324a0","TALL_003.tickPlot.tck","D08","TALL","TALL_003","distributed","mixedForest",32.894415,-87.416532,"WGS84",20.2,121.9,0.2,"2016-03-23T13:50Z","TALL.2016.12","",NA,"drag",160,"N",0,0,0,"No known compromise","NEON.DOC.014045vG","0ygyTA3URVoNp+waZjN2Lu+zP0lNl3v9",NA,NA
"9e4a8a3c-ca9c-4851-8834-4594b5b51d3b","TALL_008.tickPlot.tck","D08","TALL","TALL_008","distributed","deciduousForest",32.922874,-87.434097,"WGS84",20.2,127.5,0.2,"2016-03-23T14:40Z","TALL.2016.12","",NA,"drag",160,"N",0,0,0,"No known compromise","NEON.DOC.014045vG","0ygyTA3URVoNp+waZjN2Lu+zP0lNl3v9",NA,NA
"8712de45-129b-4c08-8f0e-6e24aded232e","TALL_006.tickPlot.tck","D08","TALL","TALL_006","distributed","evergreenForest",32.899144,-87.444571,"WGS84",20.3,108.6,0.3,"2016-03-23T16:00Z","TALL.2016.12","TALL_006.20160323",NA,"drag and flag",160,"Y",0,2,0,"No known compromise","NEON.DOC.014045vG","0ygyTA3URVoNp+waZjN2Lu+zP0lNl3v9",NA,NA
"3812a202-d7ae-4cdf-8d5b-484487419510","TALL_016.tickPlot.tck","D08","TALL","TALL_016","distributed","evergreenForest",32.971553,-87.415845,"WGS84",20.1,138.9,0.1,"2016-03-23T19:13Z","TALL.2016.12","",NA,"drag and flag",160,"N",0,0,0,"No known compromise","NEON.DOC.014045vG","v7wRdnV1gD6DA7NUoRhtXNeAYtN2k0WN",NA,NA
"e4b2420f-9c74-4251-a2af-34ae61514631","TALL_001.tickPlot.tck","D08","TALL","TALL_001","distributed","deciduousForest",32.97637,-87.432184,"WGS84",20.2,114.6,0.1,"2016-03-23T20:15Z","TALL.2016.12","TALL_001.20160323",NA,"drag",160,"Y",1,0,0,"No known compromise","NEON.DOC.014045vG","v7wRdnV1gD6DA7NUoRhtXNeAYtN2k0WN",NA,NA
"401e4155-f673-429c-8c93-cf9663b86d7b","TALL_002.tickPlot.tck","D08","TALL","TALL_002","distributed","mixedForest",32.920823,-87.428955,"WGS84",20.3,104,0.4,"2016-03-29T15:35Z","TALL.2016.13","TALL_002.20160329",NA,"drag",160,"Y",1,11,0,"No known compromise","NEON.DOC.014045vG","Bw3luEmt/EBXrQHhVu/bZXxTa02TtXvY",NA,NA
"3511b1ac-70a1-4484-b074-44f80032ee77","TALL_003.tickPlot.tck","D08","TALL","TALL_003","distributed","mixedForest",32.894415,-87.416532,"WGS84",20.2,121.9,0.2,"2016-04-20T14:15Z","TALL.2016.16","TALL_003.20160420",NA,"drag and flag",160,"Y",0,1,0,"No known compromise","NEON.DOC.014045vG","icbK2sgUQA82Ar1vQYA5T6ifReQJeOxX",NA,NA
"e485daf9-6204-4a86-94ad-b85a09517c8c","TALL_008.tickPlot.tck","D08","TALL","TALL_008","distributed","deciduousForest",32.922874,-87.434097,"WGS84",20.2,127.5,0.2,"2016-04-20T15:23Z","TALL.2016.16","TALL_008.20160420",NA,"drag",160,"Y",0,32,0,"No known compromise","NEON.DOC.014045vG","Bw3luEmt/EBXrQHhVu/bZXxTa02TtXvY",NA,NA
"478bdead-58c3-45f4-9582-48bc4515b39e","TALL_002.tickPlot.tck","D08","TALL","TALL_002","distributed","mixedForest",32.920823,-87.428955,"WGS84",20.3,104,0.4,"2016-04-20T16:39Z","TALL.2016.16","TALL_002.20160420",NA,"drag",160,"Y",0,7,0,"No known compromise","NEON.DOC.014045vG","icbK2sgUQA82Ar1vQYA5T6ifReQJeOxX",NA,NA
"d78c24db-e4d4-476b-a468-933923a083de","TALL_006.tickPlot.tck","D08","TALL","TALL_006","distributed","evergreenForest",32.899144,-87.444571,"WGS84",20.3,108.6,0.3,"2016-04-20T18:00Z","TALL.2016.16","TALL_006.20160420",NA,"drag and flag",155,"Y",0,11,0,"No known compromise","NEON.DOC.014045vG","v7wRdnV1gD6DA7NUoRhtXNeAYtN2k0WN",NA,NA
"efb9f2e0-8edb-4fc2-b3df-2d6671d7b222","TALL_016.tickPlot.tck","D08","TALL","TALL_016","distributed","evergreenForest",32.971553,-87.415845,"WGS84",20.1,138.9,0.1,"2016-04-20T19:15Z","TALL.2016.16","",NA,"drag",160,"N",0,0,0,"No known compromise","NEON.DOC.014045vG","v7wRdnV1gD6DA7NUoRhtXNeAYtN2k0WN",NA,NA
"d8497aab-871d-4ee7-b14c-abfa42a4a2bf","TALL_001.tickPlot.tck","D08","TALL","TALL_001","distributed","deciduousForest",32.97637,-87.432184,"WGS84",20.2,114.6,0.1,"2016-04-20T20:11Z","TALL.2016.16","",NA,"drag and flag",160,"N",0,0,0,"No known compromise","NEON.DOC.014045vG","v7wRdnV1gD6DA7NUoRhtXNeAYtN2k0WN",NA,NA
"bca79fa7-be54-4ae4-8f6f-c2776f145036","TALL_006.tickPlot.tck","D08","TALL","TALL_006","distributed","evergreenForest",32.899144,-87.444571,"WGS84",20.3,108.6,0.3,"2016-05-04T14:23Z","TALL.2016.18","TALL_006.20160504",NA,"drag and flag",160,"Y",0,1,0,"No known compromise","NEON.DOC.014045vG","v7wRdnV1gD6DA7NUoRhtXNeAYtN2k0WN",NA,NA
"f4cfe38b-ed3d-4465-a8a4-cf2f0a85ee64","TALL_008.tickPlot.tck","D08","TALL","TALL_008","distributed","deciduousForest",32.922874,-87.434097,"WGS84",20.2,127.5,0.2,"2016-05-04T14:30Z","TALL.2016.18","TALL_008.20160504",NA,"drag",165,"Y",2,26,0,"No known compromise","NEON.DOC.014045vG","LFtSQUzg3D5rM81pWhEN+hmbq2RanalI",NA,NA
"43e2e8df-fc3f-4fc4-9355-fce36970a648","TALL_016.tickPlot.tck","D08","TALL","TALL_016","distributed","evergreenForest",32.971553,-87.415845,"WGS84",20.1,138.9,0.1,"2016-05-04T15:44Z","TALL.2016.18","TALL_016.20160504",NA,"drag and flag",160,"Y",0,1,0,"No known compromise","NEON.DOC.014045vG","v7wRdnV1gD6DA7NUoRhtXNeAYtN2k0WN",NA,NA
"7a29510b-fae6-41c6-9370-b7187bd71cda","TALL_002.tickPlot.tck","D08","TALL","TALL_002","distributed","mixedForest",32.920823,-87.428955,"WGS84",20.3,104,0.4,"2016-05-04T16:10Z","TALL.2016.18","TALL_002.20160504",NA,"drag and flag",160,"Y",0,6,0,"No known compromise","NEON.DOC.014045vG","LFtSQUzg3D5rM81pWhEN+hmbq2RanalI",NA,NA
"c6f447aa-33d5-4120-a5ce-ded89d814c1f","TALL_001.tickPlot.tck","D08","TALL","TALL_001","distributed","deciduousForest",32.97637,-87.432184,"WGS84",20.2,114.6,0.1,"2016-05-04T17:56Z","TALL.2016.18","TALL_001.20160504",NA,"drag and flag",160,"Y",0,4,0,"No known compromise","NEON.DOC.014045vG","v7wRdnV1gD6DA7NUoRhtXNeAYtN2k0WN",NA,NA
"62a93744-e5de-4fde-9c76-b93c077e69a4","TALL_003.tickPlot.tck","D08","TALL","TALL_003","distributed","mixedForest",32.894415,-87.416532,"WGS84",20.2,121.9,0.2,"2016-05-04T18:05Z","TALL.2016.18","TALL_003.20160504",NA,"drag and flag",170,"Y",0,2,0,"No known compromise","NEON.DOC.014045vG","LFtSQUzg3D5rM81pWhEN+hmbq2RanalI",NA,NA
"9efa31e6-04fd-48e3-ae16-4efd971f5633","TALL_001.tickPlot.tck","D08","TALL","TALL_001","distributed","deciduousForest",32.97637,-87.432184,"WGS84",20.2,114.6,0.1,"2016-05-26T13:15Z","TALL.2016.21","TALL_001.20160526",NA,"drag",155,"Y",1,4,0,"No known compromise","NEON.DOC.014045vG","0ygyTA3URVoNp+waZjN2Lu+zP0lNl3v9",NA,NA
"39cffb81-2579-4441-b0d5-37c0a5f4e1ac","TALL_016.tickPlot.tck","D08","TALL","TALL_016","distributed","evergreenForest",32.971553,-87.415845,"WGS84",20.1,138.9,0.1,"2016-05-26T14:35Z","TALL.2016.21","",NA,"drag",160,"N",0,0,0,"No known compromise","NEON.DOC.014045vG","Bw3luEmt/EBXrQHhVu/bZXxTa02TtXvY",NA,NA
"667678d1-28da-45d0-97a8-c51dc8f1eee9","TALL_002.tickPlot.tck","D08","TALL","TALL_002","distributed","mixedForest",32.920823,-87.428955,"WGS84",20.3,104,0.4,"2016-05-26T15:27Z","TALL.2016.21","TALL_002.20160526",NA,"drag",160,"Y",2,6,0,"No known compromise","NEON.DOC.014045vG","ivIRHNyZLcsR/EGAdnc8sn41967l5+h5",NA,NA
"6d0451e1-d961-4534-b556-418b36c46977","TALL_006.tickPlot.tck","D08","TALL","TALL_006","distributed","evergreenForest",32.899144,-87.444571,"WGS84",20.3,108.6,0.3,"2016-05-26T16:00Z","TALL.2016.21","TALL_006.20160526",NA,"drag and flag",160,"Y",1,2,1,"No known compromise","NEON.DOC.014045vG","0ygyTA3URVoNp+waZjN2Lu+zP0lNl3v9",NA,NA
"38dc9c81-eb88-41e8-b651-3580510bc520","TALL_008.tickPlot.tck","D08","TALL","TALL_008","distributed","deciduousForest",32.922874,-87.434097,"WGS84",20.2,127.5,0.2,"2016-05-26T16:08Z","TALL.2016.21","TALL_008.20160526",NA,"drag",160,"Y",3,14,0,"No known compromise","NEON.DOC.014045vG","ivIRHNyZLcsR/EGAdnc8sn41967l5+h5",NA,NA
"ad1a63da-5f7f-4f60-9944-804ada57b588","TALL_003.tickPlot.tck","D08","TALL","TALL_003","distributed","mixedForest",32.894415,-87.416532,"WGS84",20.2,121.9,0.2,"2016-05-26T17:05Z","TALL.2016.21","TALL_003.20160526",NA,"drag",160,"Y",0,5,0,"No known compromise","NEON.DOC.014045vG","Bw3luEmt/EBXrQHhVu/bZXxTa02TtXvY",NA,NA
"f469d348-21dc-4697-be40-885297629c48","TALL_002.tickPlot.tck","D08","TALL","TALL_002","distributed","mixedForest",32.920823,-87.428955,"WGS84",20.3,104,0.4,"2016-06-17T13:05Z","TALL.2016.24","TALL_002.20160617",NA,"drag",160,"Y",2,3,0,"No known compromise","NEON.DOC.014045vG","1BXlVo/+sgSJoXplbbCnfd62Du41GnwJ",NA,NA
"0155b26f-e2e8-4fdc-871b-7e65c44f28a7","TALL_008.tickPlot.tck","D08","TALL","TALL_008","distributed","deciduousForest",32.922874,-87.434097,"WGS84",20.2,127.5,0.2,"2016-06-17T13:57Z","TALL.2016.24","TALL_008.20160617",NA,"drag and flag",160,"Y",1,13,0,"No known compromise","NEON.DOC.014045vG","1BXlVo/+sgSJoXplbbCnfd62Du41GnwJ",NA,NA
"7c370e50-1acc-4909-b8f1-7609cb538cd5","TALL_001.tickPlot.tck","D08","TALL","TALL_001","distributed","deciduousForest",32.97637,-87.432184,"WGS84",20.2,114.6,0.1,"2016-06-17T13:58Z","TALL.2016.24","TALL_001.20160617",NA,"drag",160,"Y",0,2,0,"No known compromise","NEON.DOC.014045vG","Bw3luEmt/EBXrQHhVu/bZXxTa02TtXvY",NA,NA
"5becd383-8b9d-43d6-a97c-fe1cf1325920","TALL_006.tickPlot.tck","D08","TALL","TALL_006","distributed","evergreenForest",32.899144,-87.444571,"WGS84",20.3,108.6,0.3,"2016-06-17T15:15Z","TALL.2016.24","TALL_006.20160617",NA,"drag and flag",160,"Y",0,2,0,"No known compromise","NEON.DOC.014045vG","1BXlVo/+sgSJoXplbbCnfd62Du41GnwJ",NA,NA
"dc72762b-3b0e-470a-a910-3eb8e291586b","TALL_016.tickPlot.tck","D08","TALL","TALL_016","distributed","evergreenForest",32.971553,-87.415845,"WGS84",20.1,138.9,0.1,"2016-06-17T15:15Z","TALL.2016.24","TALL_016.20160617",NA,"drag",160,"Y",0,1,0,"No known compromise","NEON.DOC.014045vG","Bw3luEmt/EBXrQHhVu/bZXxTa02TtXvY",NA,NA
"6881034c-3459-441e-92ee-28d88098ba3b","TALL_003.tickPlot.tck","D08","TALL","TALL_003","distributed","mixedForest",32.894415,-87.416532,"WGS84",20.2,121.9,0.2,"2016-06-17T16:20Z","TALL.2016.24","TALL_003.20160617",NA,"drag",160,"Y",0,3,0,"No known compromise","NEON.DOC.014045vG","Bw3luEmt/EBXrQHhVu/bZXxTa02TtXvY",NA,NA
"529772a6-be91-4864-8323-af22d43f31c2","TALL_006.tickPlot.tck","D08","TALL","TALL_006","distributed","evergreenForest",32.899144,-87.444571,"WGS84",20.3,108.6,0.3,"2016-07-12T12:12Z","TALL.2016.28","TALL_006.20160712",NA,"drag and flag",163,"Y",0,1,0,"No known compromise","NEON.DOC.014045vG","tlFJY5FrD6mwsYO1zfjMqQxvIkgymXRH",NA,NA
"76d0542c-8fd6-4293-b8d1-c220118904c8","TALL_003.tickPlot.tck","D08","TALL","TALL_003","distributed","mixedForest",32.894415,-87.416532,"WGS84",20.2,121.9,0.2,"2016-07-12T13:16Z","TALL.2016.28","TALL_003.20160712",NA,"drag and flag",160,"Y",0,2,0,"No known compromise","NEON.DOC.014045vG","0ShTL6IaUenIl8UIrFus2FxL7Gs6+tXJU6TiW3z61Vg=",NA,NA
"f6a0cebb-9aaa-49a7-bdac-ba8a8dd53425","TALL_002.tickPlot.tck","D08","TALL","TALL_002","distributed","mixedForest",32.920823,-87.428955,"WGS84",20.3,104,0.4,"2016-07-12T13:55Z","TALL.2016.28","TALL_002.20160712",NA,"drag and flag",164,"Y",2,7,0,"No known compromise","NEON.DOC.014045vG","tlFJY5FrD6mwsYO1zfjMqQxvIkgymXRH",NA,NA
"fc8c26d2-e44b-47aa-b1c0-f5d1a11d7c0b","TALL_001.tickPlot.tck","D08","TALL","TALL_001","distributed","deciduousForest",32.97637,-87.432184,"WGS84",20.2,114.6,0.1,"2016-07-12T14:48Z","TALL.2016.28","TALL_001.20160712",NA,"drag",165,"Y",0,4,1,"No known compromise","NEON.DOC.014045vG","26b2LQSyIrRUOQkaYIGoF5QmqFJC+Tn0",NA,NA
"8a80a4a5-d461-4cd3-8dd9-2540b5172a5e","TALL_008.tickPlot.tck","D08","TALL","TALL_008","distributed","deciduousForest",32.922874,-87.434097,"WGS84",20.2,127.5,0.2,"2016-07-12T15:30Z","TALL.2016.28","TALL_008.20160712",NA,"drag and flag",165,"Y",2,18,0,"No known compromise","NEON.DOC.014045vG","tlFJY5FrD6mwsYO1zfjMqQxvIkgymXRH",NA,NA
"8ef5750d-d964-4df3-879b-6d188669233f","TALL_016.tickPlot.tck","D08","TALL","TALL_016","distributed","evergreenForest",32.971553,-87.415845,"WGS84",20.1,138.9,0.1,"2016-07-12T16:03Z","TALL.2016.28","",NA,"drag and flag",160,"N",0,0,0,"No known compromise","NEON.DOC.014045vG","26b2LQSyIrRUOQkaYIGoF5QmqFJC+Tn0",NA,NA
"891affc6-fd41-47bf-b726-8674f1b242f3","TALL_006.tickPlot.tck","D08","TALL","TALL_006","distributed","evergreenForest",32.899144,-87.444571,"WGS84",20.3,108.6,0.3,"2016-07-26T12:15Z","TALL.2016.30","",NA,"drag and flag",170,"N",0,0,0,"No known compromise","NEON.DOC.014045vG","WyZqSBC++yIyH9bWlefXNeD/gGngDtl/",NA,NA
"653387e6-deab-467f-8608-6b51fee3236b","TALL_002.tickPlot.tck","D08","TALL","TALL_002","distributed","mixedForest",32.920823,-87.428955,"WGS84",20.3,104,0.4,"2016-07-26T12:16Z","TALL.2016.30","TALL_002.20160726",NA,"drag",175,"Y",2,7,27,"No known compromise","NEON.DOC.014045vG","ivIRHNyZLcsR/EGAdnc8sn41967l5+h5",NA,NA
"3ee973dc-c04c-4212-9509-b779d45ff1f9","TALL_008.tickPlot.tck","D08","TALL","TALL_008","distributed","deciduousForest",32.922874,-87.434097,"WGS84",20.2,127.5,0.2,"2016-07-26T14:13Z","TALL.2016.30","TALL_008.20160726",NA,"drag",165,"Y",0,13,2,"No known compromise","NEON.DOC.014045vG","ivIRHNyZLcsR/EGAdnc8sn41967l5+h5",NA,NA
"8d30305e-831d-4a02-849d-359c12d06122","TALL_001.tickPlot.tck","D08","TALL","TALL_001","distributed","deciduousForest",32.97637,-87.432184,"WGS84",20.2,114.6,0.1,"2016-07-26T14:46Z","TALL.2016.30","TALL_001.20160726",NA,"drag",165,"Y",0,4,0,"No known compromise","NEON.DOC.014045vG","Z8ZjOdYSUdFcy3JLIHElhGfjZRi6soXiWPP5GbsCcNo=",NA,NA
"1754b25a-cdba-4ed8-850b-3411c550dd11","TALL_016.tickPlot.tck","D08","TALL","TALL_016","distributed","evergreenForest",32.971553,-87.415845,"WGS84",20.1,138.9,0.1,"2016-07-26T15:21Z","TALL.2016.30","",NA,"drag",160,"N",0,0,0,"No known compromise","NEON.DOC.014045vG","WyZqSBC++yIyH9bWlefXNeD/gGngDtl/",NA,NA
"0147bf16-378a-44fd-975d-f5d70f0db5cc","TALL_003.tickPlot.tck","D08","TALL","TALL_003","distributed","mixedForest",32.894415,-87.416532,"WGS84",20.2,121.9,0.2,"2016-07-26T15:59Z","TALL.2016.30","",NA,"drag",165,"N",0,0,0,"No known compromise","NEON.DOC.014045vG","ivIRHNyZLcsR/EGAdnc8sn41967l5+h5",NA,NA
"1e490bd8-5403-4a4d-91a1-2b02475a830b","TALL_001.tickPlot.tck","D08","TALL","TALL_001","distributed","deciduousForest",32.97637,-87.432184,"WGS84",20.2,114.6,0.1,"2016-08-22T12:29Z","TALL.2016.34","",NA,"drag",160,"N",0,0,0,"No known compromise","NEON.DOC.014045vG","ivIRHNyZLcsR/EGAdnc8sn41967l5+h5","",NA
"2ac0f675-2018-4710-bdd6-b50b8e513cf6","TALL_003.tickPlot.tck","D08","TALL","TALL_003","distributed","mixedForest",32.894415,-87.416532,"WGS84",20.2,121.9,0.2,"2016-08-22T14:09Z","TALL.2016.34","",NA,"drag",160,"N",0,0,0,"No known compromise","NEON.DOC.014045vG","Bw3luEmt/EBXrQHhVu/bZXxTa02TtXvY","",NA
"8c46c548-8a2b-418f-990b-b505c409abaf","TALL_016.tickPlot.tck","D08","TALL","TALL_016","distributed","evergreenForest",32.971553,-87.415845,"WGS84",20.1,138.9,0.1,"2016-08-22T14:30Z","TALL.2016.34","",NA,"drag and flag",160,"N",0,0,0,"No known compromise","NEON.DOC.014045vG","ivIRHNyZLcsR/EGAdnc8sn41967l5+h5","",NA
"60edd033-c31e-4d04-a398-33d4a56938f7","TALL_008.tickPlot.tck","D08","TALL","TALL_008","distributed","deciduousForest",32.922874,-87.434097,"WGS84",20.2,127.5,0.2,"2016-08-22T15:25Z","TALL.2016.34","TALL_008.20160822",NA,"drag",160,"Y",0,14,0,"No known compromise","NEON.DOC.014045vG","Bw3luEmt/EBXrQHhVu/bZXxTa02TtXvY","",NA
"1baa12f4-f660-4736-b687-69f42182b5cb","TALL_006.tickPlot.tck","D08","TALL","TALL_006","distributed","evergreenForest",32.899144,-87.444571,"WGS84",20.3,108.6,0.3,"2016-08-22T16:15Z","TALL.2016.34","TALL_006.20160822",NA,"drag and flag",165,"Y",1,7,0,"No known compromise","NEON.DOC.014045vG","Z8ZjOdYSUdFcy3JLIHElhGfjZRi6soXiWPP5GbsCcNo=","",NA
"36a8d36c-ab2c-4e9e-939b-4c19ceea9138","TALL_002.tickPlot.tck","D08","TALL","TALL_002","distributed","mixedForest",32.920823,-87.428955,"WGS84",20.3,104,0.4,"2016-08-22T16:48Z","TALL.2016.34","TALL_002.20160822",NA,"drag",140,"Y",0,5,12,"No known compromise","NEON.DOC.014045vG","Bw3luEmt/EBXrQHhVu/bZXxTa02TtXvY","Started raining before we could finish",NA
"c68f8f17-898d-4f03-8666-02a5d0f41ac2","TALL_008.tickPlot.tck","D08","TALL","TALL_008","distributed","deciduousForest",32.922874,-87.434097,"WGS84",20.2,127.5,0.2,"2016-09-14T13:25Z","TALL.2016.37","TALL_008.20160914",NA,"drag",160,"Y",0,3,0,"No known compromise","NEON.DOC.014045vG","71MfCy+FRstpZer5T0iw8M+PBSzABHAbojUJO96sh64=","",NA
"2c694c47-a24d-465a-9592-3934fefb1146","TALL_001.tickPlot.tck","D08","TALL","TALL_001","distributed","deciduousForest",32.97637,-87.432184,"WGS84",20.2,114.6,0.1,"2016-09-14T14:30Z","TALL.2016.37","TALL_001.20160914",NA,"drag and flag",160,"Y",0,7,1639,"No known compromise","NEON.DOC.014045vG","LnIDmrEQmAUtwQFMbC1CIKUZraB/NwPgV6cB6TW941k=","Vial 1 has 532 of the 1639 larval ticks, in a 10 ml vial in RNA solution. The other 1107 larval ticks were discarded. The 7 nymph ticks are in a cryo vial with RNA stabilization buffer",NA
"cdc1a9f7-cd4e-47da-b263-f0279a6fbd0f","TALL_002.tickPlot.tck","D08","TALL","TALL_002","distributed","mixedForest",32.920823,-87.428955,"WGS84",20.3,104,0.4,"2016-09-14T15:00Z","TALL.2016.37","TALL_002.20160914",NA,"drag",160,"Y",0,48,509,"No known compromise","NEON.DOC.014045vG","71MfCy+FRstpZer5T0iw8M+PBSzABHAbojUJO96sh64=","Vial 1: 12 nymphs, 1 larval in RNA stabilization solution. Vial 2: 36 nymphs, 508 larvals. Ticks in vial 2 were stored in 95% ethanol then transferred to RNA stabilization solution. Due to the large number, some ticks (at least 1, but up to 3-5 nymphs) escaped during collection by falling off the tick cloth.",NA
"331b383f-4521-4672-bc48-b913b7c7c58b","TALL_016.tickPlot.tck","D08","TALL","TALL_016","distributed","evergreenForest",32.971553,-87.415845,"WGS84",20.1,138.9,0.1,"2016-09-14T16:20Z","TALL.2016.37","",NA,"drag",160,"N",0,0,0,"No known compromise","NEON.DOC.014045vG","LnIDmrEQmAUtwQFMbC1CIKUZraB/NwPgV6cB6TW941k=","",NA
"bd94861e-c2f3-46d2-a03a-6f49e10fec02","TALL_003.tickPlot.tck","D08","TALL","TALL_003","distributed","mixedForest",32.894415,-87.416532,"WGS84",20.2,121.9,0.2,"2016-09-14T17:30Z","TALL.2016.37","",NA,"drag",160,"N",0,0,0,"No known compromise","NEON.DOC.014045vG","LnIDmrEQmAUtwQFMbC1CIKUZraB/NwPgV6cB6TW941k=","",NA
"e67894dc-b7b1-4c14-bad9-79e6d393d217","TALL_006.tickPlot.tck","D08","TALL","TALL_006","distributed","evergreenForest",32.899144,-87.444571,"WGS84",20.3,108.6,0.3,"2016-09-14T18:28Z","TALL.2016.37","TALL_006.20160914",NA,"drag and flag",160,"Y",0,3,7,"No known compromise","NEON.DOC.014045vG","Ty5ktdGiRSp05LT6y3oRIJX9t8YK1JGMhptSFXGHZWc=","Due to time constraints, this plot was measured and recorded by 2 teams of 2. Each team measured 80 meters.",NA
"435ed5aa-0a70-45bb-945b-83a6bdc503fa","TALL_008.tickPlot.tck","D08","TALL","TALL_008","distributed","deciduousForest",32.922874,-87.434097,"WGS84",20.2,127.5,0.2,"2016-09-28T13:33Z","TALL.2016.39","TALL_008.20160928",NA,"drag",160,"Y",0,8,0,"No known compromise","NEON.DOC.014045vG","qHOagdXN4gWZ2ImQsYe21kOoNSbv5P6a","",NA
"c2817c6c-7fe7-4784-91e2-f3569d9ce7a3","TALL_002.tickPlot.tck","D08","TALL","TALL_002","distributed","mixedForest",32.920823,-87.428955,"WGS84",20.3,104,0.4,"2016-09-28T14:53Z","TALL.2016.39","TALL_002.20160928",NA,"drag",160,"Y",0,5,1469,"No known compromise","NEON.DOC.014045vG","qHOagdXN4gWZ2ImQsYe21kOoNSbv5P6a","Vial 1 consists of nymph ticks only. Vial 2 has 500 of 1469 larval ticks which were stored in EtOH and then transferred to RNA",NA
"7c8bbb85-10dc-426b-aa37-976ff5132e64","TALL_003.tickPlot.tck","D08","TALL","TALL_003","distributed","mixedForest",32.894415,-87.416532,"WGS84",20.2,121.9,0.2,"2016-09-28T15:10Z","TALL.2016.39","",NA,"drag and flag",160,"N",0,0,0,"No known compromise","NEON.DOC.014045vG","Ec+cMQWmrZ6oUw8Lk421QEcKgRrZc//E","",NA
"933f7e0f-02c5-47ad-b97d-a4960684a0b9","TALL_006.tickPlot.tck","D08","TALL","TALL_006","distributed","evergreenForest",32.899144,-87.444571,"WGS84",20.3,108.6,0.3,"2016-09-28T16:50Z","TALL.2016.39","TALL_006.20160928",NA,"drag and flag",175,"Y",0,1,0,"No known compromise","NEON.DOC.014045vG","Ec+cMQWmrZ6oUw8Lk421QEcKgRrZc//E","",NA
"41646503-1433-450e-a32e-9b675692ca22","TALL_001.tickPlot.tck","D08","TALL","TALL_001","distributed","deciduousForest",32.97637,-87.432184,"WGS84",20.2,114.6,0.1,"2016-09-28T18:05Z","TALL.2016.39","TALL_001.20160928",NA,"drag",140,"Y",0,0,1,"No known compromise","NEON.DOC.014045vG","qHOagdXN4gWZ2ImQsYe21kOoNSbv5P6a","",NA
"aa5c043d-3a75-4d92-814e-fa031ce9766c","TALL_016.tickPlot.tck","D08","TALL","TALL_016","distributed","evergreenForest",32.971553,-87.415845,"WGS84",20.1,138.9,0.1,"2016-09-28T18:12Z","TALL.2016.39","TALL_016.20160928",NA,"drag and flag",160,"Y",0,0,69,"No known compromise","NEON.DOC.014045vG","Ec+cMQWmrZ6oUw8Lk421QEcKgRrZc//E","",NA
"66b9923f-f9d3-4e3c-8ee0-bfdcdd68c50c","TALL_001.tickPlot.tck","D08","TALL","TALL_001","distributed","deciduousForest",32.97637,-87.432184,"WGS84",20.2,114.6,0.1,"2016-10-17T14:12Z","TALL.2016.42","TALL_001.20161017",NA,"drag and flag",160,"Y",0,1,2,"No known compromise","NEON.DOC.014045vG","ADzqoWOfwevQ2rrllzoCJTnDjie0NTbT","",NA
"1ac4fae8-a8db-46b9-b75f-cf809f90a5f0","TALL_008.tickPlot.tck","D08","TALL","TALL_008","distributed","deciduousForest",32.922874,-87.434097,"WGS84",20.2,127.5,0.2,"2016-10-17T14:14Z","TALL.2016.42","TALL_008.20161017",NA,"drag",160,"Y",0,1,0,"No known compromise","NEON.DOC.014045vG","71MfCy+FRstpZer5T0iw8M+PBSzABHAbojUJO96sh64=","",NA
"2fafea0d-7814-437e-aa46-2771b5d78fa5","TALL_002.tickPlot.tck","D08","TALL","TALL_002","distributed","mixedForest",32.920823,-87.428955,"WGS84",20.3,104,0.4,"2016-10-17T15:34Z","TALL.2016.42","TALL_002.20161017",NA,"drag",160,"Y",0,0,1756,"No known compromise","NEON.DOC.014045vG","71MfCy+FRstpZer5T0iw8M+PBSzABHAbojUJO96sh64=","8 larvals in vial 1 collected in RNA. 525 larvals in vial 2 collected in EtOH and moved to RNA",NA
"8e40d563-e156-405d-92ce-53d79fd94785","TALL_016.tickPlot.tck","D08","TALL","TALL_016","distributed","evergreenForest",32.971553,-87.415845,"WGS84",20.1,138.9,0.1,"2016-10-17T15:50Z","TALL.2016.42","",NA,"drag",160,"N",0,0,0,"No known compromise","NEON.DOC.014045vG","0ygyTA3URVoNp+waZjN2Lu+zP0lNl3v9","",NA
"b81552e3-a14c-40ca-816e-d33bdf4db12f","TALL_006.tickPlot.tck","D08","TALL","TALL_006","distributed","evergreenForest",32.899144,-87.444571,"WGS84",20.3,108.6,0.3,"2016-10-17T17:15Z","TALL.2016.42","",NA,"drag and flag",160,"N",0,0,0,"No known compromise","NEON.DOC.014045vG","0ygyTA3URVoNp+waZjN2Lu+zP0lNl3v9","",NA
"00b63fb7-6f40-44d4-9565-31028695c772","TALL_003.tickPlot.tck","D08","TALL","TALL_003","distributed","mixedForest",32.894415,-87.416532,"WGS84",20.2,121.9,0.2,"2016-10-17T17:36Z","TALL.2016.42","TALL_003.20161017",NA,"drag and flag",160,"Y",0,0,19,"No known compromise","NEON.DOC.014045vG","Ty5ktdGiRSp05LT6y3oRIJX9t8YK1JGMhptSFXGHZWc=","Collected in EtOH and moved to RNA",NA
"0f191f40-e867-42bc-b711-3e0be452dc33","TALL_002.tickPlot.tck","D08","TALL","TALL_002","distributed","mixedForest",32.920823,-87.428955,"WGS84",20.3,104,0.4,"2016-11-09T14:39Z","TALL.2016.45","",NA,"drag",160,"N",0,0,0,"No known compromise","NEON.DOC.014045vG","Ec+cMQWmrZ6oUw8Lk421QEcKgRrZc//E",NA,NA
"38258d78-f054-4805-92a7-0ceedebbdb20","TALL_008.tickPlot.tck","D08","TALL","TALL_008","distributed","deciduousForest",32.922874,-87.434097,"WGS84",20.2,127.5,0.2,"2016-11-09T15:41Z","TALL.2016.45","TALL_008.20161109",NA,"drag",160,"Y",0,1,0,"No known compromise","NEON.DOC.014045vG","Ec+cMQWmrZ6oUw8Lk421QEcKgRrZc//E",NA,NA
"6ae34dbd-8437-489a-aef3-8648473ea063","TALL_001.tickPlot.tck","D08","TALL","TALL_001","distributed","deciduousForest",32.97637,-87.432184,"WGS84",20.2,114.6,0.1,"2016-11-09T15:44Z","TALL.2016.45","",NA,"drag and flag",160,"N",0,0,0,"No known compromise","NEON.DOC.014045vG","qv2hryw2aAHcRZnU/CeJIVfNxxJegRBH",NA,NA
"235449a3-2c1b-463b-98a1-7c8c05da3209","TALL_016.tickPlot.tck","D08","TALL","TALL_016","distributed","evergreenForest",32.971553,-87.415845,"WGS84",20.1,138.9,0.1,"2016-11-09T17:05Z","TALL.2016.45","",NA,"drag and flag",160,"N",0,0,0,"No known compromise","NEON.DOC.014045vG","qv2hryw2aAHcRZnU/CeJIVfNxxJegRBH",NA,NA
"dad3d172-6d9c-4646-9beb-f6861498c285","TALL_003.tickPlot.tck","D08","TALL","TALL_003","distributed","mixedForest",32.894415,-87.416532,"WGS84",20.2,121.9,0.2,"2016-11-09T18:12Z","TALL.2016.45","",NA,"drag and flag",160,"N",0,0,0,"No known compromise","NEON.DOC.014045vG","qv2hryw2aAHcRZnU/CeJIVfNxxJegRBH",NA,NA
"fa5757ca-8b37-4751-9387-99ebc1b291a3","TALL_006.tickPlot.tck","D08","TALL","TALL_006","distributed","evergreenForest",32.899144,-87.444571,"WGS84",20.3,108.6,0.3,"2016-11-09T18:24Z","TALL.2016.45","",NA,"drag and flag",165,"N",0,0,0,"No known compromise","NEON.DOC.014045vG","LnIDmrEQmAUtwQFMbC1CIKUZraB/NwPgV6cB6TW941k=",NA,NA
"23c924f7-5422-4d68-8624-fa601f45cf5b","TALL_001.tickPlot.tck","D08","TALL","TALL_001","distributed","deciduousForest",32.97637,-87.432184,"WGS84",20.2,114.6,0.1,"2017-03-15T14:18Z","TALL.2017.11","",NA,"drag",160,"N",0,0,0,"No known compromise","NEON.DOC.014045vG","71MfCy+FRstpZer5T0iw8M+PBSzABHAbojUJO96sh64=",NA,NA
"afbf5b2d-b1b0-47e9-9ac1-5cd490626424","TALL_002.tickPlot.tck","D08","TALL","TALL_002","distributed","mixedForest",32.920823,-87.428955,"WGS84",20.3,104,0.4,"2017-03-15T14:21Z","TALL.2017.11","TALL_002.20170315",NA,"drag",160,"Y",0,2,0,"No known compromise","NEON.DOC.014045vG","qv2hryw2aAHcRZnU/CeJIVfNxxJegRBH",NA,NA
"14def88a-548a-4ff8-87c9-78bf8acd035e","TALL_016.tickPlot.tck","D08","TALL","TALL_016","distributed","evergreenForest",32.971553,-87.415845,"WGS84",20.1,138.9,0.1,"2017-03-15T15:31Z","TALL.2017.11","",NA,"drag",160,"N",0,0,0,"No known compromise","NEON.DOC.014045vG","VlGS9knfep4oIPmMdzrYPvhmhmcAnEWcmbTWayWKGyM=",NA,NA
"0d58ae8d-f017-4509-bd0a-fcca0525f32e","TALL_008.tickPlot.tck","D08","TALL","TALL_008","distributed","deciduousForest",32.922874,-87.434097,"WGS84",20.2,127.5,0.2,"2017-03-15T15:31Z","TALL.2017.11","",NA,"drag",160,"N",0,0,0,"No known compromise","NEON.DOC.014045vG","qv2hryw2aAHcRZnU/CeJIVfNxxJegRBH",NA,NA
"e2f667ad-6b03-41ba-a130-1121fc09ab64","TALL_003.tickPlot.tck","D08","TALL","TALL_003","distributed","mixedForest",32.894415,-87.416532,"WGS84",20.2,121.9,0.2,"2017-03-15T16:39Z","TALL.2017.11","",NA,"drag",160,"N",0,0,0,"No known compromise","NEON.DOC.014045vG","qv2hryw2aAHcRZnU/CeJIVfNxxJegRBH",NA,NA
"081c36eb-ba1d-4782-b047-4b15793655cf","TALL_006.tickPlot.tck","D08","TALL","TALL_006","distributed","evergreenForest",32.899144,-87.444571,"WGS84",20.3,108.6,0.3,"2017-03-15T17:59Z","TALL.2017.11","",NA,"drag and flag",160,"N",0,0,0,"No known compromise","NEON.DOC.014045vG","Ty5ktdGiRSp05LT6y3oRIJX9t8YK1JGMhptSFXGHZWc=",NA,NA
"6c04d708-1c00-4fe9-9a3d-769ecf6c4c1d","TALL_003.tickPlot.tck","D08","TALL","TALL_003","distributed","mixedForest",32.894415,-87.416532,"WGS84",20.2,121.9,0.2,"2017-04-06T12:25Z","TALL.2017.15","",NA,"drag",160,"N",0,0,0,"No known compromise","NEON.DOC.014045vG","tZXjR/3x7TO0Uyi0fwy5LLTXGoWUPyDf","",NA
"b1bd105f-e4c1-4794-90ef-4c4d71cf6076","TALL_002.tickPlot.tck","D08","TALL","TALL_002","distributed","mixedForest",32.920823,-87.428955,"WGS84",20.3,104,0.4,"2017-04-06T13:43Z","TALL.2017.14","TALL_002.20170406",NA,"drag",155,"Y",1,19,0,"No known compromise","NEON.DOC.014045vG","tZXjR/3x7TO0Uyi0fwy5LLTXGoWUPyDf","",NA
"8e6d5307-5949-4bf4-a594-4151a483de74","TALL_001.tickPlot.tck","D08","TALL","TALL_001","distributed","deciduousForest",32.97637,-87.432184,"WGS84",20.2,114.6,0.1,"2017-04-06T14:37Z","TALL.2017.14","TALL_001.20170406",NA,"drag and flag",160,"Y",0,1,0,"No known compromise","NEON.DOC.014045vG","71MfCy+FRstpZer5T0iw8M+PBSzABHAbojUJO96sh64=","",NA
"0560f3b2-b727-4c67-8505-59cb16b4376a","TALL_008.tickPlot.tck","D08","TALL","TALL_008","distributed","deciduousForest",32.922874,-87.434097,"WGS84",20.2,127.5,0.2,"2017-04-06T14:43Z","TALL.2017.14","TALL_008.20170406",NA,"drag",160,"Y",3,5,0,"No known compromise","NEON.DOC.014045vG","tZXjR/3x7TO0Uyi0fwy5LLTXGoWUPyDf","",NA
"a899dfef-b407-4b1c-8271-9361268c958a","TALL_016.tickPlot.tck","D08","TALL","TALL_016","distributed","evergreenForest",32.971553,-87.415845,"WGS84",20.1,138.9,0.1,"2017-04-06T16:32Z","TALL.2017.14","",NA,"drag",160,"N",0,0,0,"No known compromise","NEON.DOC.014045vG","71MfCy+FRstpZer5T0iw8M+PBSzABHAbojUJO96sh64=","",NA
"5995b882-3f4c-496c-a705-df3c0e39f070","TALL_006.tickPlot.tck","D08","TALL","TALL_006","distributed","evergreenForest",32.899144,-87.444571,"WGS84",20.3,108.6,0.3,"2017-04-06T18:01Z","TALL.2017.14","",NA,"drag",150,"N",0,0,0,"No known compromise","NEON.DOC.014045vG","Y1eZ0h5wJPAWzlSHsqSze2Ty1WSOaflBA2t94oXrsCY=","This plot was logged recently.",NA
"349b771d-7726-49bb-953a-24543871a1db","TALL_008.tickPlot.tck","D08","TALL","TALL_008","distributed","deciduousForest",32.922874,-87.434097,"WGS84",20.2,127.5,0.2,"2017-04-26T14:20Z","TALL.2017.18","TALL_008.20170426",NA,"drag and flag",160,"Y",4,20,0,"No known compromise","NEON.DOC.014045vH","cJDN8FQ+G8BHe8OkvD5PMz1h/kcM7qXCzeFqTpXsSj4=","",NA
"623090a9-0174-423b-b783-f5a8368e4670","TALL_001.tickPlot.tck","D08","TALL","TALL_001","distributed","deciduousForest",32.97637,-87.432184,"WGS84",20.2,114.6,0.1,"2017-04-26T14:22Z","TALL.2017.18","TALL_001.20170426",NA,"drag and flag",160,"Y",3,9,0,"No known compromise","NEON.DOC.014045vH","pdRHVIvaG2xBaIyJIrbJo5saUxJZYt3gI9+TGAO0URM=","",NA
"3960df80-d719-4fb3-bcab-0a38f2b240b8","TALL_002.tickPlot.tck","D08","TALL","TALL_002","distributed","mixedForest",32.920823,-87.428955,"WGS84",20.3,104,0.4,"2017-04-26T15:55Z","TALL.2017.18","TALL_002.20170426",NA,"drag and flag",160,"Y",4,52,0,"No known compromise","NEON.DOC.014045vH","cJDN8FQ+G8BHe8OkvD5PMz1h/kcM7qXCzeFqTpXsSj4=","",NA
"9aabc6f1-c3da-40f6-8d3d-b22e6c47b140","TALL_016.tickPlot.tck","D08","TALL","TALL_016","distributed","evergreenForest",32.971553,-87.415845,"WGS84",20.1,138.9,0.1,"2017-04-26T16:08Z","TALL.2017.18","",NA,"drag and flag",160,"N",0,0,0,"No known compromise","NEON.DOC.014045vH","qv2hryw2aAHcRZnU/CeJIVfNxxJegRBH","",NA
"3d20be91-c8fa-4df4-9f43-a6a9f540b32b","TALL_006.tickPlot.tck","D08","TALL","TALL_006","distributed","evergreenForest",32.899144,-87.444571,"WGS84",20.3,108.6,0.3,"2017-04-26T17:33Z","TALL.2017.18","TALL_006.20170426",NA,"drag and flag",160,"Y",0,1,0,"No known compromise","NEON.DOC.014045vH","pdRHVIvaG2xBaIyJIrbJo5saUxJZYt3gI9+TGAO0URM=","",NA
"578e76e7-2759-46cd-bad1-2d534a80e1ed","TALL_003.tickPlot.tck","D08","TALL","TALL_003","distributed","mixedForest",32.894415,-87.416532,"WGS84",20.2,121.9,0.2,"2017-04-26T17:40Z","TALL.2017.18","TALL_003.20170426",NA,"drag and flag",160,"Y",1,1,0,"No known compromise","NEON.DOC.014045vH","cJDN8FQ+G8BHe8OkvD5PMz1h/kcM7qXCzeFqTpXsSj4=","",NA
"03827d70-0b69-4906-9f25-12d206b4c276","TALL_001.tickPlot.tck","D08","TALL","TALL_001","distributed","deciduousForest",32.97637,-87.432184,"WGS84",20.2,114.6,0.1,"2017-05-18T14:35Z","TALL.2017.21","TALL_001.20170518",NA,"drag and flag",160,"Y",2,7,0,"No known compromise","NEON.DOC.014045vH","yIE0BehrAzU+GvY23xj6a6hQom7g/sMMQWQ+CkJ2hGs=",NA,NA
"a8fa2d71-9f57-4af3-b420-7733469cdb5f","TALL_003.tickPlot.tck","D08","TALL","TALL_003","distributed","mixedForest",32.894415,-87.416532,"WGS84",20.2,121.9,0.2,"2017-05-18T14:49Z","TALL.2017.21","",NA,"drag",160,"N",0,0,0,"No known compromise","NEON.DOC.014045vH","LVAPgAv6xh19C/3VJQSXPdnCeq509g5NN3aoB1Pgu+U=",NA,NA
"667e0d0a-23c7-42e4-be2c-9991a4f553bf","TALL_006.tickPlot.tck","D08","TALL","TALL_006","distributed","evergreenForest",32.899144,-87.444571,"WGS84",20.3,108.6,0.3,"2017-05-18T15:43Z","TALL.2017.21","TALL_006.20170518",NA,"drag and flag",160,"Y",0,6,0,"No known compromise","NEON.DOC.014045vH","Ty5ktdGiRSqkqUWm9Npw4JAlXmlUMfF/XyCnO5fUs8Q=",NA,NA
"0c594e1b-ff01-4722-b311-efd53cadfa1b","TALL_016.tickPlot.tck","D08","TALL","TALL_016","distributed","evergreenForest",32.971553,-87.415845,"WGS84",20.1,138.9,0.1,"2017-05-18T16:11Z","TALL.2017.21","TALL_016.20170518",NA,"drag and flag",160,"Y",1,1,0,"No known compromise","NEON.DOC.014045vH","nDk3u3/Gyje+hKaTCMqqjsY5CgZT7s9cLLilPZHkLiA=",NA,NA
"f043cf32-e74e-493b-ae10-c8f84a431391","TALL_002.tickPlot.tck","D08","TALL","TALL_002","distributed","mixedForest",32.920823,-87.428955,"WGS84",20.3,104,0.4,"2017-05-18T17:06Z","TALL.2017.21","TALL_002.20170518",NA,"drag and flag",160,"Y",11,35,0,"No known compromise","NEON.DOC.014045vH","nDk3u3/Gyje+hKaTCMqqjsY5CgZT7s9cLLilPZHkLiA=",NA,NA
"ea41c78d-d1c9-4904-b612-0bfc2a17eb66","TALL_008.tickPlot.tck","D08","TALL","TALL_008","distributed","deciduousForest",32.922874,-87.434097,"WGS84",20.2,127.5,0.2,"2017-05-18T19:10Z","TALL.2017.21","TALL_008.20170518",NA,"drag and flag",160,"Y",4,26,0,"No known compromise","NEON.DOC.014045vH","yIE0BehrAzU+GvY23xj6a6hQom7g/sMMQWQ+CkJ2hGs=",NA,NA
"94311129-fd19-4cbe-9673-a97dcb7fa95c","TALL_008.tickPlot.tck","D08","TALL","TALL_008","distributed","deciduousForest",32.922874,-87.434097,"WGS84",20.2,127.5,0.2,"2017-06-05T13:11Z","TALL.2017.24","TALL_008.20170605",NA,"drag and flag",160,"Y",1,6,0,"No known compromise","NEON.DOC.014045vH","BDzq2IAJfRwsrXnG+WJfFzkBkbtaDALAaR+O7WZv4cM=",NA,NA
"c7efb44f-afca-402d-9056-7d6aa2feebae","TALL_001.tickPlot.tck","D08","TALL","TALL_001","distributed","deciduousForest",32.97637,-87.432184,"WGS84",20.2,114.6,0.1,"2017-06-05T13:16Z","TALL.2017.24","TALL_001.20170605",NA,"drag and flag",160,"Y",0,1,0,"No known compromise","NEON.DOC.014045vH","1oa2xj2qJQv1pKrpD/skqP7oYbsNfTnS+U+/HNtkLpw=",NA,NA
"744a5716-d2f9-4105-b3b2-07b6ce5138e4","TALL_002.tickPlot.tck","D08","TALL","TALL_002","distributed","mixedForest",32.920823,-87.428955,"WGS84",20.3,104,0.4,"2017-06-05T14:21Z","TALL.2017.24","TALL_002.20170605",NA,"drag and flag",160,"Y",8,35,0,"No known compromise","NEON.DOC.014045vH","3Ym5ij87kyNZ4+qETTWy80Tg5jhJ+xJ+fnz5mJeZhbk=",NA,NA
"487fe6fc-41ba-450c-a3a6-2941752f0595","TALL_016.tickPlot.tck","D08","TALL","TALL_016","distributed","evergreenForest",32.971553,-87.415845,"WGS84",20.1,138.9,0.1,"2017-06-05T14:35Z","TALL.2017.24","",NA,"drag and flag",160,"N",0,0,0,"","NEON.DOC.014045vH","1oa2xj2qJQv1pKrpD/skqP7oYbsNfTnS+U+/HNtkLpw=",NA,NA
"52306bc4-c788-4672-8048-cdf9494ba874","TALL_003.tickPlot.tck","D08","TALL","TALL_003","distributed","mixedForest",32.894415,-87.416532,"WGS84",20.2,121.9,0.2,"2017-06-05T15:52Z","TALL.2017.24","TALL_003.20170605",NA,"drag and flag",160,"Y",1,0,0,"No known compromise","NEON.DOC.014045vH","3Ym5ij87kyNZ4+qETTWy80Tg5jhJ+xJ+fnz5mJeZhbk=",NA,NA
"9593f9ab-b01b-43ce-ac0f-1fc249e6f7dc","TALL_006.tickPlot.tck","D08","TALL","TALL_006","distributed","evergreenForest",32.899144,-87.444571,"WGS84",20.3,108.6,0.3,"2017-06-05T15:59Z","TALL.2017.24","TALL_006.20170605",NA,"drag and flag",160,"Y",1,1,0,"No known compromise","NEON.DOC.014045vH","LVAPgAv6xh19C/3VJQSXPdnCeq509g5NN3aoB1Pgu+U=",NA,NA
"ac454183-7176-4108-8a16-687ab16cfa8a","TALL_006.tickPlot.tck","D08","TALL","TALL_006","distributed","evergreenForest",32.899144,-87.444571,"WGS84",20.3,108.6,0.3,"2017-06-27T15:30Z","TALL.2017.27","",NA,"drag and flag",160,"N",0,0,0,"","NEON.DOC.014045vH","Y1eZ0h5wJPAWzlSHsqSze2Ty1WSOaflBA2t94oXrsCY=",NA,NA
"099f05fa-c499-4eb5-a280-be49ab72e059","TALL_003.tickPlot.tck","D08","TALL","TALL_003","distributed","mixedForest",32.894415,-87.416532,"WGS84",20.2,121.9,0.2,"2017-06-27T16:32Z","TALL.2017.27","TALL_003.20170627",NA,"drag",160,"Y",1,1,0,"No known compromise","NEON.DOC.014045vH","Y1eZ0h5wJPAWzlSHsqSze2Ty1WSOaflBA2t94oXrsCY=",NA,NA
"ce3fa135-21e5-4966-b45d-c136e8b3aea5","TALL_008.tickPlot.tck","D08","TALL","TALL_008","distributed","deciduousForest",32.922874,-87.434097,"WGS84",20.2,127.5,0.2,"2017-06-28T14:13Z","TALL.2017.27","TALL_008.20170628",NA,"drag",160,"Y",1,38,0,"No known compromise","NEON.DOC.014045vH","71MfCy+FRsto69311gQJvR+pq8mHvc/9aCd1qcCUSbo=",NA,NA
"5ee12bff-5daf-49f0-bb32-3c4ce7bdb9d8","TALL_002.tickPlot.tck","D08","TALL","TALL_002","distributed","mixedForest",32.920823,-87.428955,"WGS84",20.3,104,0.4,"2017-06-28T15:20Z","TALL.2017.27","TALL_002.20170628",NA,"drag",160,"Y",6,42,0,"No known compromise","NEON.DOC.014045vH","71MfCy+FRsto69311gQJvR+pq8mHvc/9aCd1qcCUSbo=",NA,NA
"4692fbb4-54da-4e47-a799-4914dba3d933","TALL_016.tickPlot.tck","D08","TALL","TALL_016","distributed","evergreenForest",32.971553,-87.415845,"WGS84",20.1,138.9,0.1,"2017-06-28T16:47Z","TALL.2017.27","",NA,"drag and flag",160,"N",0,0,0,"","NEON.DOC.014045vH","71MfCy+FRsto69311gQJvR+pq8mHvc/9aCd1qcCUSbo=",NA,NA
"64084f88-4784-4efe-8f17-36be47e70bfd","TALL_001.tickPlot.tck","D08","TALL","TALL_001","distributed","deciduousForest",32.97637,-87.432184,"WGS84",20.2,114.6,0.1,"2017-06-28T18:03Z","TALL.2017.27","TALL_001.20170628",NA,"drag",160,"Y",2,9,561,"No known compromise","NEON.DOC.014045vH","71MfCy+FRsto69311gQJvR+pq8mHvc/9aCd1qcCUSbo=",NA,NA
"2ab68c2a-7c33-42a8-a86e-8bca2ef35e46","TALL_003.tickPlot.tck","D08","TALL","TALL_003","distributed","mixedForest",32.894415,-87.416532,"WGS84",20.2,121.9,0.2,"2017-07-09T13:00Z","TALL.2017.27","TALL_003.20170709",NA,"drag",160,"Y",0,14,1,"No known compromise","NEON.DOC.014045vH","RSPgZ4EbCAx7Z+7QmyZcSQ==","no transcription errors found",NA
"2493375e-95d7-4631-88a4-66eabdbbd96d","TALL_002.tickPlot.tck","D08","TALL","TALL_002","distributed","mixedForest",32.920823,-87.428955,"WGS84",20.3,104,0.4,"2017-07-17T14:16Z","TALL.2017.30","TALL_002.20170717",NA,"drag",160,"Y",2,15,21,"No known compromise","NEON.DOC.014045vH","LVAPgAv6xh19C/3VJQSXPdnCeq509g5NN3aoB1Pgu+U=","",NA
"613c0795-7f49-4fe5-90e3-7e555b75ce58","TALL_001.tickPlot.tck","D08","TALL","TALL_001","distributed","deciduousForest",32.97637,-87.432184,"WGS84",20.2,114.6,0.1,"2017-07-17T15:00Z","TALL.2017.30","TALL_001.20170717",NA,"drag and flag",160,"Y",2,2,0,"No known compromise","NEON.DOC.014045vH","71MfCy+FRsto69311gQJvR+pq8mHvc/9aCd1qcCUSbo=","",NA
"b616c375-5dd2-43f7-b670-962f0b671112","TALL_008.tickPlot.tck","D08","TALL","TALL_008","distributed","deciduousForest",32.922874,-87.434097,"WGS84",20.2,127.5,0.2,"2017-07-17T15:44Z","TALL.2017.30","TALL_008.20170717",NA,"drag",160,"Y",0,10,280,"No known compromise","NEON.DOC.014045vH","LVAPgAv6xh19C/3VJQSXPdnCeq509g5NN3aoB1Pgu+U=","",NA
"bc5c38e1-9f97-4ae2-8233-52ebfaade80b","TALL_016.tickPlot.tck","D08","TALL","TALL_016","distributed","evergreenForest",32.971553,-87.415845,"WGS84",20.1,138.9,0.1,"2017-07-17T16:25Z","TALL.2017.30","",NA,"drag and flag",160,"N",0,0,0,"","NEON.DOC.014045vH","71MfCy+FRsto69311gQJvR+pq8mHvc/9aCd1qcCUSbo=","",NA
"cb0d3e7b-1e05-4810-90d2-602e0af1dd08","TALL_003.tickPlot.tck","D08","TALL","TALL_003","distributed","mixedForest",32.894415,-87.416532,"WGS84",20.2,121.9,0.2,"2017-07-17T17:09Z","TALL.2017.30","",NA,"drag",160,"N",0,0,0,"","NEON.DOC.014045vH","LVAPgAv6xh19C/3VJQSXPdnCeq509g5NN3aoB1Pgu+U=","",NA
"b07ba80f-3e0f-4fda-92df-4753db07c8c2","TALL_006.tickPlot.tck","D08","TALL","TALL_006","distributed","evergreenForest",32.899144,-87.444571,"WGS84",20.3,108.6,0.3,"2017-07-17T17:48Z","TALL.2017.30","",NA,"drag and flag",170,"N",0,0,0,"","NEON.DOC.014045vH","71MfCy+FRsto69311gQJvR+pq8mHvc/9aCd1qcCUSbo=","",NA
"a280afb5-d94c-4987-b29b-14733f057a89","TALL_001.tickPlot.tck","D08","TALL","TALL_001","distributed","deciduousForest",32.97637,-87.432184,"WGS84",20.2,114.6,0.1,"2017-08-14T14:10Z","TALL.2017.34","TALL_001.20170814",NA,"drag and flag",160,"Y",0,2,0,"No known compromise","NEON.DOC.014045vH","VlGS9knfep4oIPmMdzrYPvhmhmcAnEWcmbTWayWKGyM=",NA,NA
"7fbffc53-109b-4031-af66-a66fcd8fb935","TALL_008.tickPlot.tck","D08","TALL","TALL_008","distributed","deciduousForest",32.922874,-87.434097,"WGS84",20.2,127.5,0.2,"2017-08-14T14:11Z","TALL.2017.34","TALL_008.20170814",NA,"drag",160,"Y",0,16,380,"No known compromise","NEON.DOC.014045vH","Ty5ktdGiRSqkqUWm9Npw4JAlXmlUMfF/XyCnO5fUs8Q=",NA,NA
"1f7470b4-aa00-4550-9635-e40bd7d0a5c2","TALL_016.tickPlot.tck","D08","TALL","TALL_016","distributed","evergreenForest",32.971553,-87.415845,"WGS84",20.1,138.9,0.1,"2017-08-14T15:20Z","TALL.2017.34","TALL_016.20170814",NA,"drag and flag",160,"Y",0,0,1,"No known compromise","NEON.DOC.014045vH","LVAPgAv6xh19C/3VJQSXPdnCeq509g5NN3aoB1Pgu+U=",NA,NA
"495b2969-e6a8-43e8-aee2-760a0801c9ed","TALL_002.tickPlot.tck","D08","TALL","TALL_002","distributed","mixedForest",32.920823,-87.428955,"WGS84",20.3,104,0.4,"2017-08-14T15:45Z","TALL.2017.34","TALL_002.20170814",NA,"drag",160,"Y",0,38,26,"No known compromise","NEON.DOC.014045vH","Ty5ktdGiRSqkqUWm9Npw4JAlXmlUMfF/XyCnO5fUs8Q=",NA,NA
"a853fc36-ee01-4d5f-a22a-24b975b2059d","TALL_006.tickPlot.tck","D08","TALL","TALL_006","distributed","evergreenForest",32.899144,-87.444571,"WGS84",20.3,108.6,0.3,"2017-08-14T16:33Z","TALL.2017.34","TALL_006.20170814",NA,"drag and flag",160,"Y",0,2,0,"No known compromise","NEON.DOC.014045vH","VlGS9knfep4oIPmMdzrYPvhmhmcAnEWcmbTWayWKGyM=",NA,NA
"69ffdafa-443d-4ba8-bd33-5bf1dd84f29c","TALL_003.tickPlot.tck","D08","TALL","TALL_003","distributed","mixedForest",32.894415,-87.416532,"WGS84",20.2,121.9,0.2,"2017-08-14T17:31Z","TALL.2017.34","TALL_003.20170814",NA,"drag",160,"Y",0,1,3,"No known compromise","NEON.DOC.014045vH","cR/bOjTlTMQpQq0/ybuTN/RfQ6kPFLfDWwjni4s9xeY=",NA,NA
"d128b1d8-30c2-4365-b659-95211479ca22","TALL_016.tickPlot.tck","D08","TALL","TALL_016","distributed","evergreenForest",32.971553,-87.415845,"WGS84",20.1,138.9,0.1,"2017-08-28T14:03Z","TALL.2017.36","",NA,"drag and flag",160,"N",0,0,0,"","NEON.DOC.014045vH","cJDN8FQ+G8BHe8OkvD5PMz1h/kcM7qXCzeFqTpXsSj4=",NA,NA
"666ec143-462e-48e9-a929-3d0261286bc1","TALL_002.tickPlot.tck","D08","TALL","TALL_002","distributed","mixedForest",32.920823,-87.428955,"WGS84",20.3,104,0.4,"2017-08-28T14:35Z","TALL.2017.36","TALL_002.20170828",NA,"drag",160,"Y",1,25,1,"No known compromise","NEON.DOC.014045vH","BDzq2IAJfRwsrXnG+WJfFzkBkbtaDALAaR+O7WZv4cM=",NA,NA
"5a2fe225-ee49-4661-849f-7f2dcb771cdc","TALL_001.tickPlot.tck","D08","TALL","TALL_001","distributed","deciduousForest",32.97637,-87.432184,"WGS84",20.2,114.6,0.1,"2017-08-28T15:17Z","TALL.2017.36","TALL_001.20170828",NA,"drag and flag",160,"Y",0,6,257,"No known compromise","NEON.DOC.014045vH","cJDN8FQ+G8BHe8OkvD5PMz1h/kcM7qXCzeFqTpXsSj4=",NA,NA
"bf1291d1-88b3-494f-8fb6-04550fc666c8","TALL_008.tickPlot.tck","D08","TALL","TALL_008","distributed","deciduousForest",32.922874,-87.434097,"WGS84",20.2,127.5,0.2,"2017-08-28T15:45Z","TALL.2017.36","TALL_008.20170828",NA,"drag",160,"Y",0,6,0,"No known compromise","NEON.DOC.014045vH","BDzq2IAJfRwsrXnG+WJfFzkBkbtaDALAaR+O7WZv4cM=",NA,NA
"96be2c73-728d-4d2e-a299-fcbc715a99e4","TALL_006.tickPlot.tck","D08","TALL","TALL_006","distributed","evergreenForest",32.899144,-87.444571,"WGS84",20.3,108.6,0.3,"2017-08-28T16:50Z","TALL.2017.36","TALL_006.20170828",NA,"drag and flag",160,"Y",0,0,6,"No known compromise","NEON.DOC.014045vH","cJDN8FQ+G8BHe8OkvD5PMz1h/kcM7qXCzeFqTpXsSj4=",NA,NA
"7894d38c-60bc-43b2-bfa9-a662e8c4a8d0","TALL_003.tickPlot.tck","D08","TALL","TALL_003","distributed","mixedForest",32.894415,-87.416532,"WGS84",20.2,121.9,0.2,"2017-08-28T17:05Z","TALL.2017.36","",NA,"drag and flag",160,"N",0,0,0,"","NEON.DOC.014045vH","BDzq2IAJfRwsrXnG+WJfFzkBkbtaDALAaR+O7WZv4cM=",NA,NA
"672d8c81-ebef-4ef5-841a-854fcdd1b7c5","TALL_008.tickPlot.tck","D08","TALL","TALL_008","distributed","deciduousForest",32.922874,-87.434097,"WGS84",20.2,127.5,0.2,"2017-09-21T14:19Z","TALL.2017.39","TALL_008.20170921",NA,"drag and flag",160,"Y",0,8,324,"No known compromise","NEON.DOC.014045vH","KKNuFX5dge7mCdak4zDwt3YSZKmfGLU1bCRmDnOYr9Q=",NA,NA
"0c19f477-4a1f-4b8d-b3e0-700c3808d1e1","TALL_006.tickPlot.tck","D08","TALL","TALL_006","distributed","evergreenForest",32.899144,-87.444571,"WGS84",20.3,108.6,0.3,"2017-09-21T14:20Z","TALL.2017.39","",NA,"drag",160,"N",0,0,0,"","NEON.DOC.014045vH","tZXjR/3x7TOk9BDyEWab6q4jll3I6RWtXApcX4/hobo=",NA,NA
"c8e9532d-3306-4e94-b991-143dd8bfbdb1","TALL_002.tickPlot.tck","D08","TALL","TALL_002","distributed","mixedForest",32.920823,-87.428955,"WGS84",20.3,104,0.4,"2017-09-21T15:14Z","TALL.2017.39","TALL_002.20170921",NA,"drag and flag",160,"Y",0,32,5,"No known compromise","NEON.DOC.014045vH","KKNuFX5dge7mCdak4zDwt3YSZKmfGLU1bCRmDnOYr9Q=",NA,NA
"ffddc4d3-aaa0-4b15-bed5-60d950347dc6","TALL_001.tickPlot.tck","D08","TALL","TALL_001","distributed","deciduousForest",32.97637,-87.432184,"WGS84",20.2,114.6,0.1,"2017-09-21T15:55Z","TALL.2017.39","TALL_001.20170921",NA,"drag",160,"Y",0,5,0,"No known compromise","NEON.DOC.014045vH","yIE0BehrAzU+GvY23xj6a6hQom7g/sMMQWQ+CkJ2hGs=",NA,NA
"6103b247-dacf-4fc9-a256-22acf72b45a0","TALL_003.tickPlot.tck","D08","TALL","TALL_003","distributed","mixedForest",32.894415,-87.416532,"WGS84",20.2,121.9,0.2,"2017-09-21T16:35Z","TALL.2017.39","TALL_003.20170921",NA,"drag and flag",160,"Y",0,0,5,"No known compromise","NEON.DOC.014045vH","KKNuFX5dge7mCdak4zDwt3YSZKmfGLU1bCRmDnOYr9Q=",NA,NA
"7003f8c3-bd51-469d-8d3c-b60685850143","TALL_016.tickPlot.tck","D08","TALL","TALL_016","distributed","evergreenForest",32.971553,-87.415845,"WGS84",20.1,138.9,0.1,"2017-09-21T17:06Z","TALL.2017.39","",NA,"drag",160,"N",0,0,0,"","NEON.DOC.014045vH","yIE0BehrAzU+GvY23xj6a6hQom7g/sMMQWQ+CkJ2hGs=",NA,NA
"c1f3b209-09fa-4533-8098-c31bf5d1771a","TALL_008.tickPlot.tck","D08","TALL","TALL_008","distributed","deciduousForest",32.922874,-87.434097,"WGS84",20.2,127.5,0.2,"2018-03-22T14:27Z","TALL.2018.12","","","drag and flag",160,"N",0,0,0,"","NEON.DOC.014045vJ","BDzq2IAJfRwsrXnG+WJfFzkBkbtaDALAaR+O7WZv4cM=","",NA
"d28d64a5-c7a9-4287-af9b-af35ac15e7a7","TALL_003.tickPlot.tck","D08","TALL","TALL_003","distributed","mixedForest",32.894415,-87.416532,"WGS84",20.2,121.9,0.2,"2018-03-22T14:33Z","TALL.2018.12","","","drag and flag",158,"N",0,0,0,"","NEON.DOC.014045vJ","VlGS9knfep4oIPmMdzrYPvhmhmcAnEWcmbTWayWKGyM=","",NA
"4f550c75-87f1-4dbd-92bd-746d5a0f3ec7","TALL_006.tickPlot.tck","D08","TALL","TALL_006","distributed","evergreenForest",32.899144,-87.444571,"WGS84",20.3,108.6,0.3,"2018-03-22T15:20Z","TALL.2018.12","","","drag and flag",159,"N",0,0,0,"","NEON.DOC.014045vJ","VlGS9knfep4oIPmMdzrYPvhmhmcAnEWcmbTWayWKGyM=","",NA
"462fe7ea-f0f9-4f72-949c-1860331ba646","TALL_002.tickPlot.tck","D08","TALL","TALL_002","distributed","mixedForest",32.920823,-87.428955,"WGS84",20.3,104,0.4,"2018-03-22T15:35Z","TALL.2018.12","TALL_002.20180322","A00000011087","drag",160,"Y",2,1,0,"No known compromise","NEON.DOC.014045vJ","Ty5ktdGiRSqkqUWm9Npw4JAlXmlUMfF/XyCnO5fUs8Q=","",NA
"7366d5c0-4d70-4ec9-8097-f6d80a0b2bbd","TALL_001.tickPlot.tck","D08","TALL","TALL_001","distributed","deciduousForest",32.97637,-87.432184,"WGS84",20.2,114.6,0.1,"2018-03-22T17:13Z","TALL.2018.12","TALL_001.20180322","A00000011088","drag",160,"Y",0,2,0,"No known compromise","NEON.DOC.014045vJ","Ty5ktdGiRSqkqUWm9Npw4JAlXmlUMfF/XyCnO5fUs8Q=","Two teams sampled simultaneously",NA
"3fc9d7c6-25ff-4e29-a3c3-0262fe9303e8","TALL_016.tickPlot.tck","D08","TALL","TALL_016","distributed","evergreenForest",32.971553,-87.415845,"WGS84",20.1,138.9,0.1,"2018-03-22T18:19Z","TALL.2018.12","","","drag",160,"N",0,0,0,"","NEON.DOC.014045vJ","BDzq2IAJfRwsrXnG+WJfFzkBkbtaDALAaR+O7WZv4cM=","Sampled by two teams simultaneously",NA
"c02dc124-3a7e-4747-a42a-ba4ac236c5ec","TALL_001.tickPlot.tck","D08","TALL","TALL_001","distributed","deciduousForest",32.97637,-87.432184,"WGS84",20.2,114.6,0.1,"2018-04-12T13:15Z","TALL.2018.15","TALL_001.20180412","A00000013498","drag",160,"Y",0,2,0,"No known compromise","NEON.DOC.014045vJ","71MfCy+FRsto69311gQJvR+pq8mHvc/9aCd1qcCUSbo=",NA,NA
"0954bc02-e1dd-4991-a25e-afff1c724f99","TALL_008.tickPlot.tck","D08","TALL","TALL_008","distributed","deciduousForest",32.922874,-87.434097,"WGS84",20.2,127.5,0.2,"2018-04-12T13:19Z","TALL.2018.15","TALL_008.20180412","A00000013495","drag and flag",160,"Y",1,0,0,"No known compromise","NEON.DOC.014045vJ","BDzq2IAJfRwsrXnG+WJfFzkBkbtaDALAaR+O7WZv4cM=",NA,NA
"9d5d59b6-e377-4b0a-9034-90612180157e","TALL_002.tickPlot.tck","D08","TALL","TALL_002","distributed","mixedForest",32.920823,-87.428955,"WGS84",20.3,104,0.4,"2018-04-12T14:36Z","TALL.2018.15","TALL_002.20180412","A00000013494","drag",160,"Y",4,3,0,"No known compromise","NEON.DOC.014045vJ","BDzq2IAJfRwsrXnG+WJfFzkBkbtaDALAaR+O7WZv4cM=",NA,NA
"304b65ae-5291-4343-b141-3eaa58440204","TALL_016.tickPlot.tck","D08","TALL","TALL_016","distributed","evergreenForest",32.971553,-87.415845,"WGS84",20.1,138.9,0.1,"2018-04-12T14:37Z","TALL.2018.15","","","drag",160,"N",0,0,0,"","NEON.DOC.014045vJ","71MfCy+FRsto69311gQJvR+pq8mHvc/9aCd1qcCUSbo=",NA,NA
"8b95ec07-0f1d-4d97-92ee-ed323588297f","TALL_006.tickPlot.tck","D08","TALL","TALL_006","distributed","evergreenForest",32.899144,-87.444571,"WGS84",20.3,108.6,0.3,"2018-04-12T15:45Z","TALL.2018.15","","","drag",160,"N",0,0,0,"","NEON.DOC.014045vJ","Ty5ktdGiRSqkqUWm9Npw4JAlXmlUMfF/XyCnO5fUs8Q=",NA,NA
"a1dbcdaa-6d44-4fd3-b6dd-9bfbc8c61f4c","TALL_003.tickPlot.tck","D08","TALL","TALL_003","distributed","mixedForest",32.894415,-87.416532,"WGS84",20.2,121.9,0.2,"2018-04-12T15:53Z","TALL.2018.15","","","drag",160,"N",0,0,0,"","NEON.DOC.014045vJ","BDzq2IAJfRwsrXnG+WJfFzkBkbtaDALAaR+O7WZv4cM=",NA,NA
"5f999389-3ded-4176-aebf-e32924a1eb63","TALL_006.tickPlot.tck","D08","TALL","TALL_006","distributed","evergreenForest",32.899144,-87.444571,"WGS84",20.3,108.6,0.3,"2018-05-03T14:03Z","TALL.2018.18","","","drag",160,"N",0,0,0,"","NEON.DOC.014045vJ","BDzq2IAJfRwsrXnG+WJfFzkBkbtaDALAaR+O7WZv4cM=","",NA
"65b145dd-8f54-4d89-9561-0f488e1dd10a","TALL_008.tickPlot.tck","D08","TALL","TALL_008","distributed","deciduousForest",32.922874,-87.434097,"WGS84",20.2,127.5,0.2,"2018-05-03T14:28Z","TALL.2018.18","TALL_008.20180503","A00000013492","drag",160,"Y",9,15,0,"No known compromise","NEON.DOC.014045vJ","BDzq2IAJfRwsrXnG+WJfFzkBkbtaDALAaR+O7WZv4cM=","",NA
"f7ef9963-bb64-4a32-8300-8d52c100d1f1","TALL_002.tickPlot.tck","D08","TALL","TALL_002","distributed","mixedForest",32.920823,-87.428955,"WGS84",20.3,104,0.4,"2018-05-03T16:44Z","TALL.2018.18","TALL_002.20180503","A00000013500","drag",165,"Y",6,6,0,"No known compromise","NEON.DOC.014045vJ","Ty5ktdGiRSqkqUWm9Npw4JAlXmlUMfF/XyCnO5fUs8Q=","",NA
"7197b1f6-3106-4b09-ba11-9d183edc56f2","TALL_003.tickPlot.tck","D08","TALL","TALL_003","distributed","mixedForest",32.894415,-87.416532,"WGS84",20.2,121.9,0.2,"2018-05-03T18:13Z","TALL.2018.18","","","drag",155,"N",0,0,0,"","NEON.DOC.014045vJ","5xnpZY6RWQXfIcA73Yt35xUCFBfitt36GhvlLe6b6lWMQTOe3VOuNA==","",NA
"d78a0701-0285-4bdc-a28e-a8ba168a9361","TALL_001.tickPlot.tck","D08","TALL","TALL_001","distributed","deciduousForest",32.97637,-87.432184,"WGS84",20.2,114.6,0.1,"2018-05-03T19:21Z","TALL.2018.18","TALL_001.20180503","B00000003202","drag and flag",160,"Y",2,4,0,"No known compromise","NEON.DOC.014045vJ","71MfCy+FRsto69311gQJvR+pq8mHvc/9aCd1qcCUSbo=","",NA
"c27c2b5f-eb18-434e-8f05-7bcd2aa686a3","TALL_016.tickPlot.tck","D08","TALL","TALL_016","distributed","evergreenForest",32.971553,-87.415845,"WGS84",20.1,138.9,0.1,"2018-05-03T20:34Z","TALL.2018.18","TALL_016.20180503","B00000003220","drag",160,"Y",0,1,0,"No known compromise","NEON.DOC.014045vJ","71MfCy+FRsto69311gQJvR+pq8mHvc/9aCd1qcCUSbo=","",NA
"f1b88f11-9439-4bd4-bbd9-b9ec2d6b61ec","TALL_016.tickPlot.tck","D08","TALL","TALL_016","distributed","evergreenForest",32.971553,-87.415845,"WGS84",20.1,138.9,0.1,"2018-05-22T14:10Z","TALL.2018.21","","","drag and flag",160,"N",0,0,0,"","NEON.DOC.014045vJ","EKdNizS+3kOSaN4xEB1UW9XHhDFEO0UoYMAU6YiiakM=","",NA
"dd68017d-048c-448f-825c-e42462105e74","TALL_003.tickPlot.tck","D08","TALL","TALL_003","distributed","mixedForest",32.894415,-87.416532,"WGS84",20.2,121.9,0.2,"2018-05-22T15:30Z","TALL.2018.21","","","drag",160,"N",0,0,0,"","NEON.DOC.014045vJ","ZEw83eKjbdVwmzbrK6rIvBJKEPCDjgcrm+1HylQByNc=","",NA
"1988f129-a86e-4a20-aaa2-f28fb93d7257","TALL_002.tickPlot.tck","D08","TALL","TALL_002","distributed","mixedForest",32.920823,-87.428955,"WGS84",20.3,104,0.4,"2018-05-22T15:45Z","TALL.2018.21","TALL_002.20180522","A00000013969","drag",160,"Y",7,12,0,"No known compromise","NEON.DOC.014045vJ","tZXjR/3x7TOk9BDyEWab6q4jll3I6RWtXApcX4/hobo=","",NA
"0f8efb5a-04cd-4666-bc2b-110445d320e6","TALL_006.tickPlot.tck","D08","TALL","TALL_006","distributed","evergreenForest",32.899144,-87.444571,"WGS84",20.3,108.6,0.3,"2018-05-22T16:21Z","TALL.2018.21","","","drag and flag",155,"N",0,0,0,"","NEON.DOC.014045vJ","5xnpZY6RWQXfIcA73Yt35xUCFBfitt36GhvlLe6b6lWMQTOe3VOuNA==","",NA
"4d7c9b8e-30b5-4bc4-b606-65b7bccb3b81","TALL_008.tickPlot.tck","D08","TALL","TALL_008","distributed","deciduousForest",32.922874,-87.434097,"WGS84",20.2,127.5,0.2,"2018-05-22T16:45Z","TALL.2018.21","TALL_008.20180522","A00000013961","drag",160,"Y",4,15,0,"No known compromise","NEON.DOC.014045vJ","EKdNizS+3kOSaN4xEB1UW9XHhDFEO0UoYMAU6YiiakM=","",NA
"b14842b0-278f-4fc6-a529-eda97a2daab5","TALL_001.tickPlot.tck","D08","TALL","TALL_001","distributed","deciduousForest",32.97637,-87.432184,"WGS84",20.2,114.6,0.1,"2018-05-22T18:45Z","TALL.2018.21","TALL_001.20180522","A00000013958","drag",160,"Y",7,2,0,"Other (described in remarks)","NEON.DOC.014045vJ","tZXjR/3x7TOk9BDyEWab6q4jll3I6RWtXApcX4/hobo=","Some ethanol spilled and an unknown quantity of ticks were lost. Counts reflect known quantity in vial.",NA
"f8d9ae3e-1f7b-4367-882f-307a2c0b1dbb","TALL_001.tickPlot.tck","D08","TALL","TALL_001","distributed","deciduousForest",32.97637,-87.432184,"WGS84",20.2,114.6,0.1,"2018-06-11T14:17Z","TALL.2018.24","TALL_001.20180611","B00000003217","drag and flag",160,"Y",2,8,1,"No known compromise","NEON.DOC.014045vJ","VlGS9knfep4oIPmMdzrYPvhmhmcAnEWcmbTWayWKGyM=",NA,NA
"3f79abfd-b8b4-4deb-8c34-7ed807a46c7e","TALL_008.tickPlot.tck","D08","TALL","TALL_008","distributed","deciduousForest",32.922874,-87.434097,"WGS84",20.2,127.5,0.2,"2018-06-11T14:20Z","TALL.2018.24","TALL_008.20180611","A00000013435","drag",160,"Y",4,5,0,"No known compromise","NEON.DOC.014045vJ","71MfCy+FRsto69311gQJvR+pq8mHvc/9aCd1qcCUSbo=",NA,NA
"78b991a7-82cb-45fe-b310-d6e469683354","TALL_016.tickPlot.tck","D08","TALL","TALL_016","distributed","evergreenForest",32.971553,-87.415845,"WGS84",20.1,138.9,0.1,"2018-06-11T15:38Z","TALL.2018.24","","","drag and flag",160,"N",0,0,0,"","NEON.DOC.014045vJ","VlGS9knfep4oIPmMdzrYPvhmhmcAnEWcmbTWayWKGyM=",NA,NA
"5638ca71-96d5-4956-bf9f-7e0af2de7c02","TALL_002.tickPlot.tck","D08","TALL","TALL_002","distributed","mixedForest",32.920823,-87.428955,"WGS84",20.3,104,0.4,"2018-06-11T15:42Z","TALL.2018.24","TALL_002.20180611","A00000013971","drag",160,"Y",0,2,0,"No known compromise","NEON.DOC.014045vJ","71MfCy+FRsto69311gQJvR+pq8mHvc/9aCd1qcCUSbo=",NA,NA
"412e4716-9dba-426f-9ebb-59cc61bedbfc","TALL_006.tickPlot.tck","D08","TALL","TALL_006","distributed","evergreenForest",32.899144,-87.444571,"WGS84",20.3,108.6,0.3,"2018-06-11T16:26Z","TALL.2018.24","","","drag and flag",160,"N",0,0,0,"","NEON.DOC.014045vJ","64poQFGJhhoGk+ViS/sbZSFJ9fXNQZFjip4PFFWHEAg=",NA,NA
"d7417991-097b-4b9d-8c57-e066a8176bcc","TALL_003.tickPlot.tck","D08","TALL","TALL_003","distributed","mixedForest",32.894415,-87.416532,"WGS84",20.2,121.9,0.2,"2018-06-11T16:49Z","TALL.2018.24","TALL_003.20180611","A00000013955","drag and flag",160,"Y",1,0,0,"No known compromise","NEON.DOC.014045vJ","71MfCy+FRsto69311gQJvR+pq8mHvc/9aCd1qcCUSbo=",NA,NA
"61a0f9c9-7527-433f-b43e-01e531741e8f","TALL_006.tickPlot.tck","D08","TALL","TALL_006","distributed","evergreenForest",32.899144,-87.444571,"WGS84",20.3,108.6,0.3,"2018-07-03T14:32Z","TALL.2018.27","","","drag",160,"N",0,0,0,"","NEON.DOC.014045vJ","EKdNizS+3kOSaN4xEB1UW9XHhDFEO0UoYMAU6YiiakM=","",NA
"04a3b6df-2179-48cf-a997-5030c9e0804b","TALL_003.tickPlot.tck","D08","TALL","TALL_003","distributed","mixedForest",32.894415,-87.416532,"WGS84",20.2,121.9,0.2,"2018-07-03T15:19Z","TALL.2018.27","","","drag and flag",145,"N",0,0,0,"","NEON.DOC.014045vJ","VlGS9knfep4oIPmMdzrYPvhmhmcAnEWcmbTWayWKGyM=","",NA
"585eacf4-e56d-438c-be27-49416b6b28d5","TALL_016.tickPlot.tck","D08","TALL","TALL_016","distributed","evergreenForest",32.971553,-87.415845,"WGS84",20.1,138.9,0.1,"2018-07-03T16:11Z","TALL.2018.27","","","drag and flag",160,"N",0,0,0,"","NEON.DOC.014045vJ","EKdNizS+3kOSaN4xEB1UW9XHhDFEO0UoYMAU6YiiakM=","",NA
"0cd19a7a-d042-421d-b960-0a3690cd3c61","TALL_001.tickPlot.tck","D08","TALL","TALL_001","distributed","deciduousForest",32.97637,-87.432184,"WGS84",20.2,114.6,0.1,"2018-07-03T16:17Z","TALL.2018.27","TALL_001.20180703","B00000003269","drag and flag",160,"Y",6,7,0,"No known compromise","NEON.DOC.014045vJ","VlGS9knfep4oIPmMdzrYPvhmhmcAnEWcmbTWayWKGyM=","",NA
"de68718b-b765-40a9-9648-4bdfbbb55f2a","TALL_008.tickPlot.tck","D08","TALL","TALL_008","distributed","deciduousForest",32.922874,-87.434097,"WGS84",20.2,127.5,0.2,"2018-07-05T15:07Z","TALL.2018.27","TALL_008.20180705","A00000015285","drag",162,"Y",0,8,262,"No known compromise","NEON.DOC.014045vJ","EKdNizS+3kOSaN4xEB1UW9XHhDFEO0UoYMAU6YiiakM=","curved outside the plot on 1 side . Ticks included in sample.",NA
"ee8c80b5-8328-4420-81b5-5110369bd3ac","TALL_002.tickPlot.tck","D08","TALL","TALL_002","distributed","mixedForest",32.920823,-87.428955,"WGS84",20.3,104,0.4,"2018-07-05T16:45Z","TALL.2018.27","TALL_002.20180705","A00000013436","drag",160,"Y",4,10,0,"No known compromise","NEON.DOC.014045vJ","EKdNizS+3kOSaN4xEB1UW9XHhDFEO0UoYMAU6YiiakM=","",NA
