uid,startDate,endDate,namedLocation,testedDate,batchID,controlType,criteriaMet,remarks,dataQF
"57dc311d-a46e-431e-804f-b43c7cc374b1","2017-06-20T16:44Z","2017-06-20T16:44Z","University of Massachusetts Laboratory of Medical Zoology","2017-03-13","NEON_20170227","extractionNegative","Y",,"legacyData"
"7464d8e5-21ff-46d8-a042-3b1281a5984b","2017-06-20T16:44Z","2017-06-20T16:44Z","University of Massachusetts Laboratory of Medical Zoology","2017-03-13","NEON_20170227","positive","Y",,"legacyData"
"4e56673c-c295-40a3-8540-61adb600e420","2017-06-20T16:44Z","2017-06-20T16:44Z","University of Massachusetts Laboratory of Medical Zoology","2017-03-16","NEON_20170227","extractionNegative","Y",,"legacyData"
"9389874f-4723-465c-a9ad-e60cc7e540ae","2017-06-20T16:44Z","2017-06-20T16:44Z","University of Massachusetts Laboratory of Medical Zoology","2017-03-15","NEON_20170227","mixedSampleNegative","Y",,"legacyData"
"59bc833a-15c4-467c-a5fd-ad114c68ecaf","2017-06-20T16:44Z","2017-06-20T16:44Z","University of Massachusetts Laboratory of Medical Zoology","2017-03-20","NEON_20170227","masterMixNegative","Y",,"legacyData"
"ec1950a4-ec35-4ddf-9880-d02b09dd88c9","2017-06-20T16:44Z","2017-06-20T16:44Z","University of Massachusetts Laboratory of Medical Zoology","2017-03-24","NEON_20170227","positive","Y",,"legacyData"
"37f69068-d350-4544-8cf4-6d7cdd6097d0","2017-06-20T16:44Z","2017-06-20T16:44Z","University of Massachusetts Laboratory of Medical Zoology","2017-03-15","NEON_20170227","extractionNegative","Y",,"legacyData"
"10dec98c-a783-490f-a787-d0e13f7b26a0","2017-06-20T16:44Z","2017-06-20T16:44Z","University of Massachusetts Laboratory of Medical Zoology","2017-03-30","NEON_20170227","positive","Y",,"legacyData"
"6e5309b1-87a8-4429-8bec-4269e710be14","2017-06-20T16:44Z","2017-06-20T16:44Z","University of Massachusetts Laboratory of Medical Zoology","2017-03-29","NEON_20170227","masterMixNegative","Y",,"legacyData"
"62d14336-87bc-4b47-8e08-52e0918f06c2","2017-06-20T16:44Z","2017-06-20T16:44Z","University of Massachusetts Laboratory of Medical Zoology","2017-03-21","NEON_20170227","masterMixNegative","Y",,"legacyData"
"d572b2e5-6ebb-40d0-bf1b-b11af920148e","2017-06-20T16:44Z","2017-06-20T16:44Z","University of Massachusetts Laboratory of Medical Zoology","2017-03-22","NEON_20170227","extractionNegative","Y",,"legacyData"
"45a3aff5-66dc-4bd8-85ea-453b77315097","2017-06-20T16:44Z","2017-06-20T16:44Z","University of Massachusetts Laboratory of Medical Zoology","2017-03-16","NEON_20170227","masterMixNegative","Y",,"legacyData"
"224bafd4-7407-4276-b770-b1501bd2f070","2017-06-20T16:44Z","2017-06-20T16:44Z","University of Massachusetts Laboratory of Medical Zoology","2017-03-31","NEON_20170227","masterMixNegative","Y",,"legacyData"
"e9aabb92-7bdf-4c5c-ba6a-e7797779bbb2","2017-06-20T16:44Z","2017-06-20T16:44Z","University of Massachusetts Laboratory of Medical Zoology","2017-03-16","NEON_20170227","mixedSampleNegative","Y",,"legacyData"
"483f834d-54a1-4d75-a2ed-e4c281b76fee","2017-06-20T16:44Z","2017-06-20T16:44Z","University of Massachusetts Laboratory of Medical Zoology","2017-03-24","NEON_20170227","masterMixNegative","Y",,"legacyData"
"151b6a6c-9349-4115-8d81-d25237d69130","2017-06-20T16:44Z","2017-06-20T16:44Z","University of Massachusetts Laboratory of Medical Zoology","2017-03-20","NEON_20170227","mixedSampleNegative","Y",,"legacyData"
"28e07304-754a-4211-abc8-ee5e01859a14","2017-06-20T16:44Z","2017-06-20T16:44Z","University of Massachusetts Laboratory of Medical Zoology","2017-03-29","NEON_20170227","extractionNegative","Y",,"legacyData"
"474d59f4-8d70-4729-beae-3da06f49ef8e","2017-06-20T16:44Z","2017-06-20T16:44Z","University of Massachusetts Laboratory of Medical Zoology","2017-03-13","NEON_20170227","positive","Y",,"legacyData"
"de124033-001f-48e0-a38c-e306cc28bde9","2017-06-20T16:44Z","2017-06-20T16:44Z","University of Massachusetts Laboratory of Medical Zoology","2017-03-13","NEON_20170227","extractionNegative","Y",,"legacyData"
"aa0cfdb8-864d-4767-b891-bbb28241fbad","2017-06-20T16:44Z","2017-06-20T16:44Z","University of Massachusetts Laboratory of Medical Zoology","2017-03-21","NEON_20170227","extractionNegative","Y",,"legacyData"
"53197ece-61b9-44cb-8df4-c056000f8ce0","2017-06-20T16:44Z","2017-06-20T16:44Z","University of Massachusetts Laboratory of Medical Zoology","2017-03-22","NEON_20170227","masterMixNegative","Y",,"legacyData"
"545b3dd5-fe18-4e2c-b9a3-aa33500e13eb","2017-06-20T16:44Z","2017-06-20T16:44Z","University of Massachusetts Laboratory of Medical Zoology","2017-03-24","NEON_20170227","mixedSampleNegative","Y",,"legacyData"
"ea7bce8e-1caa-4f40-95cf-0d095b1ab549","2017-06-20T16:44Z","2017-06-20T16:44Z","University of Massachusetts Laboratory of Medical Zoology","2017-03-15","NEON_20170227","positive","Y",,"legacyData"
"5a19d118-5708-487f-8980-d636b588fa2e","2017-06-20T16:44Z","2017-06-20T16:44Z","University of Massachusetts Laboratory of Medical Zoology","2017-03-31","NEON_20170227","extractionNegative","Y",,"legacyData"
"dc54fcb5-f400-4601-9c1b-7957166eca0f","2017-06-20T16:44Z","2017-06-20T16:44Z","University of Massachusetts Laboratory of Medical Zoology","2017-03-30","NEON_20170227","extractionNegative","Y",,"legacyData"
"fc6f3c17-56b5-4dcf-9b4f-c4bf2341bd7b","2017-06-20T16:44Z","2017-06-20T16:44Z","University of Massachusetts Laboratory of Medical Zoology","2017-03-30","NEON_20170227","masterMixNegative","Y",,"legacyData"
"ce34832b-aab7-43fc-98fb-046af0d2a116","2017-06-20T16:44Z","2017-06-20T16:44Z","University of Massachusetts Laboratory of Medical Zoology","2017-03-23","NEON_20170227","mixedSampleNegative","Y",,"legacyData"
"f505a0d5-7aae-4a72-bd6c-f61808d7c613","2017-06-20T16:44Z","2017-06-20T16:44Z","University of Massachusetts Laboratory of Medical Zoology","2017-03-29","NEON_20170227","positive","Y",,"legacyData"
"1a7d1ad0-d017-4b1f-92a2-03e59b91d277","2017-06-20T16:44Z","2017-06-20T16:44Z","University of Massachusetts Laboratory of Medical Zoology","2017-03-21","NEON_20170227","mixedSampleNegative","Y",,"legacyData"
"633d2562-358e-43e6-8ee2-a20f161e4e6f","2017-06-20T16:44Z","2017-06-20T16:44Z","University of Massachusetts Laboratory of Medical Zoology","2017-03-22","NEON_20170227","positive","Y",,"legacyData"
"d47005cd-7507-448a-8c48-9cff5fa49fb7","2017-06-20T16:44Z","2017-06-20T16:44Z","University of Massachusetts Laboratory of Medical Zoology","2017-03-13","NEON_20170227","masterMixNegative","Y",,"legacyData"
"c33e74f0-93a3-4346-a0f5-70bfc20e428c","2017-06-20T16:44Z","2017-06-20T16:44Z","University of Massachusetts Laboratory of Medical Zoology","2017-03-16","NEON_20170227","positive","Y",,"legacyData"
"51eba780-2827-491c-80b2-8774a2069391","2017-06-20T16:44Z","2017-06-20T16:44Z","University of Massachusetts Laboratory of Medical Zoology","2017-03-24","NEON_20170227","extractionNegative","Y",,"legacyData"
"000c0924-6bc2-4965-934c-59e4f031c9fb","2017-06-20T16:44Z","2017-06-20T16:44Z","University of Massachusetts Laboratory of Medical Zoology","2017-03-15","NEON_20170227","positive","Y",,"legacyData"
"083ca241-7e1d-4e4a-9648-8c79393de55e","2017-06-20T16:44Z","2017-06-20T16:44Z","University of Massachusetts Laboratory of Medical Zoology","2017-03-13","NEON_20170227","masterMixNegative","Y",,"legacyData"
"b166e2ad-6e6c-497d-b596-a07a4a6bfa0d","2017-06-20T16:44Z","2017-06-20T16:44Z","University of Massachusetts Laboratory of Medical Zoology","2017-03-23","NEON_20170227","extractionNegative","Y",,"legacyData"
"9df11c4b-ac0f-48fd-bba5-584e69739fc1","2017-06-20T16:44Z","2017-06-20T16:44Z","University of Massachusetts Laboratory of Medical Zoology","2017-03-20","NEON_20170227","positive","Y",,"legacyData"
"ae74a8e6-42fd-4abd-b089-a4155f9fb2e9","2017-06-20T16:44Z","2017-06-20T16:44Z","University of Massachusetts Laboratory of Medical Zoology","2017-03-13","NEON_20170227","mixedSampleNegative","Y",,"legacyData"
"88651f89-1a24-4df3-8265-10b1bf5e3d2f","2017-06-20T16:44Z","2017-06-20T16:44Z","University of Massachusetts Laboratory of Medical Zoology","2017-03-22","NEON_20170227","mixedSampleNegative","Y",,"legacyData"
"3db0bd4a-69f3-42f9-8e37-2b64635ae7ee","2017-06-20T16:44Z","2017-06-20T16:44Z","University of Massachusetts Laboratory of Medical Zoology","2017-03-15","NEON_20170227","extractionNegative","Y",,"legacyData"
"c9193325-b793-46d9-b461-87733d7fdff1","2017-06-20T16:44Z","2017-06-20T16:44Z","University of Massachusetts Laboratory of Medical Zoology","2017-03-30","NEON_20170227","mixedSampleNegative","Y",,"legacyData"
"1e590474-4379-46c0-92ce-3b868d715f69","2017-06-20T16:44Z","2017-06-20T16:44Z","University of Massachusetts Laboratory of Medical Zoology","2017-03-23","NEON_20170227","masterMixNegative","Y",,"legacyData"
"8898e13a-b701-438d-8c87-607e0146aba8","2017-06-20T16:44Z","2017-06-20T16:44Z","University of Massachusetts Laboratory of Medical Zoology","2017-03-29","NEON_20170227","mixedSampleNegative","Y",,"legacyData"
"d0ab33fb-b4bb-4356-a7f0-bae69c5122d0","2017-06-20T16:44Z","2017-06-20T16:44Z","University of Massachusetts Laboratory of Medical Zoology","2017-03-31","NEON_20170227","mixedSampleNegative","Y",,"legacyData"
"113784a7-4e57-4337-a414-8e2512ddb346","2017-06-20T16:44Z","2017-06-20T16:44Z","University of Massachusetts Laboratory of Medical Zoology","2017-03-15","NEON_20170227","masterMixNegative","Y",,"legacyData"
"8466ac62-c4fe-4fb9-96a1-3639f2eebf2c","2017-06-20T16:44Z","2017-06-20T16:44Z","University of Massachusetts Laboratory of Medical Zoology","2017-03-31","NEON_20170227","positive","Y",,"legacyData"
"a8235916-806e-413e-a818-7bb33044364c","2017-06-20T16:44Z","2017-06-20T16:44Z","University of Massachusetts Laboratory of Medical Zoology","2017-03-20","NEON_20170227","extractionNegative","Y",,"legacyData"
"0266aaff-abc8-4120-abb6-112670814402","2017-06-20T16:44Z","2017-06-20T16:44Z","University of Massachusetts Laboratory of Medical Zoology","2017-03-21","NEON_20170227","positive","Y",,"legacyData"
"d39bb102-a2ab-4e03-b067-7b00fc51a3c1","2017-06-20T16:44Z","2017-06-20T16:44Z","University of Massachusetts Laboratory of Medical Zoology","2017-03-23","NEON_20170227","positive","Y",,"legacyData"
"418d8f60-ec06-4046-a2f6-00fad9ead4f7","2017-06-20T16:44Z","2017-06-20T16:44Z","University of Massachusetts Laboratory of Medical Zoology","2017-03-13","NEON_20170227","mixedSampleNegative","Y",,"legacyData"
"950a552e-02a1-4431-8b0d-7cca78f5a028","2017-06-20T16:44Z","2017-06-20T16:44Z","University of Massachusetts Laboratory of Medical Zoology","2017-03-21","NEON_20170227","extractionNegative","Y",,"legacyData"
"62675a23-9cb3-4b55-9f44-24ab88cc4d04","2017-06-20T16:44Z","2017-06-20T16:44Z","University of Massachusetts Laboratory of Medical Zoology","2017-03-24","NEON_20170227","mixedSampleNegative","Y",,"legacyData"
"1c230f7e-1482-48c4-ad03-a9503ea0e18a","2017-06-20T16:44Z","2017-06-20T16:44Z","University of Massachusetts Laboratory of Medical Zoology","2017-03-22","NEON_20170227","masterMixNegative","Y",,"legacyData"
"16330eb7-3a38-4031-b99a-ba9dba872379","2017-06-20T16:44Z","2017-06-20T16:44Z","University of Massachusetts Laboratory of Medical Zoology","2017-03-30","NEON_20170227","mixedSampleNegative","Y",,"legacyData"
"b0093c73-721c-4094-a406-c3f81cf9ea4f","2017-06-20T16:44Z","2017-06-20T16:44Z","University of Massachusetts Laboratory of Medical Zoology","2017-02-13","NEON_20170126","positive","Y",,"legacyData"
"ed2c5140-d872-4344-bb58-6ebe8965e2cc","2017-06-20T16:44Z","2017-06-20T16:44Z","University of Massachusetts Laboratory of Medical Zoology","2017-03-22","NEON_20170227","mixedSampleNegative","Y",,"legacyData"
"3be9727f-162e-43a6-b4fa-66e821f5c274","2017-06-20T16:44Z","2017-06-20T16:44Z","University of Massachusetts Laboratory of Medical Zoology","2017-03-16","NEON_20170227","masterMixNegative","Y",,"legacyData"
"a8001947-9a90-46a3-8214-1bfe435e4349","2017-06-20T16:44Z","2017-06-20T16:44Z","University of Massachusetts Laboratory of Medical Zoology","2017-02-01","NEON_20170126","positive","Y",,"legacyData"
"5937ca90-a20b-45d8-be2d-c07d6dce0dcc","2017-06-20T16:44Z","2017-06-20T16:44Z","University of Massachusetts Laboratory of Medical Zoology","2017-03-20","NEON_20170227","masterMixNegative","Y",,"legacyData"
"4bd9b8d4-a040-41be-b455-1eaa0ab22d5e","2017-06-20T16:44Z","2017-06-20T16:44Z","University of Massachusetts Laboratory of Medical Zoology","2017-03-29","NEON_20170227","positive","Y",,"legacyData"
"9a736ae9-3ffc-4c10-99fe-3395a994c66b","2017-06-20T16:44Z","2017-06-20T16:44Z","University of Massachusetts Laboratory of Medical Zoology","2017-03-30","NEON_20170227","positive","Y",,"legacyData"
"80a4ef6d-a178-4c74-baa0-4963c4c7de86","2017-06-20T16:44Z","2017-06-20T16:44Z","University of Massachusetts Laboratory of Medical Zoology","2017-02-02","NEON_20170126","masterMixNegative","Y",,"legacyData"
"679d2873-1609-42ee-a175-9cfcff3dcebb","2017-06-20T16:44Z","2017-06-20T16:44Z","University of Massachusetts Laboratory of Medical Zoology","2017-02-13","NEON_20170126","extractionNegative","Y",,"legacyData"
"1a7e1482-5aa2-467f-9254-d33757e8e3ad","2017-06-20T16:44Z","2017-06-20T16:44Z","University of Massachusetts Laboratory of Medical Zoology","2017-03-23","NEON_20170227","positive","Y",,"legacyData"
"a6dc19b7-fa9f-4447-9bc7-f8ffad35d9f5","2017-06-20T16:44Z","2017-06-20T16:44Z","University of Massachusetts Laboratory of Medical Zoology","2017-03-22","NEON_20170227","positive","Y",,"legacyData"
"d253f671-256e-4a30-9199-e0ff27ecd95d","2017-06-20T16:44Z","2017-06-20T16:44Z","University of Massachusetts Laboratory of Medical Zoology","2017-03-23","NEON_20170227","extractionNegative","Y",,"legacyData"
"1e60ecbe-2b6f-4e6f-86a4-3d3a4f1fa525","2017-06-20T16:44Z","2017-06-20T16:44Z","University of Massachusetts Laboratory of Medical Zoology","2017-03-20","NEON_20170227","extractionNegative","Y",,"legacyData"
"c774f350-a3ef-4f37-b507-11ac7638b030","2017-06-20T16:44Z","2017-06-20T16:44Z","University of Massachusetts Laboratory of Medical Zoology","2017-03-16","NEON_20170227","positive","Y",,"legacyData"
"b750a76c-c48f-4f4d-94b8-4ed258f57493","2017-06-20T16:44Z","2017-06-20T16:44Z","University of Massachusetts Laboratory of Medical Zoology","2017-03-24","NEON_20170227","positive","Y",,"legacyData"
"0c5e5865-098d-489c-9729-df494e909162","2017-06-20T16:44Z","2017-06-20T16:44Z","University of Massachusetts Laboratory of Medical Zoology","2017-02-02","NEON_20170126","extractionNegative","Y",,"legacyData"
"987319a8-13bc-4bed-916e-2fbb4f3e5b09","2017-06-20T16:44Z","2017-06-20T16:44Z","University of Massachusetts Laboratory of Medical Zoology","2017-02-02","NEON_20170126","mixedSampleNegative","Y",,"legacyData"
"ad22d402-69eb-499a-b187-0b61616f4fba","2017-06-20T16:44Z","2017-06-20T16:44Z","University of Massachusetts Laboratory of Medical Zoology","2017-03-31","NEON_20170227","mixedSampleNegative","Y",,"legacyData"
"8db96a3d-ff94-4024-97bc-4e5a02412b02","2017-06-20T16:44Z","2017-06-20T16:44Z","University of Massachusetts Laboratory of Medical Zoology","2017-03-21","NEON_20170227","positive","Y",,"legacyData"
"1dfe6b33-931e-4d71-b6dd-165037f9184d","2017-06-20T16:44Z","2017-06-20T16:44Z","University of Massachusetts Laboratory of Medical Zoology","2017-03-29","NEON_20170227","mixedSampleNegative","Y",,"legacyData"
"dc5079ff-fcc1-4b89-9a63-ec771ee3f166","2017-06-20T16:44Z","2017-06-20T16:44Z","University of Massachusetts Laboratory of Medical Zoology","2017-03-23","NEON_20170227","masterMixNegative","Y",,"legacyData"
"7a207362-1dfe-4359-9b18-891a714ffc60","2017-06-20T16:44Z","2017-06-20T16:44Z","University of Massachusetts Laboratory of Medical Zoology","2017-03-29","NEON_20170227","masterMixNegative","Y",,"legacyData"
"1d5fd6b2-a5f4-4e2e-af7a-2f3847c9fc14","2017-06-20T16:44Z","2017-06-20T16:44Z","University of Massachusetts Laboratory of Medical Zoology","2017-03-31","NEON_20170227","positive","Y",,"legacyData"
"c1ee6409-c51c-45c5-9155-1b1f34dc045c","2017-06-20T16:44Z","2017-06-20T16:44Z","University of Massachusetts Laboratory of Medical Zoology","2017-02-02","NEON_20170126","positive","Y",,"legacyData"
"4d5fed71-b031-46e0-a513-737c06b5543a","2017-06-20T16:44Z","2017-06-20T16:44Z","University of Massachusetts Laboratory of Medical Zoology","2017-03-20","NEON_20170227","positive","Y",,"legacyData"
"db7e07a6-c119-4805-a2ab-93ef9b6b233d","2017-06-20T16:44Z","2017-06-20T16:44Z","University of Massachusetts Laboratory of Medical Zoology","2017-02-01","NEON_20170126","masterMixNegative","Y",,"legacyData"
"4e109881-efaf-46f6-b9bb-e4f5cd97c455","2017-06-20T16:44Z","2017-06-20T16:44Z","University of Massachusetts Laboratory of Medical Zoology","2017-03-31","NEON_20170227","masterMixNegative","Y",,"legacyData"
"45f08ecb-ca37-479b-96ca-78bbf46b22be","2017-06-20T16:44Z","2017-06-20T16:44Z","University of Massachusetts Laboratory of Medical Zoology","2017-03-16","NEON_20170227","mixedSampleNegative","Y",,"legacyData"
"faf5e704-bb74-4a08-9fb5-7b87c97fee13","2017-06-20T16:44Z","2017-06-20T16:44Z","University of Massachusetts Laboratory of Medical Zoology","2017-03-20","NEON_20170227","mixedSampleNegative","Y",,"legacyData"
"e952e3bb-59e7-40d8-8035-696c0686e5f3","2017-06-20T16:44Z","2017-06-20T16:44Z","University of Massachusetts Laboratory of Medical Zoology","2017-03-30","NEON_20170227","extractionNegative","Y",,"legacyData"
"6b6cdad4-818a-47aa-aa35-cbf06027b7cd","2017-06-20T16:44Z","2017-06-20T16:44Z","University of Massachusetts Laboratory of Medical Zoology","2017-03-24","NEON_20170227","masterMixNegative","Y",,"legacyData"
"c1fb9711-629e-4f6f-a225-76b1ccad13bd","2017-06-20T16:44Z","2017-06-20T16:44Z","University of Massachusetts Laboratory of Medical Zoology","2017-03-15","NEON_20170227","mixedSampleNegative","Y",,"legacyData"
"f6efb6fd-9c5e-476d-8725-5f9f4ec23429","2017-06-20T16:44Z","2017-06-20T16:44Z","University of Massachusetts Laboratory of Medical Zoology","2017-03-22","NEON_20170227","extractionNegative","Y",,"legacyData"
"85c7404b-784f-4521-834f-f8446636e0f0","2017-06-20T16:44Z","2017-06-20T16:44Z","University of Massachusetts Laboratory of Medical Zoology","2017-03-21","NEON_20170227","mixedSampleNegative","Y",,"legacyData"
"2cdd8367-6872-440c-a966-1e1b2caf0929","2017-06-20T16:44Z","2017-06-20T16:44Z","University of Massachusetts Laboratory of Medical Zoology","2017-02-01","NEON_20170126","mixedSampleNegative","Y",,"legacyData"
"557fe0b3-a5b2-4adb-837a-fdc8b47c1155","2017-06-20T16:44Z","2017-06-20T16:44Z","University of Massachusetts Laboratory of Medical Zoology","2017-02-01","NEON_20170126","extractionNegative","Y",,"legacyData"
"e35830dc-6348-4e9e-8a44-646c89a481b7","2017-06-20T16:44Z","2017-06-20T16:44Z","University of Massachusetts Laboratory of Medical Zoology","2017-03-23","NEON_20170227","mixedSampleNegative","Y",,"legacyData"
"3276fea6-db75-4855-92fa-ee7bf55fe069","2017-06-20T16:44Z","2017-06-20T16:44Z","University of Massachusetts Laboratory of Medical Zoology","2017-02-13","NEON_20170126","mixedSampleNegative","Y",,"legacyData"
"f3246b54-af6a-4d33-8075-c2e73f12da3a","2017-06-20T16:44Z","2017-06-20T16:44Z","University of Massachusetts Laboratory of Medical Zoology","2017-03-29","NEON_20170227","extractionNegative","Y",,"legacyData"
"c39b2777-ec67-490e-9754-1c2e65ee1469","2017-06-20T16:44Z","2017-06-20T16:44Z","University of Massachusetts Laboratory of Medical Zoology","2017-03-31","NEON_20170227","extractionNegative","Y",,"legacyData"
"1e35f36d-eaf8-47b2-8c8d-2b382f863906","2017-06-20T16:44Z","2017-06-20T16:44Z","University of Massachusetts Laboratory of Medical Zoology","2017-02-13","NEON_20170126","masterMixNegative","Y",,"legacyData"
"b95b556a-14ff-4f35-b0a4-9e979abe3e3c","2017-06-20T16:44Z","2017-06-20T16:44Z","University of Massachusetts Laboratory of Medical Zoology","2017-03-24","NEON_20170227","extractionNegative","Y",,"legacyData"
"b8488bc2-c882-4ae6-aa68-9c9e499bd776","2017-06-20T16:44Z","2017-06-20T16:44Z","University of Massachusetts Laboratory of Medical Zoology","2017-03-16","NEON_20170227","extractionNegative","Y",,"legacyData"
"87f088dd-084e-4359-8f17-fa137958c6d2","2017-06-20T16:44Z","2017-06-20T16:44Z","University of Massachusetts Laboratory of Medical Zoology","2017-03-21","NEON_20170227","masterMixNegative","Y",,"legacyData"
"eee9d26f-ee01-4c27-80fc-c79a635d2c52","2017-06-20T16:44Z","2017-06-20T16:44Z","University of Massachusetts Laboratory of Medical Zoology","2017-03-15","NEON_20170227","masterMixNegative","Y",,"legacyData"
"dae14a7a-4502-43bd-a81b-62f50165d6f9","2017-06-20T16:44Z","2017-06-20T16:44Z","University of Massachusetts Laboratory of Medical Zoology","2017-03-30","NEON_20170227","masterMixNegative","Y",,"legacyData"
"c952a6d6-5eb6-4855-91d2-d8474a6188e6","2017-06-20T16:44Z","2017-06-20T16:44Z","University of Massachusetts Laboratory of Medical Zoology","2017-02-14","NEON_20170126","positive","Y",,"legacyData"
"d0f49805-da59-472c-a8b8-7e2d886187c0","2017-06-20T16:44Z","2017-06-20T16:44Z","University of Massachusetts Laboratory of Medical Zoology","2017-03-29","NEON_20170227","extractionNegative","Y",,"legacyData"
"6cecf13e-609e-4fb9-b1ab-e1215ab2d31b","2017-06-20T16:44Z","2017-06-20T16:44Z","University of Massachusetts Laboratory of Medical Zoology","2017-02-15","NEON_20170126","positive","Y",,"legacyData"
"8374c257-9e38-422e-a441-cae5c14bb5b4","2017-06-20T16:44Z","2017-06-20T16:44Z","University of Massachusetts Laboratory of Medical Zoology","2017-03-29","NEON_20170227","positive","Y",,"legacyData"
"265f52ad-673c-4dd0-838e-961e100b97dd","2017-06-20T16:44Z","2017-06-20T16:44Z","University of Massachusetts Laboratory of Medical Zoology","2017-03-22","NEON_20170227","masterMixNegative","Y",,"legacyData"
"d97ecdea-a1a1-4b2b-89f4-e81ca349c15b","2017-06-20T16:44Z","2017-06-20T16:44Z","University of Massachusetts Laboratory of Medical Zoology","2017-03-23","NEON_20170227","mixedSampleNegative","Y",,"legacyData"
"f1f00b19-9745-4b95-b6bd-5c5189595a8c","2017-06-20T16:44Z","2017-06-20T16:44Z","University of Massachusetts Laboratory of Medical Zoology","2017-02-14","NEON_20170126","masterMixNegative","Y",,"legacyData"
"627dcbf5-df4f-44f7-8305-0b0f8da43854","2017-06-20T16:44Z","2017-06-20T16:44Z","University of Massachusetts Laboratory of Medical Zoology","2017-03-24","NEON_20170227","positive","Y",,"legacyData"
"88ccafa2-e544-4df4-abb6-9346551477e8","2017-06-20T16:44Z","2017-06-20T16:44Z","University of Massachusetts Laboratory of Medical Zoology","2017-03-15","NEON_20170227","mixedSampleNegative","Y",,"legacyData"
"e1d0665b-3c47-40db-b0b2-aa10a53032c1","2017-06-20T16:44Z","2017-06-20T16:44Z","University of Massachusetts Laboratory of Medical Zoology","2017-02-14","NEON_20170126","mixedSampleNegative","Y",,"legacyData"
"3779949a-fdd3-41ee-885b-9271082c9192","2017-06-20T16:44Z","2017-06-20T16:44Z","University of Massachusetts Laboratory of Medical Zoology","2017-03-15","NEON_20170227","masterMixNegative","Y",,"legacyData"
"b2c4492a-4101-4992-b756-d057147ad02f","2017-06-20T16:44Z","2017-06-20T16:44Z","University of Massachusetts Laboratory of Medical Zoology","2015-11-12","NEON_20151112","positive","Y",,"legacyData"
"9eda0021-de9c-4b49-8793-6f369feed78a","2017-06-20T16:44Z","2017-06-20T16:44Z","University of Massachusetts Laboratory of Medical Zoology","2017-03-13","NEON_20170227","masterMixNegative","Y",,"legacyData"
"1d824934-c9ac-433e-87e2-7e4e920136bd","2017-06-20T16:44Z","2017-06-20T16:44Z","University of Massachusetts Laboratory of Medical Zoology","2017-03-15","NEON_20170227","positive","Y",,"legacyData"
"6527abe9-31d0-484e-bff9-ad2adbe85b70","2017-06-20T16:44Z","2017-06-20T16:44Z","University of Massachusetts Laboratory of Medical Zoology","2017-02-15","NEON_20170126","extractionNegative","Y",,"legacyData"
"d54407d6-45fc-43ca-b955-9ff1672e9098","2017-06-20T16:44Z","2017-06-20T16:44Z","University of Massachusetts Laboratory of Medical Zoology","2017-02-16","NEON_20170126","masterMixNegative","Y",,"legacyData"
"160da402-686e-45a3-86c5-a859a1191478","2017-06-20T16:44Z","2017-06-20T16:44Z","University of Massachusetts Laboratory of Medical Zoology","2015-11-12","NEON_20151112","positive","Y",,"legacyData"
"07b7ee69-4e54-449d-8798-7fb830425a4c","2017-06-20T16:44Z","2017-06-20T16:44Z","University of Massachusetts Laboratory of Medical Zoology","2017-03-24","NEON_20170227","masterMixNegative","Y",,"legacyData"
"1664efdf-23cd-4582-adab-1e1ffe02d3ee","2017-06-20T16:44Z","2017-06-20T16:44Z","University of Massachusetts Laboratory of Medical Zoology","2017-02-15","NEON_20170126","masterMixNegative","Y",,"legacyData"
"74a60c15-4ce8-489d-9bab-43769ab81e81","2017-06-20T16:44Z","2017-06-20T16:44Z","University of Massachusetts Laboratory of Medical Zoology","2017-03-20","NEON_20170227","masterMixNegative","Y",,"legacyData"
"5b71facd-7d69-4dcf-ad4e-7a0eacd85296","2017-06-20T16:44Z","2017-06-20T16:44Z","University of Massachusetts Laboratory of Medical Zoology","2017-03-16","NEON_20170227","positive","Y",,"legacyData"
"172d13c0-09c0-4bd7-915a-4dfba350c153","2017-06-20T16:44Z","2017-06-20T16:44Z","University of Massachusetts Laboratory of Medical Zoology","2017-03-22","NEON_20170227","extractionNegative","Y",,"legacyData"
"93a9e6a1-d48d-49dc-93ca-261bd23adf8d","2017-06-20T16:44Z","2017-06-20T16:44Z","University of Massachusetts Laboratory of Medical Zoology","2017-03-13","NEON_20170227","mixedSampleNegative","Y",,"legacyData"
"49c15ee6-1554-41e5-aefb-884d34c3dfa9","2017-06-20T16:44Z","2017-06-20T16:44Z","University of Massachusetts Laboratory of Medical Zoology","2017-03-15","NEON_20170227","extractionNegative","Y",,"legacyData"
"3d77b596-8074-469e-92bc-26c200bcb321","2017-06-20T16:44Z","2017-06-20T16:44Z","University of Massachusetts Laboratory of Medical Zoology","2017-03-22","NEON_20170227","mixedSampleNegative","Y",,"legacyData"
"9a92c6fd-e71d-4709-8c6e-99888766e0bc","2017-06-20T16:44Z","2017-06-20T16:44Z","University of Massachusetts Laboratory of Medical Zoology","2017-02-14","NEON_20170126","extractionNegative","Y",,"legacyData"
"9a7a385b-2007-4948-9a5c-be808b202dcf","2017-06-20T16:44Z","2017-06-20T16:44Z","University of Massachusetts Laboratory of Medical Zoology","2017-03-23","NEON_20170227","masterMixNegative","Y",,"legacyData"
"09253169-5fb1-4ed0-8f83-c7c02534b5cd","2017-06-20T16:44Z","2017-06-20T16:44Z","University of Massachusetts Laboratory of Medical Zoology","2017-03-29","NEON_20170227","masterMixNegative","Y",,"legacyData"
"ce3fe47a-c9c0-4643-b4e6-81ab493f949c","2017-06-20T16:44Z","2017-06-20T16:44Z","University of Massachusetts Laboratory of Medical Zoology","2017-03-16","NEON_20170227","extractionNegative","Y",,"legacyData"
"2bf07def-eb0a-48b7-93b3-e9c364525b2b","2017-06-20T16:44Z","2017-06-20T16:44Z","University of Massachusetts Laboratory of Medical Zoology","2017-03-23","NEON_20170227","extractionNegative","Y",,"legacyData"
"13283772-9bc2-41b8-b930-886c9af19788","2017-06-20T16:44Z","2017-06-20T16:44Z","University of Massachusetts Laboratory of Medical Zoology","2017-02-16","NEON_20170126","mixedSampleNegative","Y",,"legacyData"
"abdd4678-edf7-41d4-9361-d94992edfa57","2017-06-20T16:44Z","2017-06-20T16:44Z","University of Massachusetts Laboratory of Medical Zoology","2017-03-16","NEON_20170227","mixedSampleNegative","Y",,"legacyData"
"8cbe196a-0ca4-4dda-80cc-eca087a975e0","2017-06-20T16:44Z","2017-06-20T16:44Z","University of Massachusetts Laboratory of Medical Zoology","2017-03-21","NEON_20170227","mixedSampleNegative","Y",,"legacyData"
"dd32ea3f-a745-49d6-a837-1ad85a95c765","2017-06-20T16:44Z","2017-06-20T16:44Z","University of Massachusetts Laboratory of Medical Zoology","2017-02-16","NEON_20170126","positive","Y",,"legacyData"
"07362b4d-a63e-4c7b-a5f3-b7e9891615b6","2017-06-20T16:44Z","2017-06-20T16:44Z","University of Massachusetts Laboratory of Medical Zoology","2017-03-13","NEON_20170227","positive","Y",,"legacyData"
"2b821c82-2225-4e6f-aeb6-0c908c6b7c16","2017-06-20T16:44Z","2017-06-20T16:44Z","University of Massachusetts Laboratory of Medical Zoology","2017-03-22","NEON_20170227","positive","Y",,"legacyData"
"1cf15762-cf2b-4f54-9d65-3e664b88ebd2","2017-06-20T16:44Z","2017-06-20T16:44Z","University of Massachusetts Laboratory of Medical Zoology","2017-03-13","NEON_20170227","extractionNegative","Y",,"legacyData"
"b839a346-cb81-41cd-a1f0-3825409a27e4","2017-06-20T16:44Z","2017-06-20T16:44Z","University of Massachusetts Laboratory of Medical Zoology","2015-11-12","NEON_20151112","positive","Y",,"legacyData"
"de2147e8-bf4c-44c7-9d68-3dc136c8953e","2017-06-20T16:44Z","2017-06-20T16:44Z","University of Massachusetts Laboratory of Medical Zoology","2017-03-20","NEON_20170227","extractionNegative","Y",,"legacyData"
"38ea2d47-d3dc-49d2-a3c3-b6916e98297c","2017-06-20T16:44Z","2017-06-20T16:44Z","University of Massachusetts Laboratory of Medical Zoology","2017-02-16","NEON_20170126","extractionNegative","Y",,"legacyData"
"9257462f-e41f-43b9-904f-8e8c2074b166","2017-06-20T16:44Z","2017-06-20T16:44Z","University of Massachusetts Laboratory of Medical Zoology","2017-02-15","NEON_20170126","mixedSampleNegative","Y",,"legacyData"
"67f8e8cc-e22f-4fd9-836e-9875a8bd5b72","2017-06-20T16:44Z","2017-06-20T16:44Z","University of Massachusetts Laboratory of Medical Zoology","2017-03-21","NEON_20170227","extractionNegative","Y",,"legacyData"
"9d6f8f39-3cd7-4009-bda1-a6a7012a9638","2017-06-20T16:44Z","2017-06-20T16:44Z","University of Massachusetts Laboratory of Medical Zoology","2017-03-21","NEON_20170227","masterMixNegative","Y",,"legacyData"
"847bb6bf-c1c1-4eae-b243-578b8c51a91f","2017-06-20T16:44Z","2017-06-20T16:44Z","University of Massachusetts Laboratory of Medical Zoology","2017-03-20","NEON_20170227","positive","Y",,"legacyData"
"6a64aae9-3cc8-4609-8e66-7cfc6b756100","2017-06-20T16:44Z","2017-06-20T16:44Z","University of Massachusetts Laboratory of Medical Zoology","2017-03-24","NEON_20170227","extractionNegative","Y",,"legacyData"
"6c21bf98-6242-42f5-84e6-5dc88c2aa5e6","2017-06-20T16:44Z","2017-06-20T16:44Z","University of Massachusetts Laboratory of Medical Zoology","2017-03-23","NEON_20170227","positive","Y",,"legacyData"
"d5aec05a-3c73-4b2f-a6c3-eb996dab040c","2017-06-20T16:44Z","2017-06-20T16:44Z","University of Massachusetts Laboratory of Medical Zoology","2017-03-16","NEON_20170227","masterMixNegative","Y",,"legacyData"
"80779bb8-b19a-418a-b62f-32ea4f287f63","2017-06-20T16:44Z","2017-06-20T16:44Z","University of Massachusetts Laboratory of Medical Zoology","2017-03-24","NEON_20170227","mixedSampleNegative","Y",,"legacyData"
"1852cc54-dd5a-471e-a64b-e6dcb4488dba","2017-06-20T16:44Z","2017-06-20T16:44Z","University of Massachusetts Laboratory of Medical Zoology","2017-03-21","NEON_20170227","positive","Y",,"legacyData"
"c870afb8-0fef-4721-ae94-3e3cfa1a3072","2017-06-20T16:44Z","2017-06-20T16:44Z","University of Massachusetts Laboratory of Medical Zoology","2017-03-20","NEON_20170227","mixedSampleNegative","Y",,"legacyData"
"027efd4e-2010-4a8f-b481-1a512fbdf74e","2017-06-20T16:44Z","2017-06-20T16:44Z","University of Massachusetts Laboratory of Medical Zoology","2017-03-31","NEON_20170227","extractionNegative","Y",,"legacyData"
"0f3a7ef2-e407-47f9-8ca3-27b8bc888f4c","2017-06-20T16:44Z","2017-06-20T16:44Z","University of Massachusetts Laboratory of Medical Zoology","2017-02-13","NEON_20170126","positive","Y",,"legacyData"
"3471dfda-99f2-47ad-9b0d-e861bbbfa27f","2017-06-20T16:44Z","2017-06-20T16:44Z","University of Massachusetts Laboratory of Medical Zoology","2017-02-16","NEON_20170126","positive","Y",,"legacyData"
"295f5d3c-7f72-4e8a-975d-31c6378eab6a","2017-06-20T16:44Z","2017-06-20T16:44Z","University of Massachusetts Laboratory of Medical Zoology","2017-02-14","NEON_20170126","positive","Y",,"legacyData"
"b69fa2f4-d1d3-460d-ac2c-b8d778ae27ec","2017-06-20T16:44Z","2017-06-20T16:44Z","University of Massachusetts Laboratory of Medical Zoology","2017-02-02","NEON_20170126","extractionNegative","Y",,"legacyData"
"e231b09c-4133-44ed-8563-2c3c0e188ac8","2017-06-20T16:44Z","2017-06-20T16:44Z","University of Massachusetts Laboratory of Medical Zoology","2017-02-14","NEON_20170126","extractionNegative","Y",,"legacyData"
"d0b29575-482e-4402-b783-a9bab6445298","2017-06-20T16:44Z","2017-06-20T16:44Z","University of Massachusetts Laboratory of Medical Zoology","2017-02-15","NEON_20170126","positive","Y",,"legacyData"
"422bcb06-8b06-4734-b1d4-3fcc2cf12995","2017-06-20T16:44Z","2017-06-20T16:44Z","University of Massachusetts Laboratory of Medical Zoology","2017-02-13","NEON_20170126","masterMixNegative","Y",,"legacyData"
"ef21305c-4ddb-48bd-ba53-e741b3574c10","2017-06-20T16:44Z","2017-06-20T16:44Z","University of Massachusetts Laboratory of Medical Zoology","2017-03-31","NEON_20170227","masterMixNegative","Y",,"legacyData"
"4fc02766-76a4-4dde-a73f-89356da9abc9","2017-06-20T16:44Z","2017-06-20T16:44Z","University of Massachusetts Laboratory of Medical Zoology","2017-02-01","NEON_20170126","extractionNegative","Y",,"legacyData"
"c72a0a2e-ca03-4b8a-ac8d-18d395733c87","2017-06-20T16:44Z","2017-06-20T16:44Z","University of Massachusetts Laboratory of Medical Zoology","2017-02-13","NEON_20170126","mixedSampleNegative","Y",,"legacyData"
"e8df13c5-3195-46ea-a5cb-3bc4d19a7478","2017-06-20T16:44Z","2017-06-20T16:44Z","University of Massachusetts Laboratory of Medical Zoology","2017-02-16","NEON_20170126","extractionNegative","Y",,"legacyData"
"a06c03d7-9342-4a25-85ae-ae17bd59e727","2017-06-20T16:44Z","2017-06-20T16:44Z","University of Massachusetts Laboratory of Medical Zoology","2015-11-12","NEON_20151112","positive","Y",,"legacyData"
"3622766e-98a8-4ed5-b3b5-69ebe26c1e5b","2017-06-20T16:44Z","2017-06-20T16:44Z","University of Massachusetts Laboratory of Medical Zoology","2017-03-30","NEON_20170227","positive","Y",,"legacyData"
"673f0339-6bb5-4304-a377-5ff0992c40fc","2017-06-20T16:44Z","2017-06-20T16:44Z","University of Massachusetts Laboratory of Medical Zoology","2017-02-01","NEON_20170126","mixedSampleNegative","Y",,"legacyData"
"2bb53f81-f51a-4009-bc42-698e7eea8ae2","2017-06-20T16:44Z","2017-06-20T16:44Z","University of Massachusetts Laboratory of Medical Zoology","2015-11-12","NEON_20151112","positive","Y",,"legacyData"
"79ce2c59-7b24-4104-a365-f2ec84c47d15","2017-06-20T16:44Z","2017-06-20T16:44Z","University of Massachusetts Laboratory of Medical Zoology","2017-02-16","NEON_20170126","mixedSampleNegative","Y",,"legacyData"
"46e32ef0-4127-4ad6-9715-0a0e414641ac","2017-06-20T16:44Z","2017-06-20T16:44Z","University of Massachusetts Laboratory of Medical Zoology","2017-02-14","NEON_20170126","mixedSampleNegative","Y",,"legacyData"
"86f5631c-00f6-4a81-b0fb-d84f4b2dfd5b","2017-06-20T16:44Z","2017-06-20T16:44Z","University of Massachusetts Laboratory of Medical Zoology","2017-03-30","NEON_20170227","masterMixNegative","Y",,"legacyData"
"7f019b4f-5cb4-4e85-8814-227c913ea2d1","2017-06-20T16:44Z","2017-06-20T16:44Z","University of Massachusetts Laboratory of Medical Zoology","2017-02-15","NEON_20170126","extractionNegative","Y",,"legacyData"
"8f6ba7ca-4969-4223-bdca-159a7bb8815c","2017-06-20T16:44Z","2017-06-20T16:44Z","University of Massachusetts Laboratory of Medical Zoology","2017-03-31","NEON_20170227","positive","Y",,"legacyData"
"92e4e3a6-cad3-4083-8e86-436393d75459","2017-06-20T16:44Z","2017-06-20T16:44Z","University of Massachusetts Laboratory of Medical Zoology","2017-02-01","NEON_20170126","masterMixNegative","Y",,"legacyData"
"01654566-fada-4e5d-b2fe-95e843617186","2017-06-20T16:44Z","2017-06-20T16:44Z","University of Massachusetts Laboratory of Medical Zoology","2017-02-15","NEON_20170126","masterMixNegative","Y",,"legacyData"
"03decc56-f1f0-4e11-a473-9a92ec960843","2017-06-20T16:44Z","2017-06-20T16:44Z","University of Massachusetts Laboratory of Medical Zoology","2015-11-12","NEON_20151112","positive","Y",,"legacyData"
"5a6c63ef-4003-43e2-bdc2-452a8f0e60f8","2017-06-20T16:44Z","2017-06-20T16:44Z","University of Massachusetts Laboratory of Medical Zoology","2017-02-02","NEON_20170126","mixedSampleNegative","Y",,"legacyData"
"61f7dddf-83d8-4900-b6b3-e3ca590be70a","2017-06-20T16:44Z","2017-06-20T16:44Z","University of Massachusetts Laboratory of Medical Zoology","2017-02-02","NEON_20170126","masterMixNegative","Y",,"legacyData"
"8296d1c5-5018-4df2-9ace-92504f9970f9","2017-06-20T16:44Z","2017-06-20T16:44Z","University of Massachusetts Laboratory of Medical Zoology","2017-03-30","NEON_20170227","mixedSampleNegative","Y",,"legacyData"
"c4a57802-9554-4736-b57e-f2b2b45b5fb4","2017-06-20T16:44Z","2017-06-20T16:44Z","University of Massachusetts Laboratory of Medical Zoology","2017-02-14","NEON_20170126","masterMixNegative","Y",,"legacyData"
"3fb78b73-c82d-49cc-9738-33fd79b8aac7","2017-06-20T16:44Z","2017-06-20T16:44Z","University of Massachusetts Laboratory of Medical Zoology","2017-02-01","NEON_20170126","positive","Y",,"legacyData"
"ab42c0f9-7072-4177-95b3-00b9afb1c60d","2017-06-20T16:44Z","2017-06-20T16:44Z","University of Massachusetts Laboratory of Medical Zoology","2017-03-30","NEON_20170227","extractionNegative","Y",,"legacyData"
"9837fe77-0781-4685-aa64-4bcd4a17fc35","2017-06-20T16:44Z","2017-06-20T16:44Z","University of Massachusetts Laboratory of Medical Zoology","2017-03-31","NEON_20170227","mixedSampleNegative","Y",,"legacyData"
"84dcc168-5af7-4a68-856b-b158b87bff7f","2017-06-20T16:44Z","2017-06-20T16:44Z","University of Massachusetts Laboratory of Medical Zoology","2017-02-16","NEON_20170126","masterMixNegative","Y",,"legacyData"
"0fa37861-40a2-4340-97fe-9c3644d6c500","2017-06-20T16:44Z","2017-06-20T16:44Z","University of Massachusetts Laboratory of Medical Zoology","2017-02-13","NEON_20170126","extractionNegative","Y",,"legacyData"
"f2150d2a-8a2a-489d-bf20-77cb995a7c5a","2017-06-20T16:44Z","2017-06-20T16:44Z","University of Massachusetts Laboratory of Medical Zoology","2017-02-02","NEON_20170126","positive","Y",,"legacyData"
"a9a9de30-2c57-4188-87cb-15dc409b709d","2017-06-20T16:44Z","2017-06-20T16:44Z","University of Massachusetts Laboratory of Medical Zoology","2017-03-29","NEON_20170227","mixedSampleNegative","Y",,"legacyData"
"e6e097ef-85a4-4ce2-83c9-6cf2b341d5c9","2017-06-20T16:44Z","2017-06-20T16:44Z","University of Massachusetts Laboratory of Medical Zoology","2017-02-15","NEON_20170126","mixedSampleNegative","Y",,"legacyData"
