"table","records","year","month","resolved","unresolved"
"alg_algaeExternalLabDataPerSample",93,2018,1,0,0
"alg_algaeExternalLabDataPerSample",320,2018,2,0,0
"alg_algaeExternalLabDataPerSample",815,2018,3,0,0
"alg_algaeExternalLabDataPerSample",334,2018,4,0,0
"alg_algaeExternalLabDataPerSample",186,2017,5,0,16
"alg_algaeExternalLabDataPerSample",680,2018,5,0,0
"alg_algaeExternalLabDataPerSample",245,2017,6,0,0
"alg_algaeExternalLabDataPerSample",432,2018,6,0,0
"alg_algaeExternalLabDataPerSample",1491,2017,7,0,28
"alg_algaeExternalLabDataPerSample",2169,2018,7,0,0
"alg_algaeExternalLabDataPerSample",252,2017,8,0,0
"alg_algaeExternalLabDataPerSample",424,2018,8,0,0
"alg_algaeExternalLabDataPerSample",469,2017,9,0,0
"alg_algaeExternalLabDataPerSample",934,2017,10,0,40
"alg_algaeExternalLabDataPerSample",589,2017,11,0,12
"alg_domainLabChemistry",40,2018,1,0,0
"alg_domainLabChemistry",148,2018,2,0,0
"alg_domainLabChemistry",369,2018,3,0,0
"alg_domainLabChemistry",144,2018,4,0,0
"alg_domainLabChemistry",131,2017,5,0,0
"alg_domainLabChemistry",292,2018,5,0,0
"alg_domainLabChemistry",119,2017,6,0,0
"alg_domainLabChemistry",186,2018,6,0,0
"alg_domainLabChemistry",749,2017,7,0,0
"alg_domainLabChemistry",941,2018,7,0,0
"alg_domainLabChemistry",119,2017,8,0,0
"alg_domainLabChemistry",184,2018,8,0,0
"alg_domainLabChemistry",224,2017,9,1,0
"alg_domainLabChemistry",410,2017,10,0,0
"alg_domainLabChemistry",256,2017,11,0,0
"alg_archive",24,2018,1,0,0
"alg_archive",87,2018,2,0,0
"alg_archive",229,2018,3,0,0
"alg_archive",101,2018,4,0,0
"alg_archive",58,2017,5,0,0
"alg_archive",168,2018,5,0,0
"alg_archive",73,2017,6,0,0
"alg_archive",96,2018,6,0,0
"alg_archive",470,2017,7,0,0
"alg_archive",628,2018,7,0,0
"alg_archive",73,2017,8,0,0
"alg_archive",122,2018,8,0,0
"alg_archive",144,2017,9,0,0
"alg_archive",212,2017,10,0,0
"alg_archive",166,2017,11,0,0
"alg_biomass",18,2018,1,0,0
"alg_biomass",66,2018,2,0,0
"alg_biomass",167,2018,3,0,0
"alg_biomass",67,2018,4,0,0
"alg_biomass",51,2017,5,0,0
"alg_biomass",132,2018,5,0,0
"alg_biomass",68,2017,6,0,0
"alg_biomass",83,2018,6,0,0
"alg_biomass",426,2017,7,0,0
"alg_biomass",425,2018,7,0,0
"alg_biomass",70,2017,8,0,0
"alg_biomass",84,2018,8,0,0
"alg_biomass",132,2017,9,0,0
"alg_biomass",192,2017,10,0,0
"alg_biomass",118,2017,11,0,0
"alg_fieldData",9,2018,1,0,0
"alg_fieldData",35,2018,2,0,0
"alg_fieldData",91,2018,3,0,0
"alg_fieldData",36,2018,4,0,0
"alg_fieldData",27,2017,5,0,0
"alg_fieldData",68,2018,5,0,0
"alg_fieldData",35,2017,6,0,0
"alg_fieldData",45,2018,6,0,0
"alg_fieldData",219,2017,7,0,6
"alg_fieldData",227,2018,7,1,0
"alg_fieldData",36,2017,8,0,0
"alg_fieldData",44,2018,8,0,0
"alg_fieldData",67,2017,9,0,0
"alg_fieldData",98,2017,10,0,0
"alg_fieldData",59,2017,11,0,0
"alg_taxonomyProcessed",265,2018,1,0,0
"alg_taxonomyProcessed",3536,2018,2,525,0
"alg_taxonomyProcessed",9941,2018,3,3403,0
"alg_taxonomyProcessed",3991,2018,4,2237,516
"alg_taxonomyProcessed",3536,2017,5,1,12
"alg_taxonomyProcessed",6466,2018,5,1000,292
"alg_taxonomyProcessed",3442,2017,6,4,0
"alg_taxonomyProcessed",3320,2018,6,372,24
"alg_taxonomyProcessed",32222,2017,7,284,420
"alg_taxonomyProcessed",26121,2018,7,8108,1272
"alg_taxonomyProcessed",4149,2017,8,4,0
"alg_taxonomyProcessed",5615,2018,8,63,12
"alg_taxonomyProcessed",9856,2017,9,0,0
"alg_taxonomyProcessed",16160,2017,10,1230,324
"alg_taxonomyProcessed",6224,2017,11,3069,768
"alg_taxonomyRaw",265,2018,1,0,0
"alg_taxonomyRaw",3536,2018,2,525,0
"alg_taxonomyRaw",9941,2018,3,3403,0
"alg_taxonomyRaw",3991,2018,4,2237,516
"alg_taxonomyRaw",3536,2017,5,1,12
"alg_taxonomyRaw",6466,2018,5,1000,292
"alg_taxonomyRaw",3442,2017,6,4,0
"alg_taxonomyRaw",3320,2018,6,372,24
"alg_taxonomyRaw",32222,2017,7,284,420
"alg_taxonomyRaw",26130,2018,7,8099,1308
"alg_taxonomyRaw",4149,2017,8,4,0
"alg_taxonomyRaw",5615,2018,8,63,12
"alg_taxonomyRaw",9856,2017,9,0,0
"alg_taxonomyRaw",16160,2017,10,1230,324
"alg_taxonomyRaw",6235,2017,11,3058,812
"amc_cellCounts",24,2018,1,0,0
"amc_cellCounts",22,2018,2,0,0
"amc_cellCounts",26,2018,3,0,0
"amc_cellCounts",24,2018,4,0,0
"amc_cellCounts",22,2017,5,0,0
"amc_cellCounts",30,2018,5,0,0
"amc_cellCounts",49,2017,6,0,0
"amc_cellCounts",33,2018,6,0,0
"amc_cellCounts",31,2017,7,0,0
"amc_cellCounts",33,2018,7,0,0
"amc_cellCounts",43,2017,8,0,0
"amc_cellCounts",33,2018,8,0,0
"amc_cellCounts",25,2017,9,0,0
"amc_cellCounts",39,2017,10,0,0
"amc_cellCounts",25,2017,11,0,0
"amc_cellCounts",23,2017,12,0,0
"amc_fieldCellCounts",24,2018,1,0,0
"amc_fieldCellCounts",22,2018,2,0,0
"amc_fieldCellCounts",26,2018,3,0,0
"amc_fieldCellCounts",24,2018,4,0,0
"amc_fieldCellCounts",22,2017,5,0,0
"amc_fieldCellCounts",31,2018,5,0,0
"amc_fieldCellCounts",51,2017,6,0,0
"amc_fieldCellCounts",35,2018,6,0,0
"amc_fieldCellCounts",31,2017,7,0,0
"amc_fieldCellCounts",33,2018,7,0,0
"amc_fieldCellCounts",45,2017,8,0,0
"amc_fieldCellCounts",33,2018,8,0,0
"amc_fieldCellCounts",26,2017,9,0,0
"amc_fieldCellCounts",39,2017,10,0,0
"amc_fieldCellCounts",27,2017,11,0,0
"amc_fieldCellCounts",24,2017,12,0,0
"amc_fieldSuperParent",24,2018,1,0,0
"amc_fieldSuperParent",22,2018,2,0,0
"amc_fieldSuperParent",26,2018,3,0,0
"amc_fieldSuperParent",24,2018,4,0,0
"amc_fieldSuperParent",22,2017,5,0,0
"amc_fieldSuperParent",31,2018,5,0,0
"amc_fieldSuperParent",51,2017,6,0,0
"amc_fieldSuperParent",35,2018,6,0,0
"amc_fieldSuperParent",31,2017,7,0,0
"amc_fieldSuperParent",33,2018,7,0,0
"amc_fieldSuperParent",45,2017,8,0,0
"amc_fieldSuperParent",33,2018,8,0,0
"amc_fieldSuperParent",26,2017,9,0,0
"amc_fieldSuperParent",39,2017,10,0,0
"amc_fieldSuperParent",27,2017,11,0,0
"amc_fieldSuperParent",24,2017,12,0,0
"apc_morphospecies",1,2017,3,0,0
"apc_morphospecies",4,2017,4,0,0
"apc_morphospecies",1,2018,4,0,0
"apc_morphospecies",2,2018,5,0,0
"apc_morphospecies",1,2017,6,0,0
"apc_morphospecies",1,2018,6,0,0
"apc_morphospecies",1,2016,7,0,0
"apc_morphospecies",7,2017,7,0,0
"apc_morphospecies",1,2017,10,0,0
"apc_morphospecies",5,2016,11,0,0
"apc_perTaxon",125,2018,2,0,0
"apc_perTaxon",54,2018,3,0,0
"apc_perTaxon",99,2018,4,0,0
"apc_perTaxon",62,2018,5,0,0
"apc_perTaxon",223,2017,6,0,0
"apc_perTaxon",51,2018,6,0,0
"apc_perTaxon",398,2017,7,0,0
"apc_perTaxon",448,2018,7,0,0
"apc_perTaxon",174,2017,8,0,0
"apc_perTaxon",135,2018,8,0,0
"apc_perTaxon",167,2017,9,12,0
"apc_perTaxon",291,2017,10,0,0
"apc_perTaxon",1,2017,11,0,0
"apc_pointTransect",412,2018,1,0,0
"apc_pointTransect",215,2018,2,0,0
"apc_pointTransect",1590,2018,3,0,0
"apc_pointTransect",1024,2018,4,0,0
"apc_pointTransect",197,2017,5,0,0
"apc_pointTransect",666,2018,5,0,0
"apc_pointTransect",795,2017,6,0,0
"apc_pointTransect",665,2018,6,0,0
"apc_pointTransect",3312,2017,7,0,0
"apc_pointTransect",3884,2018,7,0,0
"apc_pointTransect",616,2017,8,0,0
"apc_pointTransect",703,2018,8,0,0
"apc_pointTransect",390,2017,9,0,0
"apc_pointTransect",1969,2017,10,0,0
"apc_pointTransect",829,2017,11,0,0
"apc_taxonomyProcessed",3,2018,3,0,0
"apc_taxonomyProcessed",7,2018,5,0,0
"apc_taxonomyProcessed",139,2017,6,0,0
"apc_taxonomyProcessed",17,2017,7,0,0
"apc_taxonomyProcessed",10,2018,7,0,0
"apc_taxonomyProcessed",3,2017,8,0,0
"apc_taxonomyProcessed",3,2018,8,0,0
"apc_taxonomyProcessed",4,2017,9,0,0
"apc_taxonomyProcessed",110,2017,10,0,0
"apc_taxonomyRaw",3,2018,3,0,0
"apc_taxonomyRaw",7,2018,5,0,0
"apc_taxonomyRaw",139,2017,6,0,0
"apc_taxonomyRaw",17,2017,7,0,0
"apc_taxonomyRaw",10,2018,7,0,0
"apc_taxonomyRaw",3,2017,8,0,0
"apc_taxonomyRaw",3,2018,8,0,0
"apc_taxonomyRaw",4,2017,9,0,0
"apc_taxonomyRaw",110,2017,10,0,0
"apc_voucher",9,2017,3,0,0
"apc_voucher",4,2018,3,0,0
"apc_voucher",2,2017,4,0,0
"apc_voucher",2,2018,4,0,0
"apc_voucher",11,2019,4,0,0
"apc_voucher",1,2015,5,0,0
"apc_voucher",3,2016,5,0,0
"apc_voucher",4,2018,5,0,0
"apc_voucher",1,2013,6,0,0
"apc_voucher",1,2017,6,0,0
"apc_voucher",8,2019,6,0,0
"apc_voucher",12,2016,7,0,0
"apc_voucher",9,2017,7,0,0
"apc_voucher",13,2018,7,0,0
"apc_voucher",1,2019,7,0,0
"apc_voucher",2,2016,8,0,0
"apc_voucher",5,2017,8,0,0
"apc_voucher",2,2018,8,0,0
"apc_voucher",1,2015,9,0,0
"apc_voucher",2,2016,9,0,0
"apc_voucher",4,2017,9,0,0
"apc_voucher",6,2018,9,0,0
"apc_voucher",1,2016,10,0,0
"apc_voucher",3,2017,10,0,0
"apc_voucher",2,2018,10,0,0
"apc_voucherTaxonomyProcessed",1,2018,4,0,0
"apc_voucherTaxonomyProcessed",1,2017,7,0,0
"apc_voucherTaxonomyProcessed",1,2018,7,0,0
"apc_voucherTaxonomyProcessed",1,2017,10,0,0
"apc_voucherTaxonomyRaw",1,2018,4,0,0
"apc_voucherTaxonomyRaw",1,2017,7,0,0
"apc_voucherTaxonomyRaw",1,2018,7,0,0
"apc_voucherTaxonomyRaw",1,2017,10,0,0
"apl_biomass",52,2017,6,0,0
"apl_biomass",5,2018,6,0,0
"apl_biomass",79,2017,7,0,0
"apl_biomass",127,2018,7,0,0
"apl_biomass",3,2018,8,0,0
"apl_clipHarvest",40,2017,6,0,0
"apl_clipHarvest",10,2018,6,0,0
"apl_clipHarvest",90,2017,7,0,0
"apl_clipHarvest",147,2018,7,0,0
"apl_clipHarvest",20,2018,8,0,0
"apl_plantExternalLabDataPerSample",96,2017,6,0,0
"apl_plantExternalLabDataPerSample",16,2018,6,0,0
"apl_plantExternalLabDataPerSample",208,2017,7,0,0
"apl_plantExternalLabDataPerSample",308,2018,7,0,0
"apl_plantExternalLabDataPerSample",12,2018,8,0,0
"apl_biomass",54,2017,6,0,0
"apl_biomass",5,2018,6,0,0
"apl_biomass",151,2017,7,0,0
"apl_biomass",128,2018,7,0,0
"apl_biomass",9,2017,8,0,0
"apl_biomass",3,2018,8,0,0
"apl_clipHarvest",40,2018,2,0,0
"apl_clipHarvest",10,2018,3,0,0
"apl_clipHarvest",10,2018,4,0,0
"apl_clipHarvest",20,2017,5,0,0
"apl_clipHarvest",56,2018,5,1,0
"apl_clipHarvest",70,2017,6,0,0
"apl_clipHarvest",60,2018,6,0,0
"apl_clipHarvest",235,2017,7,0,0
"apl_clipHarvest",262,2018,7,0,0
"apl_clipHarvest",39,2017,8,0,0
"apl_clipHarvest",20,2018,8,0,0
"apl_clipHarvest",70,2017,9,0,0
"apl_clipHarvest",100,2017,10,0,0
"apl_clipHarvest",50,2017,11,0,0
"apl_taxonomyProcessed",66,2017,6,0,0
"apl_taxonomyProcessed",81,2017,7,0,0
"apl_taxonomyProcessed",7,2018,7,0,0
"apl_taxonomyProcessed",2,2017,8,0,0
"apl_taxonomyRaw",66,2017,6,0,0
"apl_taxonomyRaw",81,2017,7,0,0
"apl_taxonomyRaw",7,2018,7,0,0
"apl_taxonomyRaw",2,2017,8,0,0
"asc_externalLabData",136,2018,1,0,0
"asc_externalLabData",204,2018,2,0,0
"asc_externalLabData",612,2018,3,0,0
"asc_externalLabData",272,2018,4,0,0
"asc_externalLabData",504,2017,5,0,0
"asc_externalLabData",612,2018,5,0,0
"asc_externalLabData",192,2017,6,0,0
"asc_externalLabData",68,2018,6,0,0
"asc_externalLabData",3181,2017,7,128,0
"asc_externalLabData",34,2018,7,0,0
"asc_externalLabData",650,2017,8,0,0
"asc_externalLabData",130,2018,8,0,0
"asc_externalLabData",975,2017,9,0,0
"asc_externalLabData",1235,2017,10,0,0
"asc_externalLabData",1170,2017,11,0,0
"asc_fieldDataPoint",29,2018,1,0,0
"asc_fieldDataPoint",26,2018,2,0,0
"asc_fieldDataPoint",238,2018,3,0,0
"asc_fieldDataPoint",133,2018,4,0,0
"asc_fieldDataPoint",52,2017,5,0,0
"asc_fieldDataPoint",175,2018,5,0,0
"asc_fieldDataPoint",21,2017,6,0,0
"asc_fieldDataPoint",35,2018,6,0,0
"asc_fieldDataPoint",627,2017,7,0,0
"asc_fieldDataPoint",4,2018,7,0,0
"asc_fieldDataPoint",108,2017,8,0,0
"asc_fieldDataPoint",6,2018,8,0,0
"asc_fieldDataPoint",148,2017,9,0,0
"asc_fieldDataPoint",374,2017,10,0,0
"asc_fieldDataPoint",150,2017,11,0,0
"asc_fieldDataZone",20,2018,1,0,0
"asc_fieldDataZone",18,2018,2,0,0
"asc_fieldDataZone",80,2018,3,0,0
"asc_fieldDataZone",42,2018,4,0,0
"asc_fieldDataZone",20,2017,5,0,0
"asc_fieldDataZone",54,2018,5,0,0
"asc_fieldDataZone",16,2017,6,0,0
"asc_fieldDataZone",10,2018,6,0,0
"asc_fieldDataZone",208,2017,7,0,0
"asc_fieldDataZone",2,2018,7,0,0
"asc_fieldDataZone",42,2017,8,0,0
"asc_fieldDataZone",2,2018,8,0,0
"asc_fieldDataZone",45,2017,9,0,0
"asc_fieldDataZone",95,2017,10,0,0
"asc_fieldDataZone",78,2017,11,0,0
"asc_fieldDataPoint",29,2018,1,0,0
"asc_fieldDataPoint",26,2018,2,0,0
"asc_fieldDataPoint",238,2018,3,0,0
"asc_fieldDataPoint",133,2018,4,0,0
"asc_fieldDataPoint",52,2017,5,0,0
"asc_fieldDataPoint",175,2018,5,0,0
"asc_fieldDataPoint",21,2017,6,0,0
"asc_fieldDataPoint",35,2018,6,0,0
"asc_fieldDataPoint",627,2017,7,0,0
"asc_fieldDataPoint",4,2018,7,0,0
"asc_fieldDataPoint",108,2017,8,0,0
"asc_fieldDataPoint",6,2018,8,0,0
"asc_fieldDataPoint",148,2017,9,0,0
"asc_fieldDataPoint",374,2017,10,0,0
"asc_fieldDataPoint",150,2017,11,0,0
"asc_fieldDataZone",20,2018,1,0,0
"asc_fieldDataZone",18,2018,2,0,0
"asc_fieldDataZone",80,2018,3,0,0
"asc_fieldDataZone",42,2018,4,0,0
"asc_fieldDataZone",20,2017,5,0,0
"asc_fieldDataZone",54,2018,5,0,0
"asc_fieldDataZone",16,2017,6,0,0
"asc_fieldDataZone",10,2018,6,0,0
"asc_fieldDataZone",208,2017,7,0,0
"asc_fieldDataZone",2,2018,7,0,0
"asc_fieldDataZone",42,2017,8,0,0
"asc_fieldDataZone",2,2018,8,0,0
"asc_fieldDataZone",45,2017,9,0,0
"asc_fieldDataZone",95,2017,10,0,0
"asc_fieldDataZone",78,2017,11,0,0
"asp_externalLabData",16,2018,1,0,0
"asp_externalLabData",24,2018,2,0,0
"asp_externalLabData",72,2018,3,0,0
"asp_externalLabData",32,2018,4,0,0
"asp_externalLabData",32,2017,5,0,0
"asp_externalLabData",72,2018,5,0,0
"asp_externalLabData",15,2017,6,0,0
"asp_externalLabData",8,2018,6,0,0
"asp_externalLabData",242,2017,7,9,0
"asp_externalLabData",4,2018,7,0,0
"asp_externalLabData",40,2017,8,0,0
"asp_externalLabData",8,2018,8,0,0
"asp_externalLabData",60,2017,9,0,0
"asp_externalLabData",76,2017,10,0,0
"asp_externalLabData",72,2017,11,0,0
"gsi_externalLabH2OIsotopes",4,2018,3,0,0
"gsi_externalLabH2OIsotopes",19,2018,4,0,0
"gsi_externalLabH2OIsotopes",24,2018,5,0,0
"gsi_externalLabH2OIsotopes",4,2018,6,0,0
"gsi_externalLabH2OIsotopes",19,2018,7,0,0
"gsi_externalLabH2OIsotopes",24,2018,8,0,0
"gsi_fieldData",7,2018,2,0,0
"gsi_fieldData",25,2018,3,0,0
"gsi_fieldData",19,2018,4,0,0
"gsi_fieldData",10,2017,5,0,0
"gsi_fieldData",24,2018,5,0,0
"gsi_fieldData",19,2017,6,0,0
"gsi_fieldData",4,2018,6,0,0
"gsi_fieldData",6,2017,7,0,0
"gsi_fieldData",19,2018,7,0,0
"gsi_fieldData",16,2017,8,0,0
"gsi_fieldData",24,2018,8,0,0
"gsi_fieldData",14,2017,9,0,0
"gsi_fieldData",28,2017,10,0,0
"asi_externalLabH2OIsotopes",22,2018,3,0,0
"asi_externalLabH2OIsotopes",67,2018,4,0,0
"asi_externalLabH2OIsotopes",12,2017,5,0,0
"asi_externalLabH2OIsotopes",100,2018,5,0,0
"asi_externalLabH2OIsotopes",89,2018,6,0,0
"asi_externalLabH2OIsotopes",79,2018,7,0,0
"asi_externalLabH2OIsotopes",59,2018,8,0,0
"asi_fieldData",44,2018,1,0,0
"asi_fieldData",54,2018,2,0,0
"asi_fieldData",70,2018,3,0,0
"asi_fieldData",74,2018,4,0,0
"asi_fieldData",94,2017,5,0,0
"asi_fieldData",100,2018,5,0,0
"asi_fieldData",89,2017,6,0,0
"asi_fieldData",89,2018,6,0,0
"asi_fieldData",69,2017,7,0,0
"asi_fieldData",79,2018,7,0,0
"asi_fieldData",73,2017,8,0,0
"asi_fieldData",59,2018,8,0,0
"asi_fieldData",52,2017,9,0,0
"asi_fieldData",64,2017,10,0,0
"asi_fieldData",54,2017,11,0,0
"asi_fieldData",40,2017,12,0,0
"asi_POMExternalLabDataPerSample",172,2018,1,0,0
"asi_POMExternalLabDataPerSample",216,2018,2,0,0
"asi_POMExternalLabDataPerSample",280,2018,3,0,0
"asi_POMExternalLabDataPerSample",288,2018,4,0,0
"asi_POMExternalLabDataPerSample",376,2017,5,0,0
"asi_POMExternalLabDataPerSample",380,2018,5,0,0
"asi_POMExternalLabDataPerSample",356,2017,6,0,0
"asi_POMExternalLabDataPerSample",320,2018,6,0,0
"asi_POMExternalLabDataPerSample",276,2017,7,0,0
"asi_POMExternalLabDataPerSample",296,2018,7,0,16
"asi_POMExternalLabDataPerSample",292,2017,8,0,0
"asi_POMExternalLabDataPerSample",236,2018,8,0,0
"asi_POMExternalLabDataPerSample",200,2017,9,0,0
"asi_POMExternalLabDataPerSample",252,2017,10,0,0
"asi_POMExternalLabDataPerSample",216,2017,11,0,0
"asi_POMExternalLabDataPerSample",160,2017,12,0,0
"bat_resultsFile",2,2018,4,0,0
"bat_resultsFile",1,2017,6,0,0
"bat_resultsFile",1,2017,7,0,0
"bat_resultsFile",1,2017,8,0,0
"bbc_rootChemistry",134,2018,1,0,0
"bbc_rootChemistry",330,2019,1,0,0
"bbc_rootChemistry",49,2018,2,0,0
"bbc_rootChemistry",213,2019,2,1,8
"bbc_rootChemistry",120,2018,3,0,0
"bbc_rootChemistry",69,2019,3,0,8
"bbc_rootChemistry",175,2018,4,0,0
"bbc_rootChemistry",179,2019,4,0,0
"bbc_rootChemistry",559,2018,5,0,0
"bbc_rootChemistry",16,2019,5,0,0
"bbc_rootChemistry",227,2018,6,0,0
"bbc_rootChemistry",94,2018,11,0,0
"bbc_rootChemistry",258,2018,12,0,0
"bbc_rootStableIsotopes",134,2018,1,0,0
"bbc_rootStableIsotopes",330,2019,1,0,0
"bbc_rootStableIsotopes",49,2018,2,0,0
"bbc_rootStableIsotopes",214,2019,2,0,12
"bbc_rootStableIsotopes",120,2018,3,0,0
"bbc_rootStableIsotopes",69,2019,3,0,8
"bbc_rootStableIsotopes",175,2018,4,0,0
"bbc_rootStableIsotopes",179,2019,4,0,0
"bbc_rootStableIsotopes",559,2018,5,0,0
"bbc_rootStableIsotopes",16,2019,5,0,0
"bbc_rootStableIsotopes",227,2018,6,0,0
"bbc_rootStableIsotopes",94,2018,11,0,0
"bbc_rootStableIsotopes",258,2018,12,0,0
"bet_archivepooling",20,2018,1,0,0
"bet_archivepooling",30,2018,2,0,0
"bet_archivepooling",223,2018,3,0,0
"bet_archivepooling",292,2017,4,0,0
"bet_archivepooling",542,2018,4,0,0
"bet_archivepooling",937,2017,5,0,0
"bet_archivepooling",943,2018,5,0,0
"bet_archivepooling",955,2017,6,0,0
"bet_archivepooling",934,2018,6,0,0
"bet_archivepooling",1033,2017,7,0,0
"bet_archivepooling",1140,2018,7,0,0
"bet_archivepooling",1105,2017,8,0,0
"bet_archivepooling",509,2018,8,0,0
"bet_archivepooling",331,2017,9,0,0
"bet_archivepooling",21,2017,10,0,0
"bet_archivepooling",20,2017,11,0,0
"bet_archivepooling",20,2017,12,0,0
"bet_expertTaxonomistIDProcessed",2,2018,1,0,0
"bet_expertTaxonomistIDProcessed",1,2018,2,0,0
"bet_expertTaxonomistIDProcessed",110,2018,3,0,0
"bet_expertTaxonomistIDProcessed",498,2017,4,0,0
"bet_expertTaxonomistIDProcessed",548,2018,4,0,0
"bet_expertTaxonomistIDProcessed",1639,2017,5,0,0
"bet_expertTaxonomistIDProcessed",1402,2018,5,0,0
"bet_expertTaxonomistIDProcessed",2295,2017,6,0,0
"bet_expertTaxonomistIDProcessed",2206,2018,6,0,0
"bet_expertTaxonomistIDProcessed",2542,2017,7,18,4
"bet_expertTaxonomistIDProcessed",2034,2018,7,1,0
"bet_expertTaxonomistIDProcessed",2169,2017,8,0,8
"bet_expertTaxonomistIDProcessed",641,2018,8,0,0
"bet_expertTaxonomistIDProcessed",541,2017,9,0,0
"bet_expertTaxonomistIDProcessed",42,2017,10,0,0
"bet_expertTaxonomistIDProcessed",69,2017,11,0,0
"bet_expertTaxonomistIDProcessed",11,2017,12,0,0
"bet_fielddata",80,2018,1,0,0
"bet_fielddata",100,2018,2,0,0
"bet_fielddata",685,2018,3,0,0
"bet_fielddata",976,2017,4,0,0
"bet_fielddata",1546,2018,4,0,0
"bet_fielddata",2841,2017,5,0,0
"bet_fielddata",2655,2018,5,0,0
"bet_fielddata",2707,2017,6,0,0
"bet_fielddata",2509,2018,6,0,0
"bet_fielddata",3098,2017,7,0,0
"bet_fielddata",2995,2018,7,0,0
"bet_fielddata",3454,2017,8,0,0
"bet_fielddata",1383,2018,8,0,0
"bet_fielddata",1093,2017,9,0,0
"bet_fielddata",84,2017,10,0,0
"bet_fielddata",80,2017,11,0,0
"bet_fielddata",80,2017,12,0,0
"bet_parataxonomistID",14,2018,1,0,0
"bet_parataxonomistID",6,2018,2,0,0
"bet_parataxonomistID",210,2018,3,0,0
"bet_parataxonomistID",579,2017,4,0,0
"bet_parataxonomistID",1155,2018,4,0,0
"bet_parataxonomistID",2027,2017,5,0,0
"bet_parataxonomistID",3473,2018,5,0,0
"bet_parataxonomistID",2536,2017,6,0,0
"bet_parataxonomistID",4728,2018,6,0,0
"bet_parataxonomistID",2839,2017,7,0,0
"bet_parataxonomistID",4427,2018,7,0,0
"bet_parataxonomistID",2409,2017,8,0,0
"bet_parataxonomistID",1554,2018,8,0,0
"bet_parataxonomistID",620,2017,9,0,0
"bet_parataxonomistID",42,2017,10,0,0
"bet_parataxonomistID",69,2017,11,0,0
"bet_parataxonomistID",23,2017,12,0,0
"bet_sorting",91,2018,1,0,0
"bet_sorting",102,2018,2,0,0
"bet_sorting",842,2018,3,0,0
"bet_sorting",1559,2017,4,0,0
"bet_sorting",2463,2018,4,0,0
"bet_sorting",5034,2017,5,0,0
"bet_sorting",5054,2018,5,0,0
"bet_sorting",5294,2017,6,0,0
"bet_sorting",5575,2018,6,0,0
"bet_sorting",5661,2017,7,0,0
"bet_sorting",6136,2018,7,0,0
"bet_sorting",5877,2017,8,0,0
"bet_sorting",2563,2018,8,0,0
"bet_sorting",1775,2017,9,0,0
"bet_sorting",119,2017,10,0,0
"bet_sorting",122,2017,11,0,0
"bet_sorting",95,2017,12,0,0
"brd_countdata",5609,2018,4,5,160
"brd_countdata",20415,2017,5,105,104
"brd_countdata",16045,2018,5,59,208
"brd_countdata",18902,2017,6,74,36
"brd_countdata",16434,2018,6,51,72
"brd_countdata",4299,2017,7,39,96
"brd_countdata",5723,2018,7,80,54
"brd_perpoint",273,2018,4,0,0
"brd_perpoint",1324,2017,5,0,0
"brd_perpoint",1114,2018,5,0,0
"brd_perpoint",1469,2017,6,0,0
"brd_perpoint",1323,2018,6,0,0
"brd_perpoint",320,2017,7,0,0
"brd_perpoint",426,2018,7,0,0
"cdw_densitydisk",52,2018,2,0,28
"cdw_densitydisk",93,2018,4,0,36
"cdw_densitydisk",248,2017,5,0,204
"cdw_densitydisk",293,2018,5,0,168
"cdw_densitydisk",67,2017,6,0,36
"cdw_densitydisk",91,2018,6,0,28
"cdw_densitydisk",98,2017,7,0,144
"cdw_densitydisk",18,2017,8,0,24
"cdw_densitydisk",77,2018,8,0,16
"cdw_densitylog",27,2018,2,0,0
"cdw_densitylog",52,2018,4,0,0
"cdw_densitylog",146,2017,5,0,4
"cdw_densitylog",147,2018,5,0,0
"cdw_densitylog",40,2017,6,0,0
"cdw_densitylog",60,2018,6,0,0
"cdw_densitylog",32,2017,7,0,0
"cdw_densitylog",6,2017,8,0,0
"cdw_densitylog",51,2018,8,0,0
"cfc_carbonNitrogen",63,2018,4,0,0
"cfc_carbonNitrogen",75,2017,5,0,0
"cfc_carbonNitrogen",48,2018,5,0,0
"cfc_carbonNitrogen",40,2017,6,0,0
"cfc_carbonNitrogen",120,2018,6,0,0
"cfc_carbonNitrogen",55,2017,7,0,0
"cfc_carbonNitrogen",9,2018,7,0,0
"cfc_carbonNitrogen",109,2017,8,0,0
"cfc_carbonNitrogen",50,2018,8,0,0
"cfc_carbonNitrogen",21,2017,9,0,0
"cfc_chemistrySubsampling",59,2018,4,0,0
"cfc_chemistrySubsampling",70,2017,5,0,0
"cfc_chemistrySubsampling",45,2018,5,0,0
"cfc_chemistrySubsampling",37,2017,6,0,0
"cfc_chemistrySubsampling",111,2018,6,0,0
"cfc_chemistrySubsampling",50,2017,7,0,0
"cfc_chemistrySubsampling",9,2018,7,0,0
"cfc_chemistrySubsampling",104,2017,8,0,0
"cfc_chemistrySubsampling",47,2018,8,0,0
"cfc_chemistrySubsampling",20,2017,9,0,0
"cfc_chlorophyll",59,2018,4,0,0
"cfc_chlorophyll",70,2017,5,0,0
"cfc_chlorophyll",45,2018,5,0,0
"cfc_chlorophyll",37,2017,6,0,0
"cfc_chlorophyll",111,2018,6,0,4
"cfc_chlorophyll",51,2017,7,0,0
"cfc_chlorophyll",9,2018,7,0,0
"cfc_chlorophyll",106,2017,8,0,0
"cfc_chlorophyll",47,2018,8,0,0
"cfc_chlorophyll",20,2017,9,0,0
"cfc_elements",1,2018,4,0,0
"cfc_elements",1,2018,5,0,0
"cfc_elements",43,2018,6,0,0
"cfc_elements",15,2017,7,0,0
"cfc_elements",3,2017,8,0,0
"cfc_elements",5,2018,8,0,0
"cfc_lignin",63,2018,4,0,0
"cfc_lignin",74,2017,5,0,0
"cfc_lignin",47,2018,5,0,0
"cfc_lignin",39,2017,6,0,0
"cfc_lignin",117,2018,6,0,0
"cfc_lignin",54,2017,7,0,0
"cfc_lignin",9,2018,7,0,0
"cfc_lignin",109,2017,8,0,0
"cfc_lignin",50,2018,8,0,0
"cfc_lignin",21,2017,9,0,0
"cfc_LMA",59,2018,4,0,0
"cfc_LMA",70,2017,5,0,0
"cfc_LMA",45,2018,5,0,0
"cfc_LMA",37,2017,6,0,0
"cfc_LMA",111,2018,6,0,0
"cfc_LMA",50,2017,7,0,0
"cfc_LMA",9,2018,7,0,0
"cfc_LMA",101,2017,8,0,0
"cfc_LMA",47,2018,8,0,0
"cfc_LMA",20,2017,9,0,0
"vst_mappingandtagging",1102,2014,1,0,0
"vst_mappingandtagging",1720,2015,1,0,0
"vst_mappingandtagging",27,2017,1,0,0
"vst_mappingandtagging",803,2018,1,0,0
"vst_mappingandtagging",49,2019,1,0,0
"vst_mappingandtagging",281,2014,2,0,0
"vst_mappingandtagging",234,2016,2,0,0
"vst_mappingandtagging",65,2017,2,0,0
"vst_mappingandtagging",448,2018,2,0,0
"vst_mappingandtagging",42,2016,3,0,0
"vst_mappingandtagging",220,2017,3,0,0
"vst_mappingandtagging",2,2018,3,0,0
"vst_mappingandtagging",1,2013,4,0,0
"vst_mappingandtagging",105,2015,4,0,0
"vst_mappingandtagging",491,2016,4,0,0
"vst_mappingandtagging",267,2017,4,0,0
"vst_mappingandtagging",8,2018,4,0,0
"vst_mappingandtagging",11,2019,4,0,0
"vst_mappingandtagging",618,2014,5,0,0
"vst_mappingandtagging",11,2015,5,0,0
"vst_mappingandtagging",426,2016,5,0,0
"vst_mappingandtagging",182,2017,5,0,0
"vst_mappingandtagging",15,2018,5,0,0
"vst_mappingandtagging",48,2019,5,0,0
"vst_mappingandtagging",1529,2015,6,0,0
"vst_mappingandtagging",486,2016,6,0,0
"vst_mappingandtagging",5,2017,6,0,0
"vst_mappingandtagging",505,2018,6,0,0
"vst_mappingandtagging",105,2019,6,0,0
"vst_mappingandtagging",1257,2014,7,3,16
"vst_mappingandtagging",615,2015,7,0,0
"vst_mappingandtagging",715,2016,7,0,0
"vst_mappingandtagging",10,2017,7,0,0
"vst_mappingandtagging",23,2018,7,0,0
"vst_mappingandtagging",105,2019,7,0,0
"vst_mappingandtagging",5192,2014,8,0,0
"vst_mappingandtagging",3904,2015,8,0,0
"vst_mappingandtagging",1746,2016,8,0,0
"vst_mappingandtagging",1222,2017,8,0,0
"vst_mappingandtagging",1540,2018,8,0,0
"vst_mappingandtagging",69,2019,8,0,0
"vst_mappingandtagging",1,2013,9,0,0
"vst_mappingandtagging",485,2014,9,0,0
"vst_mappingandtagging",3073,2015,9,0,0
"vst_mappingandtagging",1873,2016,9,0,0
"vst_mappingandtagging",236,2017,9,0,0
"vst_mappingandtagging",631,2018,9,0,0
"vst_mappingandtagging",571,2019,9,0,0
"vst_mappingandtagging",205,2014,10,0,0
"vst_mappingandtagging",3000,2015,10,0,0
"vst_mappingandtagging",1992,2016,10,1,0
"vst_mappingandtagging",469,2017,10,0,0
"vst_mappingandtagging",801,2018,10,0,0
"vst_mappingandtagging",81,2019,10,0,0
"vst_mappingandtagging",2565,2014,11,0,0
"vst_mappingandtagging",2018,2015,11,0,0
"vst_mappingandtagging",1010,2016,11,0,0
"vst_mappingandtagging",299,2017,11,0,0
"vst_mappingandtagging",305,2018,11,0,0
"vst_mappingandtagging",631,2019,11,0,0
"vst_mappingandtagging",94,2013,12,0,0
"vst_mappingandtagging",2351,2014,12,0,0
"vst_mappingandtagging",171,2016,12,0,0
"vst_mappingandtagging",329,2017,12,0,0
"vst_mappingandtagging",287,2018,12,0,0
"vst_mappingandtagging",20,2019,12,0,0
"cfc_foliarStableIsotopes",63,2018,4,0,0
"cfc_foliarStableIsotopes",75,2017,5,0,0
"cfc_foliarStableIsotopes",48,2018,5,0,0
"cfc_foliarStableIsotopes",40,2017,6,0,0
"cfc_foliarStableIsotopes",120,2018,6,0,0
"cfc_foliarStableIsotopes",55,2017,7,0,0
"cfc_foliarStableIsotopes",9,2018,7,0,0
"cfc_foliarStableIsotopes",109,2017,8,0,0
"cfc_foliarStableIsotopes",50,2018,8,0,0
"cfc_foliarStableIsotopes",21,2017,9,0,0
"dep_profileData",87,2018,1,0,0
"dep_profileData",136,2018,2,0,0
"dep_profileData",132,2018,3,0,0
"dep_profileData",154,2018,4,0,0
"dep_profileData",122,2017,5,0,0
"dep_profileData",248,2018,5,0,0
"dep_profileData",199,2017,6,0,0
"dep_profileData",163,2018,6,0,0
"dep_profileData",299,2017,7,0,0
"dep_profileData",258,2018,7,0,0
"dep_profileData",153,2017,8,0,0
"dep_profileData",168,2018,8,0,0
"dep_profileData",164,2017,9,0,0
"dep_profileData",159,2017,10,0,0
"dep_profileData",115,2017,11,0,0
"dep_profileData",58,2017,12,0,0
"dep_profileHeader",14,2018,1,0,0
"dep_profileHeader",20,2018,2,0,0
"dep_profileHeader",19,2018,3,0,0
"dep_profileHeader",17,2018,4,0,0
"dep_profileHeader",15,2017,5,0,0
"dep_profileHeader",22,2018,5,0,0
"dep_profileHeader",17,2017,6,0,0
"dep_profileHeader",16,2018,6,0,0
"dep_profileHeader",29,2017,7,0,0
"dep_profileHeader",24,2018,7,0,0
"dep_profileHeader",14,2017,8,0,0
"dep_profileHeader",11,2018,8,0,0
"dep_profileHeader",16,2017,9,0,0
"dep_profileHeader",15,2017,10,0,0
"dep_profileHeader",16,2017,11,0,0
"dep_profileHeader",8,2017,12,0,0
"dep_secchi",14,2018,1,0,0
"dep_secchi",20,2018,2,0,0
"dep_secchi",19,2018,3,0,0
"dep_secchi",17,2018,4,0,0
"dep_secchi",15,2017,5,0,0
"dep_secchi",22,2018,5,0,0
"dep_secchi",17,2017,6,0,0
"dep_secchi",16,2018,6,0,0
"dep_secchi",29,2017,7,0,0
"dep_secchi",24,2018,7,0,0
"dep_secchi",14,2017,8,0,0
"dep_secchi",11,2018,8,0,0
"dep_secchi",16,2017,9,0,0
"dep_secchi",15,2017,10,0,0
"dep_secchi",16,2017,11,0,0
"dep_secchi",8,2017,12,0,0
"div_10m2Data100m2Data",934,2018,3,0,144
"div_10m2Data100m2Data",3082,2018,4,10,288
"div_10m2Data100m2Data",5443,2017,5,11,2182
"div_10m2Data100m2Data",4902,2018,5,0,2056
"div_10m2Data100m2Data",30672,2017,6,99,14312
"div_10m2Data100m2Data",16468,2018,6,14,13686
"div_10m2Data100m2Data",35032,2017,7,357,15206
"div_10m2Data100m2Data",21912,2018,7,33,16592
"div_10m2Data100m2Data",18017,2017,8,7,6618
"div_10m2Data100m2Data",11475,2018,8,7,7110
"div_10m2Data100m2Data",13933,2017,9,42,1378
"div_10m2Data100m2Data",6509,2017,10,1,260
"div_10m2Data100m2Data",2273,2017,11,2,0
"dpm_field",7,2018,6,0,0
"dpm_field",8,2018,7,0,0
"dpm_field",7,2018,8,0,0
"dpm_field",1,2017,9,0,0
"dpm_field",4,2017,10,0,0
"dpm_field",1,2017,11,0,0
"dpm_field",1,2017,12,0,0
"dpm_lab",7,2018,6,1,0
"dpm_lab",8,2018,7,0,0
"dpm_lab",6,2018,8,0,0
"dpm_lab",2,2017,9,0,4
"dpm_lab",5,2017,10,0,4
"dpm_lab",1,2017,12,0,0
"dsc_fieldData",25,2018,1,0,0
"dsc_fieldData",28,2018,2,0,0
"dsc_fieldData",33,2018,3,0,0
"dsc_fieldData",33,2018,4,0,0
"dsc_fieldData",49,2017,5,0,18
"dsc_fieldData",49,2018,5,0,0
"dsc_fieldData",61,2017,6,0,0
"dsc_fieldData",53,2018,6,0,4
"dsc_fieldData",59,2017,7,0,8
"dsc_fieldData",42,2018,7,0,0
"dsc_fieldData",54,2017,8,0,4
"dsc_fieldData",47,2018,8,0,0
"dsc_fieldData",40,2017,9,0,0
"dsc_fieldData",37,2017,10,0,0
"dsc_fieldData",35,2017,11,0,8
"dsc_fieldData",33,2017,12,0,0
"dsc_individualFieldData",617,2018,1,0,0
"dsc_individualFieldData",739,2018,2,0,0
"dsc_individualFieldData",861,2018,3,0,0
"dsc_individualFieldData",861,2018,4,0,0
"dsc_individualFieldData",1447,2017,5,0,396
"dsc_individualFieldData",1266,2018,5,0,0
"dsc_individualFieldData",1617,2017,6,0,108
"dsc_individualFieldData",1393,2018,6,0,88
"dsc_individualFieldData",1513,2017,7,0,220
"dsc_individualFieldData",1051,2018,7,0,0
"dsc_individualFieldData",1339,2017,8,0,96
"dsc_individualFieldData",1138,2018,8,0,0
"dsc_individualFieldData",960,2017,9,0,88
"dsc_individualFieldData",927,2017,10,0,0
"dsc_individualFieldData",874,2017,11,0,180
"dsc_individualFieldData",790,2017,12,0,0
"fsh_fieldData",13,2018,2,0,0
"fsh_fieldData",19,2018,3,0,0
"fsh_fieldData",40,2018,4,0,0
"fsh_fieldData",32,2017,5,0,4
"fsh_fieldData",35,2018,5,0,0
"fsh_fieldData",8,2017,6,0,0
"fsh_fieldData",26,2018,6,0,0
"fsh_fieldData",4,2017,7,0,0
"fsh_fieldData",7,2018,7,0,0
"fsh_fieldData",30,2017,9,0,24
"fsh_fieldData",60,2017,10,3,26
"fsh_fieldData",34,2017,11,3,0
"fsh_fieldData",13,2017,12,0,0
"fsh_morphospecies",1,2018,3,0,0
"fsh_morphospecies",1,2018,4,0,0
"fsh_morphospecies",1,2018,10,0,0
"fsh_morphospecies",2,2018,11,0,0
"geo_resultsFile",1,2018,2,0,0
"geo_resultsFile",1,2018,3,0,0
"geo_resultsFile",2,2017,8,0,0
"geo_resultsFile",2,2018,8,0,0
"geo_resultsFile",2,2017,9,0,0
"geo_resultsFile",2,2017,10,0,0
"geo_resultsFile",5,2017,11,0,0
"geo_resultsFile",1,2017,12,0,0
"gwc_domainLabData",7,2018,2,0,0
"gwc_domainLabData",28,2018,3,0,0
"gwc_domainLabData",19,2018,4,0,0
"gwc_domainLabData",10,2017,5,0,0
"gwc_domainLabData",26,2018,5,0,0
"gwc_domainLabData",11,2017,6,0,0
"gwc_domainLabData",4,2018,6,0,0
"gwc_domainLabData",4,2017,7,0,0
"gwc_domainLabData",19,2018,7,0,0
"gwc_domainLabData",7,2017,8,0,0
"gwc_domainLabData",15,2018,8,0,0
"gwc_domainLabData",6,2017,9,0,0
"gwc_domainLabData",27,2017,10,0,0
"gwc_externalLabDataByAnalyte",238,2018,2,0,0
"gwc_externalLabDataByAnalyte",986,2018,3,0,0
"gwc_externalLabDataByAnalyte",646,2018,4,0,0
"gwc_externalLabDataByAnalyte",340,2017,5,0,0
"gwc_externalLabDataByAnalyte",816,2018,5,0,0
"gwc_externalLabDataByAnalyte",646,2017,6,0,0
"gwc_externalLabDataByAnalyte",136,2018,6,0,0
"gwc_externalLabDataByAnalyte",204,2017,7,0,0
"gwc_externalLabDataByAnalyte",646,2018,7,0,0
"gwc_externalLabDataByAnalyte",544,2017,8,0,0
"gwc_externalLabDataByAnalyte",646,2018,8,0,0
"gwc_externalLabDataByAnalyte",476,2017,9,0,0
"gwc_externalLabDataByAnalyte",952,2017,10,0,0
"gwc_fieldData",7,2018,2,0,0
"gwc_fieldData",29,2018,3,0,0
"gwc_fieldData",19,2018,4,0,0
"gwc_fieldData",10,2017,5,0,0
"gwc_fieldData",24,2018,5,0,0
"gwc_fieldData",19,2017,6,0,0
"gwc_fieldData",4,2018,6,0,0
"gwc_fieldData",6,2017,7,0,0
"gwc_fieldData",19,2018,7,0,0
"gwc_fieldData",16,2017,8,0,0
"gwc_fieldData",23,2018,8,0,0
"gwc_fieldData",14,2017,9,0,0
"gwc_fieldData",28,2017,10,0,0
"gwc_fieldSuperParent",9,2018,2,0,0
"gwc_fieldSuperParent",30,2018,3,0,0
"gwc_fieldSuperParent",20,2018,4,0,0
"gwc_fieldSuperParent",10,2017,5,0,0
"gwc_fieldSuperParent",27,2018,5,0,0
"gwc_fieldSuperParent",20,2017,6,0,0
"gwc_fieldSuperParent",5,2018,6,0,0
"gwc_fieldSuperParent",6,2017,7,0,0
"gwc_fieldSuperParent",20,2018,7,0,0
"gwc_fieldSuperParent",16,2017,8,0,0
"gwc_fieldSuperParent",28,2018,8,0,0
"gwc_fieldSuperParent",16,2017,9,0,0
"gwc_fieldSuperParent",30,2017,10,0,0
"inv_dnaExtraction",9,2018,6,0,0
"inv_dnaExtraction",77,2018,7,0,0
"inv_dnaExtraction",3,2018,8,0,0
"inv_dnaExtraction",3,2017,10,0,0
"inv_dnaExtraction",3,2017,11,0,0
"inv_dnaRawDataFiles",18,2018,6,0,36
"inv_dnaRawDataFiles",154,2018,7,0,308
"inv_dnaRawDataFiles",6,2018,8,0,12
"inv_dnaRawDataFiles",12,2017,10,0,24
"inv_dnaRawDataFiles",12,2017,11,0,24
"inv_fieldData",16,2018,1,16,0
"inv_fieldData",39,2018,2,27,24
"inv_fieldData",86,2018,3,84,4
"inv_fieldData",33,2018,4,33,0
"inv_fieldData",17,2017,5,17,0
"inv_fieldData",65,2018,5,61,8
"inv_fieldData",32,2017,6,32,0
"inv_fieldData",52,2018,6,48,8
"inv_fieldData",213,2017,7,197,32
"inv_fieldData",216,2018,7,202,28
"inv_fieldData",40,2017,8,40,0
"inv_fieldData",32,2018,8,32,0
"inv_fieldData",58,2017,9,54,8
"inv_fieldData",95,2017,10,95,0
"inv_fieldData",63,2017,11,49,28
"inv_markerGeneSequencing",18,2018,6,0,0
"inv_markerGeneSequencing",154,2018,7,0,0
"inv_markerGeneSequencing",6,2018,8,0,0
"inv_markerGeneSequencing",24,2017,10,0,48
"inv_markerGeneSequencing",24,2017,11,0,48
"inv_pcrAmplification",18,2018,6,0,0
"inv_pcrAmplification",154,2018,7,0,0
"inv_pcrAmplification",6,2018,8,0,0
"inv_pcrAmplification",24,2017,10,0,48
"inv_pcrAmplification",24,2017,11,0,48
"inv_taxonomyProcessed",768,2018,1,0,16
"inv_taxonomyProcessed",1547,2018,2,0,4
"inv_taxonomyProcessed",4333,2018,3,1,8
"inv_taxonomyProcessed",2504,2018,4,18,52
"inv_taxonomyProcessed",1070,2017,5,0,0
"inv_taxonomyProcessed",3298,2018,5,5,8
"inv_taxonomyProcessed",1602,2017,6,1,24
"inv_taxonomyProcessed",2591,2018,6,7,50
"inv_taxonomyProcessed",10923,2017,7,14,312
"inv_taxonomyProcessed",13232,2018,7,65,242
"inv_taxonomyProcessed",2642,2017,8,7,48
"inv_taxonomyProcessed",2169,2018,8,13,44
"inv_taxonomyProcessed",2622,2017,9,3,48
"inv_taxonomyProcessed",5870,2017,10,14,322
"inv_taxonomyProcessed",2797,2017,11,4,52
"inv_taxonomyRaw",768,2018,1,0,16
"inv_taxonomyRaw",1547,2018,2,0,4
"inv_taxonomyRaw",4333,2018,3,1,8
"inv_taxonomyRaw",2504,2018,4,18,52
"inv_taxonomyRaw",1070,2017,5,0,0
"inv_taxonomyRaw",3298,2018,5,5,8
"inv_taxonomyRaw",1602,2017,6,1,24
"inv_taxonomyRaw",2591,2018,6,7,50
"inv_taxonomyRaw",10923,2017,7,14,312
"inv_taxonomyRaw",13232,2018,7,65,242
"inv_taxonomyRaw",2642,2017,8,7,48
"inv_taxonomyRaw",2169,2018,8,13,44
"inv_taxonomyRaw",2622,2017,9,3,48
"inv_taxonomyRaw",5870,2017,10,14,322
"inv_taxonomyRaw",2797,2017,11,4,52
"ltr_litterCarbonNitrogen",120,2018,6,0,0
"ltr_litterCarbonNitrogen",22,2018,9,0,0
"ltr_litterLignin",76,2018,1,0,0
"ltr_litterLignin",26,2018,2,0,0
"ltr_litterLignin",4,2018,6,0,0
"ltr_litterLignin",18,2018,7,0,0
"ltr_chemistrySubsampling",20,2018,3,0,0
"ltr_chemistrySubsampling",23,2017,9,0,0
"ltr_chemistrySubsampling",79,2017,10,0,0
"ltr_fielddata",25,2017,1,0,0
"ltr_fielddata",378,2018,1,0,0
"ltr_fielddata",6,2017,2,0,0
"ltr_fielddata",298,2018,2,0,0
"ltr_fielddata",577,2017,3,0,0
"ltr_fielddata",536,2018,3,0,0
"ltr_fielddata",76,2016,4,0,0
"ltr_fielddata",339,2017,4,0,0
"ltr_fielddata",418,2018,4,0,0
"ltr_fielddata",131,2016,5,0,0
"ltr_fielddata",750,2017,5,0,0
"ltr_fielddata",652,2018,5,0,0
"ltr_fielddata",18,2016,6,0,0
"ltr_fielddata",366,2017,6,0,0
"ltr_fielddata",559,2018,6,0,0
"ltr_fielddata",40,2016,7,0,0
"ltr_fielddata",616,2017,7,0,0
"ltr_fielddata",643,2018,7,0,0
"ltr_fielddata",16,2016,8,0,0
"ltr_fielddata",635,2017,8,0,0
"ltr_fielddata",61,2018,8,0,0
"ltr_fielddata",973,2017,9,0,0
"ltr_fielddata",174,2016,10,0,0
"ltr_fielddata",1628,2017,10,0,0
"ltr_fielddata",131,2016,11,0,0
"ltr_fielddata",1006,2017,11,0,0
"ltr_fielddata",632,2017,12,0,0
"ltr_massdata",3022,2018,1,0,0
"ltr_massdata",2952,2018,2,0,12
"ltr_massdata",16,2017,3,0,0
"ltr_massdata",2378,2018,3,0,0
"ltr_massdata",2998,2018,4,0,24
"ltr_massdata",3320,2017,5,0,0
"ltr_massdata",3276,2018,5,0,32
"ltr_massdata",3589,2017,6,0,0
"ltr_massdata",2696,2018,6,0,12
"ltr_massdata",3436,2017,7,0,0
"ltr_massdata",3039,2018,7,0,16
"ltr_massdata",4167,2017,8,0,16
"ltr_massdata",3508,2018,8,0,0
"ltr_massdata",8,2015,9,0,0
"ltr_massdata",6710,2017,9,0,0
"ltr_massdata",1083,2018,9,0,0
"ltr_massdata",10450,2017,10,0,0
"ltr_massdata",8405,2017,11,0,4
"ltr_massdata",56,2018,11,0,0
"ltr_massdata",6060,2017,12,1,4
"ltr_pertrap",25,2017,1,0,0
"ltr_pertrap",3,2018,1,0,0
"ltr_pertrap",19,2019,1,0,0
"ltr_pertrap",163,2015,3,0,24
"ltr_pertrap",188,2016,3,0,0
"ltr_pertrap",6,2017,3,0,0
"ltr_pertrap",2,2018,3,0,0
"ltr_pertrap",4,2019,3,0,0
"ltr_pertrap",182,2015,4,0,0
"ltr_pertrap",134,2016,4,0,0
"ltr_pertrap",2,2017,4,0,0
"ltr_pertrap",89,2018,4,0,0
"ltr_pertrap",39,2019,4,0,24
"ltr_pertrap",247,2015,5,0,0
"ltr_pertrap",1,2016,5,0,0
"ltr_pertrap",8,2017,5,0,0
"ltr_pertrap",75,2018,5,0,0
"ltr_pertrap",44,2019,5,0,0
"ltr_pertrap",4,2015,6,0,0
"ltr_pertrap",42,2017,6,0,0
"ltr_pertrap",163,2015,7,0,0
"ltr_pertrap",123,2016,7,0,0
"ltr_pertrap",15,2017,7,0,0
"ltr_pertrap",37,2018,7,0,0
"ltr_pertrap",20,2019,7,0,0
"ltr_pertrap",205,2015,8,23,0
"ltr_pertrap",2,2016,8,0,0
"ltr_pertrap",72,2017,8,0,0
"ltr_pertrap",7,2018,8,0,2
"ltr_pertrap",94,2015,9,0,0
"ltr_pertrap",57,2016,9,0,0
"ltr_pertrap",3,2019,9,0,0
"ltr_pertrap",13,2016,10,0,0
"ltr_pertrap",18,2017,10,0,0
"ltr_pertrap",24,2018,10,0,8
"ltr_pertrap",6,2019,10,0,0
"ltr_pertrap",1,2014,11,0,0
"ltr_pertrap",79,2016,11,1,0
"ltr_pertrap",5,2018,11,0,0
"ltr_pertrap",1,2015,12,0,0
"ltr_pertrap",19,2016,12,0,0
"ltr_litterStableIsotopes",115,2018,6,0,0
"ltr_litterStableIsotopes",22,2018,9,0,0
"mga_benthicGroupAbundances",16,2018,1,0,0
"mga_benthicGroupAbundances",16,2018,2,0,0
"mga_benthicGroupAbundances",116,2018,3,0,0
"mga_benthicGroupAbundances",58,2018,4,0,0
"mga_benthicGroupAbundances",30,2017,5,0,0
"mga_benthicGroupAbundances",58,2018,5,0,0
"mga_benthicGroupAbundances",46,2017,6,0,0
"mga_benthicGroupAbundances",44,2018,6,0,0
"mga_benthicGroupAbundances",198,2017,7,0,0
"mga_benthicGroupAbundances",276,2018,7,0,0
"mga_benthicGroupAbundances",59,2017,8,0,0
"mga_benthicGroupAbundances",46,2018,8,0,0
"mga_benthicGroupAbundances",43,2017,9,0,0
"mga_benthicGroupAbundances",160,2017,10,0,0
"mga_benthicGroupAbundances",48,2017,11,0,0
"mga_soilGroupAbundances",60,2018,2,0,0
"mga_soilGroupAbundances",120,2018,3,0,0
"mga_soilGroupAbundances",287,2018,4,0,0
"mga_soilGroupAbundances",328,2017,5,0,0
"mga_soilGroupAbundances",112,2018,5,0,0
"mga_soilGroupAbundances",687,2017,6,0,0
"mga_soilGroupAbundances",252,2018,6,0,0
"mga_soilGroupAbundances",1051,2017,7,0,0
"mga_soilGroupAbundances",218,2018,7,0,0
"mga_soilGroupAbundances",480,2017,8,0,0
"mga_soilGroupAbundances",117,2018,8,0,0
"mga_soilGroupAbundances",45,2017,9,0,0
"mga_soilGroupAbundances",1384,2017,10,0,0
"mga_soilGroupAbundances",447,2017,11,0,0
"mga_soilGroupAbundances",57,2017,12,0,0
"mga_swGroupAbundances",44,2018,1,0,0
"mga_swGroupAbundances",44,2018,2,0,0
"mga_swGroupAbundances",48,2018,3,0,0
"mga_swGroupAbundances",46,2018,4,0,0
"mga_swGroupAbundances",42,2017,5,0,0
"mga_swGroupAbundances",50,2018,5,0,0
"mga_swGroupAbundances",80,2017,6,0,0
"mga_swGroupAbundances",56,2018,6,0,0
"mga_swGroupAbundances",50,2017,7,0,0
"mga_swGroupAbundances",56,2018,7,0,0
"mga_swGroupAbundances",75,2017,8,0,0
"mga_swGroupAbundances",62,2018,8,0,0
"mga_swGroupAbundances",40,2017,9,0,0
"mga_swGroupAbundances",71,2017,10,0,0
"mga_swGroupAbundances",54,2017,11,0,0
"mga_swGroupAbundances",48,2017,12,0,0
"mgc_perarchivesample",5,2018,6,0,0
"mgc_perarchivesample",8,2018,7,0,0
"mgc_perarchivesample",9,2017,9,1,0
"mgc_perbiogeosample",5,2018,6,0,0
"mgc_perbiogeosample",8,2018,7,0,0
"mgc_perbiogeosample",13,2017,9,0,10
"mgc_perhorizon",5,2018,6,0,0
"mgc_perhorizon",8,2018,7,0,0
"mgc_perhorizon",9,2017,9,0,0
"mgc_permegapit",1,2018,6,0,0
"mgc_permegapit",1,2018,7,0,0
"mgc_permegapit",1,2017,9,0,0
"mgp_perarchivesample",5,2018,6,0,10
"mgp_perarchivesample",8,2018,7,0,16
"mgp_perarchivesample",9,2017,9,0,18
"mgp_perbiogeosample",5,2018,6,0,0
"mgp_perbiogeosample",8,2018,7,0,0
"mgp_perbiogeosample",13,2017,9,0,0
"mgp_perbulksample",5,2018,6,0,0
"mgp_perbulksample",8,2018,7,0,0
"mgp_perbulksample",9,2017,9,1,0
"mgp_perhorizon",5,2018,6,0,0
"mgp_perhorizon",8,2018,7,0,0
"mgp_perhorizon",9,2017,9,0,0
"mgp_permegapit",1,2018,6,0,0
"mgp_permegapit",1,2018,7,0,0
"mgp_permegapit",1,2017,9,0,0
"amb_fieldParent",8,2018,1,0,16
"amb_fieldParent",8,2018,2,0,16
"amb_fieldParent",64,2018,3,0,126
"amb_fieldParent",32,2018,4,0,62
"amb_fieldParent",16,2017,5,0,32
"amb_fieldParent",32,2018,5,0,60
"amb_fieldParent",24,2017,6,0,48
"amb_fieldParent",24,2018,6,0,48
"amb_fieldParent",125,2017,7,0,222
"amb_fieldParent",142,2018,7,0,250
"amb_fieldParent",32,2017,8,0,64
"amb_fieldParent",32,2018,8,0,64
"amb_fieldParent",24,2017,9,0,48
"amb_fieldParent",82,2017,10,0,158
"amb_fieldParent",24,2017,11,0,48
"mmg_benthicDnaExtraction",8,2018,1,0,0
"mmg_benthicDnaExtraction",8,2018,2,0,0
"mmg_benthicDnaExtraction",63,2018,3,0,0
"mmg_benthicDnaExtraction",29,2018,4,0,0
"mmg_benthicDnaExtraction",16,2017,5,0,0
"mmg_benthicDnaExtraction",29,2018,5,0,0
"mmg_benthicDnaExtraction",23,2017,6,0,0
"mmg_benthicDnaExtraction",22,2018,6,0,0
"mmg_benthicDnaExtraction",117,2017,7,0,0
"mmg_benthicDnaExtraction",138,2018,7,0,0
"mmg_benthicDnaExtraction",32,2017,8,0,0
"mmg_benthicDnaExtraction",31,2018,8,0,0
"mmg_benthicDnaExtraction",23,2017,9,0,0
"mmg_benthicDnaExtraction",82,2017,10,0,0
"mmg_benthicDnaExtraction",24,2017,11,0,0
"mmg_benthicMarkerGeneSequencing_16S",7,2018,1,0,0
"mmg_benthicMarkerGeneSequencing_16S",8,2018,2,0,0
"mmg_benthicMarkerGeneSequencing_16S",63,2018,3,0,0
"mmg_benthicMarkerGeneSequencing_16S",29,2018,4,0,0
"mmg_benthicMarkerGeneSequencing_16S",16,2017,5,0,0
"mmg_benthicMarkerGeneSequencing_16S",28,2018,5,0,0
"mmg_benthicMarkerGeneSequencing_16S",23,2017,6,0,0
"mmg_benthicMarkerGeneSequencing_16S",23,2018,6,0,4
"mmg_benthicMarkerGeneSequencing_16S",113,2017,7,0,0
"mmg_benthicMarkerGeneSequencing_16S",134,2018,7,0,0
"mmg_benthicMarkerGeneSequencing_16S",32,2017,8,0,0
"mmg_benthicMarkerGeneSequencing_16S",31,2018,8,0,0
"mmg_benthicMarkerGeneSequencing_16S",22,2017,9,0,0
"mmg_benthicMarkerGeneSequencing_16S",80,2017,10,0,0
"mmg_benthicMarkerGeneSequencing_16S",24,2017,11,0,0
"mmg_benthicMarkerGeneSequencing_ITS",5,2018,1,0,0
"mmg_benthicMarkerGeneSequencing_ITS",8,2018,2,0,0
"mmg_benthicMarkerGeneSequencing_ITS",59,2018,3,0,0
"mmg_benthicMarkerGeneSequencing_ITS",26,2018,4,0,0
"mmg_benthicMarkerGeneSequencing_ITS",14,2017,5,0,0
"mmg_benthicMarkerGeneSequencing_ITS",26,2018,5,0,0
"mmg_benthicMarkerGeneSequencing_ITS",14,2017,6,0,0
"mmg_benthicMarkerGeneSequencing_ITS",18,2018,6,0,0
"mmg_benthicMarkerGeneSequencing_ITS",103,2017,7,0,0
"mmg_benthicMarkerGeneSequencing_ITS",118,2018,7,0,0
"mmg_benthicMarkerGeneSequencing_ITS",25,2017,8,0,0
"mmg_benthicMarkerGeneSequencing_ITS",21,2018,8,0,0
"mmg_benthicMarkerGeneSequencing_ITS",19,2017,9,0,0
"mmg_benthicMarkerGeneSequencing_ITS",67,2017,10,0,0
"mmg_benthicMarkerGeneSequencing_ITS",22,2017,11,0,0
"mmg_benthicPcrAmplification_16S",9,2018,1,0,4
"mmg_benthicPcrAmplification_16S",8,2018,2,0,0
"mmg_benthicPcrAmplification_16S",64,2018,3,0,4
"mmg_benthicPcrAmplification_16S",29,2018,4,0,0
"mmg_benthicPcrAmplification_16S",16,2017,5,0,0
"mmg_benthicPcrAmplification_16S",30,2018,5,0,4
"mmg_benthicPcrAmplification_16S",23,2017,6,0,0
"mmg_benthicPcrAmplification_16S",24,2018,6,0,6
"mmg_benthicPcrAmplification_16S",117,2017,7,0,28
"mmg_benthicPcrAmplification_16S",148,2018,7,0,40
"mmg_benthicPcrAmplification_16S",32,2017,8,0,0
"mmg_benthicPcrAmplification_16S",31,2018,8,0,0
"mmg_benthicPcrAmplification_16S",24,2017,9,0,4
"mmg_benthicPcrAmplification_16S",85,2017,10,0,12
"mmg_benthicPcrAmplification_16S",24,2017,11,0,0
"mmg_benthicPcrAmplification_ITS",12,2018,1,0,16
"mmg_benthicPcrAmplification_ITS",10,2018,2,0,8
"mmg_benthicPcrAmplification_ITS",65,2018,3,0,8
"mmg_benthicPcrAmplification_ITS",31,2018,4,0,8
"mmg_benthicPcrAmplification_ITS",16,2017,5,0,0
"mmg_benthicPcrAmplification_ITS",32,2018,5,0,12
"mmg_benthicPcrAmplification_ITS",23,2017,6,0,0
"mmg_benthicPcrAmplification_ITS",25,2018,6,0,12
"mmg_benthicPcrAmplification_ITS",117,2017,7,0,0
"mmg_benthicPcrAmplification_ITS",148,2018,7,0,40
"mmg_benthicPcrAmplification_ITS",32,2017,8,0,0
"mmg_benthicPcrAmplification_ITS",33,2018,8,0,8
"mmg_benthicPcrAmplification_ITS",22,2017,9,0,0
"mmg_benthicPcrAmplification_ITS",82,2017,10,0,0
"mmg_benthicPcrAmplification_ITS",26,2017,11,0,8
"mmg_benthicRawDataFiles",32,2018,4,0,0
"mmg_benthicRawDataFiles",64,2017,5,0,0
"mmg_benthicRawDataFiles",118,2018,5,0,0
"mmg_benthicRawDataFiles",92,2017,6,0,0
"mmg_benthicRawDataFiles",92,2018,6,0,0
"mmg_benthicRawDataFiles",476,2017,7,0,48
"mmg_benthicRawDataFiles",572,2018,7,0,0
"mmg_benthicRawDataFiles",128,2017,8,0,0
"mmg_benthicRawDataFiles",124,2018,8,0,0
"mmg_benthicRawDataFiles",92,2017,9,0,0
"mmg_benthicRawDataFiles",312,2017,10,0,0
"mmg_soilDnaExtraction",49,2018,2,0,0
"mmg_soilDnaExtraction",174,2018,3,0,0
"mmg_soilDnaExtraction",305,2018,4,0,0
"mmg_soilDnaExtraction",190,2017,5,0,0
"mmg_soilDnaExtraction",236,2018,5,0,0
"mmg_soilDnaExtraction",447,2017,6,0,0
"mmg_soilDnaExtraction",298,2018,6,0,0
"mmg_soilDnaExtraction",765,2017,7,0,0
"mmg_soilDnaExtraction",499,2018,7,0,0
"mmg_soilDnaExtraction",335,2017,8,0,0
"mmg_soilDnaExtraction",129,2018,8,0,0
"mmg_soilDnaExtraction",30,2017,9,0,0
"mmg_soilDnaExtraction",737,2017,10,0,0
"mmg_soilDnaExtraction",252,2017,11,0,0
"mmg_soilDnaExtraction",30,2017,12,0,0
"mmg_soilMarkerGeneSequencing_16S",39,2018,2,0,0
"mmg_soilMarkerGeneSequencing_16S",171,2018,3,0,0
"mmg_soilMarkerGeneSequencing_16S",292,2018,4,0,0
"mmg_soilMarkerGeneSequencing_16S",179,2017,5,0,0
"mmg_soilMarkerGeneSequencing_16S",207,2018,5,0,0
"mmg_soilMarkerGeneSequencing_16S",348,2017,6,0,4
"mmg_soilMarkerGeneSequencing_16S",233,2018,6,0,0
"mmg_soilMarkerGeneSequencing_16S",567,2017,7,0,0
"mmg_soilMarkerGeneSequencing_16S",368,2018,7,0,0
"mmg_soilMarkerGeneSequencing_16S",243,2017,8,0,0
"mmg_soilMarkerGeneSequencing_16S",93,2018,8,0,0
"mmg_soilMarkerGeneSequencing_16S",30,2017,9,0,0
"mmg_soilMarkerGeneSequencing_16S",729,2017,10,0,0
"mmg_soilMarkerGeneSequencing_16S",238,2017,11,0,64
"mmg_soilMarkerGeneSequencing_16S",31,2017,12,0,4
"mmg_soilMarkerGeneSequencing_ITS",35,2018,2,0,0
"mmg_soilMarkerGeneSequencing_ITS",152,2018,3,0,0
"mmg_soilMarkerGeneSequencing_ITS",275,2018,4,0,0
"mmg_soilMarkerGeneSequencing_ITS",172,2017,5,0,4
"mmg_soilMarkerGeneSequencing_ITS",189,2018,5,0,0
"mmg_soilMarkerGeneSequencing_ITS",291,2017,6,0,0
"mmg_soilMarkerGeneSequencing_ITS",213,2018,6,0,0
"mmg_soilMarkerGeneSequencing_ITS",527,2017,7,0,0
"mmg_soilMarkerGeneSequencing_ITS",354,2018,7,0,0
"mmg_soilMarkerGeneSequencing_ITS",180,2017,8,0,0
"mmg_soilMarkerGeneSequencing_ITS",59,2018,8,0,0
"mmg_soilMarkerGeneSequencing_ITS",25,2017,9,0,0
"mmg_soilMarkerGeneSequencing_ITS",646,2017,10,0,0
"mmg_soilMarkerGeneSequencing_ITS",204,2017,11,0,0
"mmg_soilMarkerGeneSequencing_ITS",28,2017,12,0,0
"mmg_soilPcrAmplification_16S",40,2018,2,0,4
"mmg_soilPcrAmplification_16S",179,2018,3,0,20
"mmg_soilPcrAmplification_16S",302,2018,4,0,28
"mmg_soilPcrAmplification_16S",184,2017,5,0,16
"mmg_soilPcrAmplification_16S",209,2018,5,0,8
"mmg_soilPcrAmplification_16S",373,2017,6,0,80
"mmg_soilPcrAmplification_16S",251,2018,6,5,50
"mmg_soilPcrAmplification_16S",626,2017,7,0,176
"mmg_soilPcrAmplification_16S",392,2018,7,0,68
"mmg_soilPcrAmplification_16S",278,2017,8,0,116
"mmg_soilPcrAmplification_16S",101,2018,8,0,20
"mmg_soilPcrAmplification_16S",31,2017,9,0,4
"mmg_soilPcrAmplification_16S",749,2017,10,0,52
"mmg_soilPcrAmplification_16S",294,2017,11,6,176
"mmg_soilPcrAmplification_16S",34,2017,12,0,12
"mmg_soilPcrAmplification_ITS",45,2018,2,0,24
"mmg_soilPcrAmplification_ITS",250,2018,3,0,304
"mmg_soilPcrAmplification_ITS",352,2018,4,0,228
"mmg_soilPcrAmplification_ITS",216,2017,5,0,144
"mmg_soilPcrAmplification_ITS",253,2018,5,0,184
"mmg_soilPcrAmplification_ITS",446,2017,6,0,372
"mmg_soilPcrAmplification_ITS",287,2018,6,5,204
"mmg_soilPcrAmplification_ITS",665,2017,7,0,336
"mmg_soilPcrAmplification_ITS",438,2018,7,0,252
"mmg_soilPcrAmplification_ITS",305,2017,8,0,224
"mmg_soilPcrAmplification_ITS",104,2018,8,0,32
"mmg_soilPcrAmplification_ITS",45,2017,9,0,60
"mmg_soilPcrAmplification_ITS",904,2017,10,0,664
"mmg_soilPcrAmplification_ITS",283,2017,11,4,204
"mmg_soilPcrAmplification_ITS",34,2017,12,0,16
"mmg_soilRawDataFiles",170,2018,2,0,0
"mmg_soilRawDataFiles",804,2018,3,0,0
"mmg_soilRawDataFiles",1252,2018,4,0,0
"mmg_soilRawDataFiles",769,2017,5,0,4
"mmg_soilRawDataFiles",888,2018,5,0,0
"mmg_soilRawDataFiles",1580,2017,6,0,16
"mmg_soilRawDataFiles",992,2018,6,0,0
"mmg_soilRawDataFiles",2528,2017,7,0,32
"mmg_soilRawDataFiles",1620,2018,7,0,0
"mmg_soilRawDataFiles",1136,2017,8,0,0
"mmg_soilRawDataFiles",410,2018,8,0,0
"mmg_soilRawDataFiles",132,2017,9,0,8
"mmg_soilRawDataFiles",3162,2017,10,0,24
"mmg_soilRawDataFiles",767,2017,11,0,12
"mmg_soilRawDataFiles",74,2017,12,0,0
"amc_fieldGenetic",22,2018,1,0,0
"amc_fieldGenetic",22,2018,2,0,0
"amc_fieldGenetic",23,2018,3,0,0
"amc_fieldGenetic",24,2018,4,0,0
"amc_fieldGenetic",21,2017,5,0,0
"amc_fieldGenetic",25,2018,5,0,0
"amc_fieldGenetic",49,2017,6,0,0
"amc_fieldGenetic",29,2018,6,0,0
"amc_fieldGenetic",31,2017,7,0,0
"amc_fieldGenetic",31,2018,7,0,0
"amc_fieldGenetic",45,2017,8,0,0
"amc_fieldGenetic",32,2018,8,0,0
"amc_fieldGenetic",24,2017,9,0,0
"amc_fieldGenetic",38,2017,10,0,0
"amc_fieldGenetic",26,2017,11,0,0
"amc_fieldGenetic",24,2017,12,0,0
"amc_fieldSuperParent",22,2018,1,0,0
"amc_fieldSuperParent",22,2018,2,0,0
"amc_fieldSuperParent",23,2018,3,0,0
"amc_fieldSuperParent",24,2018,4,0,0
"amc_fieldSuperParent",21,2017,5,0,0
"amc_fieldSuperParent",25,2018,5,0,0
"amc_fieldSuperParent",49,2017,6,0,0
"amc_fieldSuperParent",29,2018,6,0,0
"amc_fieldSuperParent",31,2017,7,0,0
"amc_fieldSuperParent",31,2018,7,0,0
"amc_fieldSuperParent",45,2017,8,0,0
"amc_fieldSuperParent",32,2018,8,0,0
"amc_fieldSuperParent",24,2017,9,0,0
"amc_fieldSuperParent",38,2017,10,0,0
"amc_fieldSuperParent",26,2017,11,0,0
"amc_fieldSuperParent",24,2017,12,0,0
"mmg_swDnaExtraction",22,2018,1,0,0
"mmg_swDnaExtraction",22,2018,2,0,0
"mmg_swDnaExtraction",23,2018,3,0,0
"mmg_swDnaExtraction",23,2018,4,0,0
"mmg_swDnaExtraction",21,2017,5,0,0
"mmg_swDnaExtraction",25,2018,5,0,0
"mmg_swDnaExtraction",47,2017,6,0,0
"mmg_swDnaExtraction",28,2018,6,0,0
"mmg_swDnaExtraction",30,2017,7,0,0
"mmg_swDnaExtraction",27,2018,7,0,0
"mmg_swDnaExtraction",45,2017,8,0,0
"mmg_swDnaExtraction",28,2018,8,0,0
"mmg_swDnaExtraction",23,2017,9,0,0
"mmg_swDnaExtraction",38,2017,10,0,0
"mmg_swDnaExtraction",26,2017,11,0,0
"mmg_swDnaExtraction",24,2017,12,0,0
"mmg_swMarkerGeneSequencing_16S",22,2018,1,0,0
"mmg_swMarkerGeneSequencing_16S",22,2018,2,0,0
"mmg_swMarkerGeneSequencing_16S",23,2018,3,0,0
"mmg_swMarkerGeneSequencing_16S",22,2018,4,0,0
"mmg_swMarkerGeneSequencing_16S",22,2017,5,0,4
"mmg_swMarkerGeneSequencing_16S",24,2018,5,0,0
"mmg_swMarkerGeneSequencing_16S",47,2017,6,0,4
"mmg_swMarkerGeneSequencing_16S",27,2018,6,0,0
"mmg_swMarkerGeneSequencing_16S",30,2017,7,0,0
"mmg_swMarkerGeneSequencing_16S",28,2018,7,0,0
"mmg_swMarkerGeneSequencing_16S",44,2017,8,0,0
"mmg_swMarkerGeneSequencing_16S",29,2018,8,0,0
"mmg_swMarkerGeneSequencing_16S",22,2017,9,0,0
"mmg_swMarkerGeneSequencing_16S",37,2017,10,0,0
"mmg_swMarkerGeneSequencing_16S",26,2017,11,0,0
"mmg_swMarkerGeneSequencing_16S",24,2017,12,0,0
"mmg_swMarkerGeneSequencing_ITS",17,2018,1,0,0
"mmg_swMarkerGeneSequencing_ITS",20,2018,2,0,0
"mmg_swMarkerGeneSequencing_ITS",17,2018,3,0,0
"mmg_swMarkerGeneSequencing_ITS",17,2018,4,0,0
"mmg_swMarkerGeneSequencing_ITS",16,2017,5,0,0
"mmg_swMarkerGeneSequencing_ITS",17,2018,5,0,0
"mmg_swMarkerGeneSequencing_ITS",32,2017,6,0,0
"mmg_swMarkerGeneSequencing_ITS",18,2018,6,0,0
"mmg_swMarkerGeneSequencing_ITS",19,2017,7,0,0
"mmg_swMarkerGeneSequencing_ITS",22,2018,7,0,0
"mmg_swMarkerGeneSequencing_ITS",31,2017,8,0,0
"mmg_swMarkerGeneSequencing_ITS",16,2018,8,0,0
"mmg_swMarkerGeneSequencing_ITS",17,2017,9,0,0
"mmg_swMarkerGeneSequencing_ITS",26,2017,10,0,0
"mmg_swMarkerGeneSequencing_ITS",26,2017,11,0,0
"mmg_swMarkerGeneSequencing_ITS",21,2017,12,0,0
"mmg_swPcrAmplification_16S",3,2018,1,0,0
"mmg_swPcrAmplification_16S",4,2018,2,0,0
"mmg_swPcrAmplification_16S",1,2018,3,0,0
"mmg_swPcrAmplification_16S",20,2017,5,0,0
"mmg_swPcrAmplification_16S",46,2017,6,0,0
"mmg_swPcrAmplification_16S",29,2017,7,0,0
"mmg_swPcrAmplification_16S",45,2017,8,0,0
"mmg_swPcrAmplification_16S",1,2018,8,0,0
"mmg_swPcrAmplification_16S",23,2017,9,0,0
"mmg_swPcrAmplification_16S",38,2017,10,0,0
"mmg_swPcrAmplification_16S",22,2017,11,0,0
"mmg_swPcrAmplification_16S",15,2017,12,0,0
"mmg_swPcrAmplification_ITS",3,2018,1,0,0
"mmg_swPcrAmplification_ITS",4,2018,2,0,0
"mmg_swPcrAmplification_ITS",1,2018,3,0,0
"mmg_swPcrAmplification_ITS",21,2017,5,0,0
"mmg_swPcrAmplification_ITS",47,2017,6,0,0
"mmg_swPcrAmplification_ITS",30,2017,7,0,0
"mmg_swPcrAmplification_ITS",45,2017,8,0,0
"mmg_swPcrAmplification_ITS",5,2018,8,0,0
"mmg_swPcrAmplification_ITS",23,2017,9,0,0
"mmg_swPcrAmplification_ITS",38,2017,10,0,0
"mmg_swPcrAmplification_ITS",22,2017,11,0,0
"mmg_swPcrAmplification_ITS",15,2017,12,0,0
"mmg_swRawDataFiles",4,2018,4,0,0
"mmg_swRawDataFiles",88,2017,5,0,24
"mmg_swRawDataFiles",102,2018,5,0,0
"mmg_swRawDataFiles",194,2017,6,0,0
"mmg_swRawDataFiles",114,2018,6,0,0
"mmg_swRawDataFiles",124,2017,7,0,0
"mmg_swRawDataFiles",112,2018,7,0,0
"mmg_swRawDataFiles",180,2017,8,0,0
"mmg_swRawDataFiles",122,2018,8,0,0
"mmg_swRawDataFiles",92,2017,9,0,0
"mmg_swRawDataFiles",156,2017,10,0,0
"amb_fieldParent",8,2018,5,0,0
"amb_fieldParent",16,2017,6,0,0
"amb_fieldParent",8,2018,6,0,0
"amb_fieldParent",125,2017,7,0,0
"amb_fieldParent",142,2018,7,0,0
"amb_fieldParent",16,2017,8,0,0
"amb_fieldParent",24,2018,8,0,0
"mms_benthicMetagenomeDnaExtraction",8,2018,5,0,0
"mms_benthicMetagenomeDnaExtraction",15,2017,6,0,0
"mms_benthicMetagenomeDnaExtraction",8,2018,6,0,0
"mms_benthicMetagenomeDnaExtraction",117,2017,7,0,0
"mms_benthicMetagenomeDnaExtraction",138,2018,7,0,0
"mms_benthicMetagenomeDnaExtraction",16,2017,8,0,0
"mms_benthicMetagenomeDnaExtraction",23,2018,8,0,0
"mms_benthicMetagenomeSequencing",1,2018,5,0,0
"mms_benthicMetagenomeSequencing",15,2017,6,0,0
"mms_benthicMetagenomeSequencing",8,2018,6,0,0
"mms_benthicMetagenomeSequencing",115,2017,7,0,0
"mms_benthicMetagenomeSequencing",130,2018,7,0,0
"mms_benthicMetagenomeSequencing",16,2017,8,0,0
"mms_benthicMetagenomeSequencing",15,2018,8,0,0
"mms_benthicRawDataFiles",2,2018,5,0,4
"mms_benthicRawDataFiles",30,2017,6,0,60
"mms_benthicRawDataFiles",16,2018,6,0,32
"mms_benthicRawDataFiles",230,2017,7,0,460
"mms_benthicRawDataFiles",274,2018,7,0,548
"mms_benthicRawDataFiles",32,2017,8,0,64
"mms_benthicRawDataFiles",30,2018,8,0,60
"mms_metagenomeDnaExtraction",19,2018,2,0,0
"mms_metagenomeDnaExtraction",40,2018,4,0,0
"mms_metagenomeDnaExtraction",40,2017,5,0,0
"mms_metagenomeDnaExtraction",116,2018,5,0,0
"mms_metagenomeDnaExtraction",367,2017,6,0,0
"mms_metagenomeDnaExtraction",241,2018,6,0,0
"mms_metagenomeDnaExtraction",620,2017,7,0,0
"mms_metagenomeDnaExtraction",429,2018,7,0,0
"mms_metagenomeDnaExtraction",335,2017,8,0,0
"mms_metagenomeDnaExtraction",129,2018,8,0,0
"mms_metagenomeDnaExtraction",80,2017,11,0,0
"mms_metagenomeSequencing",10,2018,2,0,0
"mms_metagenomeSequencing",10,2018,4,0,0
"mms_metagenomeSequencing",10,2017,5,0,0
"mms_metagenomeSequencing",29,2018,5,0,0
"mms_metagenomeSequencing",94,2017,6,0,0
"mms_metagenomeSequencing",60,2018,6,0,0
"mms_metagenomeSequencing",150,2017,7,0,0
"mms_metagenomeSequencing",109,2018,7,0,0
"mms_metagenomeSequencing",82,2017,8,0,0
"mms_metagenomeSequencing",28,2018,8,0,0
"mms_metagenomeSequencing",17,2017,11,0,0
"mms_rawDataFiles",20,2018,2,0,0
"mms_rawDataFiles",20,2018,4,0,0
"mms_rawDataFiles",20,2017,5,0,0
"mms_rawDataFiles",58,2018,5,0,0
"mms_rawDataFiles",188,2017,6,0,0
"mms_rawDataFiles",120,2018,6,0,0
"mms_rawDataFiles",302,2017,7,0,0
"mms_rawDataFiles",222,2018,7,0,0
"mms_rawDataFiles",168,2017,8,0,0
"mms_rawDataFiles",66,2018,8,0,0
"mms_rawDataFiles",40,2017,11,0,0
"amc_fieldGenetic",11,2017,7,0,0
"amc_fieldGenetic",24,2018,7,0,0
"amc_fieldGenetic",38,2017,8,0,0
"amc_fieldGenetic",9,2018,8,0,0
"amc_fieldSuperParent",12,2017,7,10,4
"amc_fieldSuperParent",25,2018,7,23,4
"amc_fieldSuperParent",38,2017,8,38,0
"amc_fieldSuperParent",10,2018,8,8,4
"mms_swMetagenomeDnaExtraction",10,2017,7,0,0
"mms_swMetagenomeDnaExtraction",24,2018,7,0,0
"mms_swMetagenomeDnaExtraction",38,2017,8,0,0
"mms_swMetagenomeDnaExtraction",9,2018,8,0,0
"mms_swMetagenomeSequencing",10,2017,7,0,0
"mms_swMetagenomeSequencing",23,2018,7,0,0
"mms_swMetagenomeSequencing",34,2017,8,0,0
"mms_swMetagenomeSequencing",6,2018,8,0,0
"mms_swRawDataFiles",20,2017,7,0,0
"mms_swRawDataFiles",46,2018,7,0,0
"mms_swRawDataFiles",70,2017,8,0,0
"mms_swRawDataFiles",12,2018,8,0,0
"mos_archivepooling",71,2018,1,0,0
"mos_archivepooling",67,2018,2,0,0
"mos_archivepooling",85,2018,3,0,0
"mos_archivepooling",106,2018,4,0,0
"mos_archivepooling",391,2017,5,0,0
"mos_archivepooling",317,2018,5,0,0
"mos_archivepooling",483,2017,6,0,0
"mos_archivepooling",429,2018,6,0,0
"mos_archivepooling",551,2017,7,0,0
"mos_archivepooling",472,2018,7,0,0
"mos_archivepooling",522,2017,8,0,0
"mos_archivepooling",366,2018,8,0,0
"mos_archivepooling",376,2017,9,0,0
"mos_archivepooling",313,2017,10,0,0
"mos_archivepooling",130,2017,11,0,0
"mos_archivepooling",87,2017,12,0,0
"mos_barcoding",48,2018,1,0,0
"mos_barcoding",44,2018,2,0,0
"mos_barcoding",91,2018,3,0,0
"mos_barcoding",61,2018,4,0,0
"mos_barcoding",205,2017,5,0,0
"mos_barcoding",282,2018,5,0,0
"mos_barcoding",302,2017,6,0,0
"mos_barcoding",393,2018,6,0,0
"mos_barcoding",303,2017,7,0,0
"mos_barcoding",305,2018,7,0,0
"mos_barcoding",334,2017,8,0,0
"mos_barcoding",252,2018,8,0,0
"mos_barcoding",129,2017,9,0,0
"mos_barcoding",81,2017,10,0,0
"mos_barcoding",60,2017,11,0,0
"mos_barcoding",42,2017,12,0,0
"mos_expertTaxonomistIDProcessed",583,2018,1,0,0
"mos_expertTaxonomistIDProcessed",620,2018,2,9,0
"mos_expertTaxonomistIDProcessed",606,2018,3,0,0
"mos_expertTaxonomistIDProcessed",645,2018,4,0,0
"mos_expertTaxonomistIDProcessed",3154,2017,5,0,0
"mos_expertTaxonomistIDProcessed",2297,2018,5,0,8
"mos_expertTaxonomistIDProcessed",5479,2017,6,0,8
"mos_expertTaxonomistIDProcessed",3490,2018,6,2,4
"mos_expertTaxonomistIDProcessed",5730,2017,7,0,8
"mos_expertTaxonomistIDProcessed",3538,2018,7,4,0
"mos_expertTaxonomistIDProcessed",5917,2017,8,0,0
"mos_expertTaxonomistIDProcessed",2797,2018,8,0,0
"mos_expertTaxonomistIDProcessed",3698,2017,9,0,0
"mos_expertTaxonomistIDProcessed",2219,2017,10,0,0
"mos_expertTaxonomistIDProcessed",1078,2017,11,0,0
"mos_expertTaxonomistIDProcessed",677,2017,12,0,0
"mos_expertTaxonomistIDRaw",583,2018,1,0,0
"mos_expertTaxonomistIDRaw",620,2018,2,9,0
"mos_expertTaxonomistIDRaw",606,2018,3,0,0
"mos_expertTaxonomistIDRaw",645,2018,4,0,0
"mos_expertTaxonomistIDRaw",3154,2017,5,0,0
"mos_expertTaxonomistIDRaw",2297,2018,5,0,8
"mos_expertTaxonomistIDRaw",5479,2017,6,0,8
"mos_expertTaxonomistIDRaw",3490,2018,6,2,4
"mos_expertTaxonomistIDRaw",5730,2017,7,0,8
"mos_expertTaxonomistIDRaw",3538,2018,7,4,0
"mos_expertTaxonomistIDRaw",5917,2017,8,0,0
"mos_expertTaxonomistIDRaw",2797,2018,8,0,0
"mos_expertTaxonomistIDRaw",3698,2017,9,0,0
"mos_expertTaxonomistIDRaw",2219,2017,10,0,0
"mos_expertTaxonomistIDRaw",1078,2017,11,0,0
"mos_expertTaxonomistIDRaw",677,2017,12,0,0
"mos_sorting",223,2018,1,0,0
"mos_sorting",236,2018,2,0,0
"mos_sorting",212,2018,3,0,0
"mos_sorting",208,2018,4,0,0
"mos_sorting",1017,2017,5,0,0
"mos_sorting",693,2018,5,0,0
"mos_sorting",1176,2017,6,0,0
"mos_sorting",799,2018,6,0,0
"mos_sorting",1292,2017,7,0,0
"mos_sorting",965,2018,7,0,0
"mos_sorting",1474,2017,8,0,0
"mos_sorting",835,2018,8,0,0
"mos_sorting",988,2017,9,0,0
"mos_sorting",705,2017,10,0,0
"mos_sorting",335,2017,11,0,0
"mos_sorting",256,2017,12,0,0
"mos_pathogenpooling",67,2018,1,0,0
"mos_pathogenpooling",102,2018,2,0,0
"mos_pathogenpooling",171,2018,3,0,0
"mos_pathogenpooling",126,2018,4,0,0
"mos_pathogenpooling",374,2017,5,0,0
"mos_pathogenpooling",511,2018,5,0,0
"mos_pathogenpooling",1291,2017,6,0,0
"mos_pathogenpooling",1016,2018,6,0,0
"mos_pathogenpooling",1419,2017,7,0,0
"mos_pathogenpooling",1262,2018,7,0,0
"mos_pathogenpooling",889,2017,8,0,0
"mos_pathogenpooling",668,2018,8,0,0
"mos_pathogenpooling",723,2017,9,0,0
"mos_pathogenpooling",339,2017,10,0,0
"mos_pathogenpooling",178,2017,11,0,0
"mos_pathogenpooling",69,2017,12,0,0
"mos_pathogenresults",201,2018,1,0,0
"mos_pathogenresults",306,2018,2,0,0
"mos_pathogenresults",513,2018,3,0,0
"mos_pathogenresults",378,2018,4,0,0
"mos_pathogenresults",1129,2017,5,0,0
"mos_pathogenresults",1547,2018,5,7,0
"mos_pathogenresults",3884,2017,6,0,0
"mos_pathogenresults",3115,2018,6,18,0
"mos_pathogenresults",4257,2017,7,0,0
"mos_pathogenresults",3814,2018,7,28,0
"mos_pathogenresults",2686,2017,8,0,0
"mos_pathogenresults",2025,2018,8,14,0
"mos_pathogenresults",2176,2017,9,0,0
"mos_pathogenresults",1017,2017,10,0,0
"mos_pathogenresults",534,2017,11,0,0
"mos_pathogenresults",207,2017,12,0,0
"mpr_perdepthincrement",45,2018,7,0,0
"mpr_perdepthincrement",45,2017,9,0,0
"mpr_perpitprofile",12,2018,7,0,0
"mpr_perpitprofile",12,2017,9,0,0
"mpr_perrootsample",70,2018,7,0,0
"mpr_perrootsample",128,2017,9,0,0
"ntr_externalLab",108,2018,3,0,0
"ntr_externalLab",350,2018,4,0,0
"ntr_externalLab",145,2017,5,0,0
"ntr_externalLab",223,2018,5,0,0
"ntr_externalLab",282,2017,6,0,0
"ntr_externalLab",205,2018,6,0,0
"ntr_externalLab",329,2017,7,0,0
"ntr_externalLab",383,2018,7,0,0
"ntr_externalLab",161,2017,8,0,0
"ntr_externalLab",140,2018,8,0,0
"ntr_externalLab",417,2017,10,0,0
"ntr_externalLab",216,2017,11,0,0
"ntr_internalLab",90,2018,3,0,0
"ntr_internalLab",290,2018,4,0,0
"ntr_internalLab",115,2017,5,0,0
"ntr_internalLab",202,2018,5,0,0
"ntr_internalLab",246,2017,6,0,0
"ntr_internalLab",177,2018,6,0,0
"ntr_internalLab",284,2017,7,0,0
"ntr_internalLab",337,2018,7,0,0
"ntr_internalLab",140,2017,8,0,0
"ntr_internalLab",107,2018,8,0,0
"ntr_internalLab",346,2017,10,0,0
"ntr_internalLab",183,2017,11,0,0
"ntr_internalLabBlanks",6,2018,3,0,0
"ntr_internalLabBlanks",20,2018,4,0,0
"ntr_internalLabBlanks",10,2017,5,0,0
"ntr_internalLabBlanks",7,2018,5,0,0
"ntr_internalLabBlanks",12,2017,6,0,0
"ntr_internalLabBlanks",11,2018,6,0,0
"ntr_internalLabBlanks",15,2017,7,0,0
"ntr_internalLabBlanks",17,2018,7,0,0
"ntr_internalLabBlanks",7,2017,8,0,0
"ntr_internalLabBlanks",11,2018,8,0,0
"ntr_internalLabBlanks",24,2017,10,0,0
"ntr_internalLabBlanks",11,2017,11,0,0
"sls_soilMoisture",90,2018,3,0,0
"sls_soilMoisture",279,2018,4,0,0
"sls_soilMoisture",114,2017,5,0,0
"sls_soilMoisture",201,2018,5,0,0
"sls_soilMoisture",210,2017,6,0,0
"sls_soilMoisture",175,2018,6,0,0
"sls_soilMoisture",284,2017,7,0,4
"sls_soilMoisture",336,2018,7,0,0
"sls_soilMoisture",140,2017,8,0,0
"sls_soilMoisture",107,2018,8,0,0
"sls_soilMoisture",343,2017,10,0,0
"sls_soilMoisture",153,2017,11,0,0
"rea_backgroundFieldCondData",8,2018,1,0,0
"rea_backgroundFieldCondData",12,2018,2,0,0
"rea_backgroundFieldCondData",10,2018,3,0,0
"rea_backgroundFieldCondData",20,2018,4,0,0
"rea_backgroundFieldCondData",32,2017,5,0,0
"rea_backgroundFieldCondData",22,2018,5,0,0
"rea_backgroundFieldCondData",58,2017,6,0,0
"rea_backgroundFieldCondData",44,2018,6,0,0
"rea_backgroundFieldCondData",44,2017,7,0,0
"rea_backgroundFieldCondData",18,2018,7,0,0
"rea_backgroundFieldCondData",44,2017,8,0,0
"rea_backgroundFieldCondData",40,2018,8,0,0
"rea_backgroundFieldCondData",34,2017,9,0,0
"rea_backgroundFieldCondData",26,2017,10,0,0
"rea_backgroundFieldCondData",14,2017,11,0,0
"rea_backgroundFieldCondData",16,2017,12,0,0
"rea_externalLabDataGas",40,2018,1,0,0
"rea_externalLabDataGas",114,2018,2,0,0
"rea_externalLabDataGas",80,2018,3,0,0
"rea_externalLabDataGas",135,2018,4,0,0
"rea_externalLabDataGas",254,2017,5,0,0
"rea_externalLabDataGas",178,2018,5,0,0
"rea_externalLabDataGas",560,2017,6,0,0
"rea_externalLabDataGas",338,2018,6,0,0
"rea_externalLabDataGas",420,2017,7,0,0
"rea_externalLabDataGas",140,2018,7,0,0
"rea_externalLabDataGas",440,2017,8,0,0
"rea_externalLabDataGas",379,2018,8,0,0
"rea_externalLabDataGas",339,2017,9,0,0
"rea_externalLabDataGas",240,2017,10,0,0
"rea_externalLabDataGas",79,2017,11,0,0
"rea_externalLabDataGas",158,2017,12,0,0
"rea_externalLabDataSalt",50,2018,1,0,0
"rea_externalLabDataSalt",144,2018,2,0,0
"rea_externalLabDataSalt",100,2018,3,0,0
"rea_externalLabDataSalt",170,2018,4,0,0
"rea_externalLabDataSalt",320,2017,5,0,0
"rea_externalLabDataSalt",223,2018,5,0,0
"rea_externalLabDataSalt",700,2017,6,0,0
"rea_externalLabDataSalt",399,2018,6,0,0
"rea_externalLabDataSalt",477,2017,7,0,0
"rea_externalLabDataSalt",175,2018,7,0,0
"rea_externalLabDataSalt",549,2017,8,0,0
"rea_externalLabDataSalt",472,2018,8,0,0
"rea_externalLabDataSalt",425,2017,9,0,0
"rea_externalLabDataSalt",299,2017,10,0,0
"rea_externalLabDataSalt",100,2017,11,0,0
"rea_externalLabDataSalt",198,2017,12,0,0
"rea_plateauSampleFieldData",40,2018,1,0,0
"rea_plateauSampleFieldData",115,2018,2,0,0
"rea_plateauSampleFieldData",80,2018,3,0,0
"rea_plateauSampleFieldData",135,2018,4,0,0
"rea_plateauSampleFieldData",280,2017,5,0,0
"rea_plateauSampleFieldData",200,2018,5,0,0
"rea_plateauSampleFieldData",560,2017,6,0,0
"rea_plateauSampleFieldData",380,2018,6,0,0
"rea_plateauSampleFieldData",420,2017,7,0,0
"rea_plateauSampleFieldData",140,2018,7,0,0
"rea_plateauSampleFieldData",440,2017,8,0,0
"rea_plateauSampleFieldData",380,2018,8,0,0
"rea_plateauSampleFieldData",340,2017,9,0,0
"rea_plateauSampleFieldData",240,2017,10,0,0
"rea_plateauSampleFieldData",100,2017,11,0,0
"rea_plateauSampleFieldData",160,2017,12,0,0
"sbd_externalLabDataSalt",50,2018,1,0,0
"sbd_externalLabDataSalt",144,2018,2,0,0
"sbd_externalLabDataSalt",100,2018,3,0,0
"sbd_externalLabDataSalt",170,2018,4,0,0
"sbd_externalLabDataSalt",320,2017,5,0,0
"sbd_externalLabDataSalt",223,2018,5,0,0
"sbd_externalLabDataSalt",700,2017,6,0,0
"sbd_externalLabDataSalt",399,2018,6,0,0
"sbd_externalLabDataSalt",477,2017,7,0,0
"sbd_externalLabDataSalt",175,2018,7,0,0
"sbd_externalLabDataSalt",549,2017,8,0,0
"sbd_externalLabDataSalt",472,2018,8,0,0
"sbd_externalLabDataSalt",425,2017,9,0,0
"sbd_externalLabDataSalt",299,2017,10,0,0
"sbd_externalLabDataSalt",100,2017,11,0,0
"sbd_externalLabDataSalt",198,2017,12,0,0
"sbd_plateauSampleFieldData",40,2018,1,0,0
"sbd_plateauSampleFieldData",115,2018,2,0,0
"sbd_plateauSampleFieldData",80,2018,3,0,0
"sbd_plateauSampleFieldData",135,2018,4,0,0
"sbd_plateauSampleFieldData",280,2017,5,0,0
"sbd_plateauSampleFieldData",200,2018,5,0,0
"sbd_plateauSampleFieldData",560,2017,6,0,0
"sbd_plateauSampleFieldData",380,2018,6,0,0
"sbd_plateauSampleFieldData",420,2017,7,0,0
"sbd_plateauSampleFieldData",140,2018,7,0,0
"sbd_plateauSampleFieldData",440,2017,8,0,0
"sbd_plateauSampleFieldData",380,2018,8,0,0
"sbd_plateauSampleFieldData",340,2017,9,0,0
"sbd_plateauSampleFieldData",240,2017,10,0,0
"sbd_plateauSampleFieldData",100,2017,11,0,0
"sbd_plateauSampleFieldData",160,2017,12,0,0
"rip_assessment",20,2018,3,0,40
"rip_assessment",20,2018,4,0,40
"rip_assessment",60,2017,5,0,120
"rip_assessment",40,2018,5,0,80
"rip_assessment",70,2017,6,0,140
"rip_assessment",190,2018,6,0,380
"rip_assessment",210,2017,7,0,420
"rip_assessment",100,2018,7,0,200
"rip_assessment",320,2017,8,0,640
"rip_assessment",128,2018,8,0,256
"rip_assessment",40,2017,11,0,80
"rip_percentComposition",60,2018,3,0,120
"rip_percentComposition",60,2018,4,0,120
"rip_percentComposition",179,2017,5,0,358
"rip_percentComposition",120,2018,5,0,240
"rip_percentComposition",209,2017,6,0,418
"rip_percentComposition",510,2018,6,0,1020
"rip_percentComposition",478,2017,7,0,956
"rip_percentComposition",119,2018,7,0,238
"rip_percentComposition",718,2017,8,0,1436
"rip_percentComposition",265,2018,8,0,530
"rip_percentComposition",119,2017,11,0,238
"rpt_bloodtesting",44,2018,1,0,4
"rpt_bloodtesting",54,2018,2,0,4
"rpt_bloodtesting",105,2018,3,0,0
"rpt_bloodtesting",104,2018,4,0,0
"rpt_bloodtesting",432,2017,5,0,0
"rpt_bloodtesting",458,2018,5,0,0
"rpt_bloodtesting",593,2017,6,0,4
"rpt_bloodtesting",598,2018,6,0,4
"rpt_bloodtesting",611,2017,7,0,4
"rpt_bloodtesting",524,2018,7,0,0
"rpt_bloodtesting",558,2017,8,0,8
"rpt_bloodtesting",583,2018,8,0,4
"rpt_bloodtesting",437,2017,9,0,4
"rpt_bloodtesting",217,2017,10,0,0
"rpt_bloodtesting",21,2017,11,0,0
"rpt_bloodtesting",20,2017,12,0,0
"sdg_externalLabData",87,2018,1,0,8
"sdg_externalLabData",106,2018,2,0,0
"sdg_externalLabData",140,2018,3,0,0
"sdg_externalLabData",146,2018,4,0,8
"sdg_externalLabData",176,2017,5,0,8
"sdg_externalLabData",187,2018,5,0,0
"sdg_externalLabData",155,2017,6,0,0
"sdg_externalLabData",156,2018,6,0,0
"sdg_externalLabData",112,2017,7,0,0
"sdg_externalLabData",141,2018,7,0,0
"sdg_externalLabData",124,2017,8,0,0
"sdg_externalLabData",113,2018,8,0,4
"sdg_externalLabData",93,2017,9,0,0
"sdg_externalLabData",106,2017,10,0,0
"sdg_externalLabData",94,2017,11,0,0
"sdg_externalLabData",74,2017,12,0,0
"sdg_fieldData",44,2018,1,0,0
"sdg_fieldData",53,2018,2,0,0
"sdg_fieldData",70,2018,3,0,0
"sdg_fieldData",72,2018,4,0,0
"sdg_fieldData",94,2017,5,0,0
"sdg_fieldData",96,2018,5,0,0
"sdg_fieldData",88,2017,6,0,0
"sdg_fieldData",81,2018,6,0,0
"sdg_fieldData",64,2017,7,0,0
"sdg_fieldData",73,2018,7,0,0
"sdg_fieldData",72,2017,8,0,0
"sdg_fieldData",58,2018,8,0,0
"sdg_fieldData",52,2017,9,0,0
"sdg_fieldData",63,2017,10,0,0
"sdg_fieldData",51,2017,11,0,0
"sdg_fieldData",40,2017,12,0,0
"sdg_fieldDataAir",44,2018,1,0,0
"sdg_fieldDataAir",53,2018,2,0,0
"sdg_fieldDataAir",70,2018,3,0,0
"sdg_fieldDataAir",72,2018,4,0,0
"sdg_fieldDataAir",81,2017,5,0,0
"sdg_fieldDataAir",91,2018,5,0,0
"sdg_fieldDataAir",68,2017,6,0,0
"sdg_fieldDataAir",77,2018,6,0,0
"sdg_fieldDataAir",52,2017,7,0,0
"sdg_fieldDataAir",68,2018,7,0,0
"sdg_fieldDataAir",53,2017,8,0,0
"sdg_fieldDataAir",55,2018,8,0,0
"sdg_fieldDataAir",41,2017,9,0,0
"sdg_fieldDataAir",43,2017,10,0,0
"sdg_fieldDataAir",43,2017,11,0,0
"sdg_fieldDataAir",36,2017,12,0,0
"sdg_fieldDataProc",44,2018,1,0,0
"sdg_fieldDataProc",53,2018,2,0,0
"sdg_fieldDataProc",70,2018,3,0,0
"sdg_fieldDataProc",72,2018,4,0,0
"sdg_fieldDataProc",94,2017,5,0,0
"sdg_fieldDataProc",96,2018,5,0,0
"sdg_fieldDataProc",88,2017,6,0,0
"sdg_fieldDataProc",81,2018,6,0,0
"sdg_fieldDataProc",64,2017,7,0,0
"sdg_fieldDataProc",73,2018,7,0,0
"sdg_fieldDataProc",72,2017,8,0,0
"sdg_fieldDataProc",58,2018,8,0,0
"sdg_fieldDataProc",52,2017,9,0,0
"sdg_fieldDataProc",63,2017,10,0,0
"sdg_fieldDataProc",51,2017,11,0,0
"sdg_fieldDataProc",40,2017,12,0,0
"sdg_fieldSuperParent",44,2018,1,0,0
"sdg_fieldSuperParent",53,2018,2,0,0
"sdg_fieldSuperParent",70,2018,3,0,0
"sdg_fieldSuperParent",72,2018,4,0,0
"sdg_fieldSuperParent",94,2017,5,0,0
"sdg_fieldSuperParent",96,2018,5,0,0
"sdg_fieldSuperParent",89,2017,6,0,0
"sdg_fieldSuperParent",81,2018,6,0,0
"sdg_fieldSuperParent",69,2017,7,0,0
"sdg_fieldSuperParent",73,2018,7,0,0
"sdg_fieldSuperParent",72,2017,8,0,0
"sdg_fieldSuperParent",59,2018,8,0,0
"sdg_fieldSuperParent",52,2017,9,0,0
"sdg_fieldSuperParent",63,2017,10,0,0
"sdg_fieldSuperParent",51,2017,11,0,0
"sdg_fieldSuperParent",40,2017,12,0,0
"sim_eventData",1,2017,1,0,0
"sim_eventData",12,2018,1,0,4
"sim_eventData",11,2018,2,0,0
"sim_eventData",2,2017,3,0,0
"sim_eventData",16,2018,3,0,4
"sim_eventData",3,2017,4,0,0
"sim_eventData",23,2018,4,0,8
"sim_eventData",9,2017,5,0,0
"sim_eventData",20,2018,5,0,0
"sim_eventData",9,2017,6,0,4
"sim_eventData",10,2018,6,0,0
"sim_eventData",11,2017,7,0,0
"sim_eventData",17,2018,7,0,0
"sim_eventData",9,2017,8,0,0
"sim_eventData",12,2018,8,0,0
"sim_eventData",22,2017,9,0,0
"sim_eventData",9,2017,10,0,0
"sim_eventData",9,2017,11,0,0
"sim_eventData",5,2017,12,0,0
"sls_soilChemistry",58,2018,1,0,0
"sls_soilChemistry",5,2019,1,0,0
"sls_soilChemistry",121,2018,2,0,0
"sls_soilChemistry",83,2018,3,0,0
"sls_soilChemistry",74,2018,4,0,0
"sls_soilChemistry",29,2018,5,0,0
"sls_soilChemistry",58,2017,8,0,0
"sls_soilChemistry",90,2018,10,0,0
"sls_soilChemistry",67,2017,11,0,0
"sls_soilChemistry",146,2018,11,0,0
"sls_soilChemistry",13,2017,12,0,0
"sls_soilChemistry",140,2018,12,0,0
"sls_soilMoisture",60,2018,2,0,0
"sls_soilMoisture",265,2018,3,0,0
"sls_soilMoisture",667,2018,4,0,0
"sls_soilMoisture",269,2017,5,0,20
"sls_soilMoisture",513,2018,5,0,0
"sls_soilMoisture",410,2017,6,0,0
"sls_soilMoisture",532,2018,6,0,0
"sls_soilMoisture",717,2017,7,0,4
"sls_soilMoisture",920,2018,7,0,0
"sls_soilMoisture",371,2017,8,0,0
"sls_soilMoisture",233,2018,8,0,0
"sls_soilMoisture",30,2017,9,0,0
"sls_soilMoisture",873,2017,10,0,4
"sls_soilMoisture",393,2017,11,0,0
"sls_soilMoisture",24,2017,12,0,0
"sls_soilpH",60,2018,2,0,0
"sls_soilpH",235,2018,3,0,0
"sls_soilpH",577,2018,4,0,0
"sls_soilpH",179,2017,5,0,0
"sls_soilpH",364,2018,5,0,0
"sls_soilpH",353,2017,6,0,0
"sls_soilpH",446,2018,6,0,0
"sls_soilpH",571,2017,7,0,0
"sls_soilpH",700,2018,7,0,0
"sls_soilpH",248,2017,8,0,0
"sls_soilpH",186,2018,8,0,0
"sls_soilpH",30,2017,9,0,0
"sls_soilpH",814,2017,10,0,0
"sls_soilpH",222,2017,11,0,0
"sls_soilpH",30,2017,12,0,0
"sls_soilStableIsotopes",58,2018,1,0,0
"sls_soilStableIsotopes",5,2019,1,0,0
"sls_soilStableIsotopes",121,2018,2,0,0
"sls_soilStableIsotopes",83,2018,3,0,0
"sls_soilStableIsotopes",74,2018,4,0,0
"sls_soilStableIsotopes",29,2018,5,0,0
"sls_soilStableIsotopes",58,2017,8,0,0
"sls_soilStableIsotopes",90,2018,10,0,0
"sls_soilStableIsotopes",67,2017,11,0,0
"sls_soilStableIsotopes",146,2018,11,0,0
"sls_soilStableIsotopes",13,2017,12,0,0
"sls_soilStableIsotopes",140,2018,12,0,0
"sme_microbialBiomass",12,2018,3,0,0
"sme_microbialBiomass",87,2018,4,0,0
"sme_microbialBiomass",31,2017,5,0,4
"sme_microbialBiomass",23,2018,5,0,0
"sme_microbialBiomass",165,2017,6,0,48
"sme_microbialBiomass",49,2018,6,0,0
"sme_microbialBiomass",158,2017,7,0,36
"sme_microbialBiomass",34,2018,7,0,0
"sme_microbialBiomass",30,2017,8,0,0
"sme_microbialBiomass",7,2018,8,0,0
"sme_microbialBiomass",257,2017,10,0,20
"sme_microbialBiomass",12,2017,11,0,0
"spc_biogeochem",11,2018,1,0,0
"spc_biogeochem",4,2018,2,0,0
"spc_biogeochem",86,2017,5,0,0
"spc_biogeochem",171,2018,5,0,0
"spc_biogeochem",113,2017,6,0,0
"spc_biogeochem",77,2018,6,0,0
"spc_biogeochem",77,2017,7,0,0
"spc_biogeochem",224,2018,7,0,0
"spc_biogeochem",256,2017,8,0,0
"spc_biogeochem",211,2018,8,0,0
"spc_biogeochem",16,2017,11,0,0
"spc_biogeochem",20,2017,12,0,0
"spc_bulkdensity",67,2017,5,0,0
"spc_bulkdensity",82,2018,5,0,0
"spc_bulkdensity",98,2017,6,0,0
"spc_bulkdensity",1,2018,6,0,0
"spc_bulkdensity",36,2017,7,0,0
"spc_bulkdensity",104,2018,7,0,0
"spc_bulkdensity",179,2017,8,0,0
"spc_bulkdensity",54,2018,8,0,0
"spc_particlesize",11,2018,1,0,0
"spc_particlesize",4,2018,2,0,0
"spc_particlesize",86,2017,5,0,0
"spc_particlesize",171,2018,5,0,0
"spc_particlesize",113,2017,6,0,0
"spc_particlesize",77,2018,6,0,0
"spc_particlesize",77,2017,7,0,0
"spc_particlesize",224,2018,7,0,0
"spc_particlesize",256,2017,8,0,0
"spc_particlesize",211,2018,8,0,0
"spc_particlesize",16,2017,11,0,0
"spc_particlesize",20,2017,12,0,0
"spc_perhorizon",11,2018,1,0,0
"spc_perhorizon",4,2018,2,0,0
"spc_perhorizon",87,2017,5,0,0
"spc_perhorizon",194,2018,5,0,0
"spc_perhorizon",129,2017,6,0,0
"spc_perhorizon",96,2018,6,0,0
"spc_perhorizon",82,2017,7,0,0
"spc_perhorizon",240,2018,7,0,0
"spc_perhorizon",292,2017,8,0,0
"spc_perhorizon",228,2018,8,0,0
"spc_perhorizon",16,2017,11,0,0
"spc_perhorizon",20,2017,12,0,0
"spc_perplot",3,2018,1,0,0
"spc_perplot",1,2018,2,0,0
"spc_perplot",18,2017,5,0,0
"spc_perplot",45,2018,5,0,0
"spc_perplot",28,2017,6,0,0
"spc_perplot",28,2018,6,0,0
"spc_perplot",17,2017,7,0,0
"spc_perplot",54,2018,7,0,0
"spc_perplot",59,2017,8,0,0
"spc_perplot",49,2018,8,0,0
"spc_perplot",4,2017,11,0,0
"spc_perplot",5,2017,12,0,0
"swc_domainLabData",82,2018,1,0,0
"swc_domainLabData",108,2018,2,0,0
"swc_domainLabData",135,2018,3,0,0
"swc_domainLabData",144,2018,4,0,0
"swc_domainLabData",160,2017,5,0,0
"swc_domainLabData",193,2018,5,0,0
"swc_domainLabData",140,2017,6,0,0
"swc_domainLabData",162,2018,6,0,0
"swc_domainLabData",120,2017,7,0,0
"swc_domainLabData",140,2018,7,0,0
"swc_domainLabData",121,2017,8,0,0
"swc_domainLabData",119,2018,8,0,0
"swc_domainLabData",101,2017,9,0,0
"swc_domainLabData",97,2017,10,0,0
"swc_domainLabData",77,2017,11,0,0
"swc_domainLabData",65,2017,12,0,0
"swc_externalLabDataByAnalyte",1496,2018,1,0,0
"swc_externalLabDataByAnalyte",1904,2018,2,0,0
"swc_externalLabDataByAnalyte",2584,2018,3,0,0
"swc_externalLabDataByAnalyte",2516,2018,4,0,0
"swc_externalLabDataByAnalyte",3172,2017,5,0,0
"swc_externalLabDataByAnalyte",3468,2018,5,0,0
"swc_externalLabDataByAnalyte",3298,2017,6,0,0
"swc_externalLabDataByAnalyte",3094,2018,6,0,0
"swc_externalLabDataByAnalyte",2720,2017,7,0,0
"swc_externalLabDataByAnalyte",2822,2018,7,0,0
"swc_externalLabDataByAnalyte",2856,2017,8,0,0
"swc_externalLabDataByAnalyte",2380,2018,8,0,0
"swc_externalLabDataByAnalyte",2312,2017,9,0,0
"swc_externalLabDataByAnalyte",2652,2017,10,0,0
"swc_externalLabDataByAnalyte",2244,2017,11,0,0
"swc_externalLabDataByAnalyte",1326,2017,12,0,0
"swc_fieldData",44,2018,1,0,0
"swc_fieldData",56,2018,2,0,0
"swc_fieldData",76,2018,3,0,0
"swc_fieldData",74,2018,4,0,0
"swc_fieldData",94,2017,5,0,0
"swc_fieldData",102,2018,5,0,0
"swc_fieldData",97,2017,6,0,0
"swc_fieldData",91,2018,6,0,0
"swc_fieldData",81,2017,7,0,0
"swc_fieldData",83,2018,7,0,0
"swc_fieldData",84,2017,8,0,0
"swc_fieldData",71,2018,8,0,0
"swc_fieldData",69,2017,9,0,0
"swc_fieldData",78,2017,10,0,0
"swc_fieldData",66,2017,11,0,0
"swc_fieldData",40,2017,12,0,0
"swc_fieldSuperParent",44,2018,1,0,0
"swc_fieldSuperParent",54,2018,2,0,0
"swc_fieldSuperParent",70,2018,3,0,0
"swc_fieldSuperParent",72,2018,4,0,0
"swc_fieldSuperParent",94,2017,5,0,0
"swc_fieldSuperParent",96,2018,5,0,0
"swc_fieldSuperParent",89,2017,6,0,0
"swc_fieldSuperParent",81,2018,6,0,0
"swc_fieldSuperParent",69,2017,7,0,0
"swc_fieldSuperParent",73,2018,7,0,0
"swc_fieldSuperParent",73,2017,8,0,0
"swc_fieldSuperParent",59,2018,8,0,0
"swc_fieldSuperParent",51,2017,9,0,0
"swc_fieldSuperParent",63,2017,10,0,0
"swc_fieldSuperParent",54,2017,11,0,0
"swc_fieldSuperParent",40,2017,12,0,0
"tck_taxonomyProcessed",22,2018,3,0,0
"tck_taxonomyProcessed",72,2018,4,0,0
"tck_taxonomyProcessed",233,2017,5,0,0
"tck_taxonomyProcessed",214,2018,5,0,0
"tck_taxonomyProcessed",188,2017,6,0,0
"tck_taxonomyProcessed",213,2018,6,0,0
"tck_taxonomyProcessed",216,2017,7,0,0
"tck_taxonomyProcessed",168,2018,7,0,0
"tck_taxonomyProcessed",147,2017,8,0,0
"tck_taxonomyProcessed",133,2018,8,0,0
"tck_taxonomyProcessed",110,2017,9,0,0
"tck_taxonomyProcessed",16,2017,10,0,0
"tck_taxonomyRaw",22,2018,3,0,0
"tck_taxonomyRaw",72,2018,4,0,0
"tck_taxonomyRaw",233,2017,5,0,0
"tck_taxonomyRaw",214,2018,5,0,0
"tck_taxonomyRaw",188,2017,6,0,0
"tck_taxonomyRaw",213,2018,6,0,0
"tck_taxonomyRaw",216,2017,7,0,0
"tck_taxonomyRaw",168,2018,7,0,0
"tck_taxonomyRaw",147,2017,8,0,0
"tck_taxonomyRaw",133,2018,8,0,0
"tck_taxonomyRaw",110,2017,9,0,0
"tck_taxonomyRaw",16,2017,10,0,0
"tck_pathogen",28,2018,3,0,0
"tck_pathogen",1834,2018,4,0,0
"tck_pathogen",8372,2017,5,0,0
"tck_pathogen",7490,2018,5,0,0
"tck_pathogen",7714,2017,6,0,0
"tck_pathogen",11858,2018,6,0,0
"tck_pathogen",6860,2017,7,0,0
"tck_pathogen",7406,2018,7,0,0
"tck_pathogen",4508,2017,8,0,0
"tck_pathogen",8918,2018,8,0,0
"tck_pathogen",1680,2017,9,0,0
"vst_apparentindividual",7845,2018,1,106,5458
"vst_apparentindividual",5715,2018,2,16,6256
"vst_apparentindividual",78,2018,3,0,4
"vst_apparentindividual",893,2018,4,4,522
"vst_apparentindividual",222,2017,5,3,42
"vst_apparentindividual",1334,2018,5,44,752
"vst_apparentindividual",473,2018,6,2,124
"vst_apparentindividual",1975,2017,7,4,280
"vst_apparentindividual",1156,2018,7,4,416
"vst_apparentindividual",2557,2017,8,8,222
"vst_apparentindividual",4429,2018,8,6,1376
"vst_apparentindividual",11435,2017,9,21,7370
"vst_apparentindividual",21973,2017,10,46,18130
"vst_apparentindividual",14000,2017,11,29,8166
"vst_apparentindividual",7931,2017,12,519,2484
"vst_mappingandtagging",1102,2014,1,0,0
"vst_mappingandtagging",1720,2015,1,0,0
"vst_mappingandtagging",27,2017,1,0,0
"vst_mappingandtagging",1599,2018,1,0,0
"vst_mappingandtagging",476,2019,1,0,0
"vst_mappingandtagging",281,2014,2,0,0
"vst_mappingandtagging",409,2016,2,0,0
"vst_mappingandtagging",65,2017,2,0,0
"vst_mappingandtagging",1016,2018,2,0,0
"vst_mappingandtagging",108,2019,2,0,0
"vst_mappingandtagging",18,2013,3,0,0
"vst_mappingandtagging",412,2015,3,0,0
"vst_mappingandtagging",883,2016,3,0,0
"vst_mappingandtagging",1105,2017,3,0,0
"vst_mappingandtagging",81,2018,3,0,0
"vst_mappingandtagging",55,2019,3,0,0
"vst_mappingandtagging",1,2013,4,0,0
"vst_mappingandtagging",932,2015,4,0,0
"vst_mappingandtagging",1317,2016,4,0,0
"vst_mappingandtagging",368,2017,4,0,0
"vst_mappingandtagging",502,2018,4,0,0
"vst_mappingandtagging",11,2019,4,0,0
"vst_mappingandtagging",618,2014,5,0,0
"vst_mappingandtagging",2110,2015,5,0,0
"vst_mappingandtagging",1034,2016,5,0,0
"vst_mappingandtagging",1163,2017,5,0,0
"vst_mappingandtagging",654,2018,5,0,0
"vst_mappingandtagging",82,2019,5,0,0
"vst_mappingandtagging",3211,2015,6,385,0
"vst_mappingandtagging",489,2016,6,0,0
"vst_mappingandtagging",13,2017,6,0,0
"vst_mappingandtagging",971,2018,6,0,0
"vst_mappingandtagging",203,2019,6,0,0
"vst_mappingandtagging",2008,2014,7,3,16
"vst_mappingandtagging",4483,2015,7,0,0
"vst_mappingandtagging",725,2016,7,0,0
"vst_mappingandtagging",68,2017,7,0,0
"vst_mappingandtagging",433,2018,7,0,0
"vst_mappingandtagging",382,2019,7,0,0
"vst_mappingandtagging",7183,2014,8,0,0
"vst_mappingandtagging",11000,2015,8,0,0
"vst_mappingandtagging",2597,2016,8,0,0
"vst_mappingandtagging",2249,2017,8,0,0
"vst_mappingandtagging",1811,2018,8,0,0
"vst_mappingandtagging",408,2019,8,0,0
"vst_mappingandtagging",3,2013,9,0,0
"vst_mappingandtagging",4971,2014,9,0,0
"vst_mappingandtagging",6482,2015,9,650,0
"vst_mappingandtagging",3299,2016,9,0,0
"vst_mappingandtagging",1159,2017,9,0,0
"vst_mappingandtagging",2443,2018,9,0,0
"vst_mappingandtagging",957,2019,9,0,0
"vst_mappingandtagging",30,2013,10,0,0
"vst_mappingandtagging",1544,2014,10,0,0
"vst_mappingandtagging",4118,2015,10,620,0
"vst_mappingandtagging",4600,2016,10,11,6
"vst_mappingandtagging",3580,2017,10,0,0
"vst_mappingandtagging",1283,2018,10,0,0
"vst_mappingandtagging",673,2019,10,0,0
"vst_mappingandtagging",1,2012,11,0,0
"vst_mappingandtagging",51,2013,11,0,0
"vst_mappingandtagging",3309,2014,11,0,0
"vst_mappingandtagging",2025,2015,11,0,0
"vst_mappingandtagging",2626,2016,11,0,2
"vst_mappingandtagging",1125,2017,11,0,0
"vst_mappingandtagging",405,2018,11,0,0
"vst_mappingandtagging",1507,2019,11,0,0
"vst_mappingandtagging",138,2013,12,0,0
"vst_mappingandtagging",3462,2014,12,0,0
"vst_mappingandtagging",169,2016,12,0,0
"vst_mappingandtagging",1000,2017,12,0,0
"vst_mappingandtagging",670,2018,12,0,0
"vst_mappingandtagging",361,2019,12,0,0
"vst_perplotperyear",69,2018,1,0,60
"vst_perplotperyear",23,2018,2,0,22
"vst_perplotperyear",1,2018,3,0,0
"vst_perplotperyear",14,2018,4,0,4
"vst_perplotperyear",42,2017,5,0,80
"vst_perplotperyear",21,2018,5,0,8
"vst_perplotperyear",20,2017,6,0,40
"vst_perplotperyear",38,2018,6,0,4
"vst_perplotperyear",47,2017,7,0,0
"vst_perplotperyear",64,2018,7,0,0
"vst_perplotperyear",76,2017,8,1,20
"vst_perplotperyear",112,2018,8,1,16
"vst_perplotperyear",117,2017,9,1,8
"vst_perplotperyear",127,2017,10,1,4
"vst_perplotperyear",129,2017,11,0,16
"vst_perplotperyear",89,2017,12,1,38
"vst_shrubgroup",32,2018,1,0,0
"vst_shrubgroup",87,2017,11,0,8
"vst_shrubgroup",6,2017,12,0,0
"wdp_chemLab",3,2017,7,1,0
"wdp_chemLab",4,2017,8,0,0
"wdp_chemLab",1,2017,9,0,0
"wdp_collection",3,2017,7,0,0
"wdp_collection",4,2017,8,0,0
"wdp_collection",1,2017,9,0,0
"wdp_collectionChem",3,2017,7,0,0
"wdp_collectionChem",4,2017,8,0,0
"wdp_collectionChem",1,2017,9,0,0
"wdi_collection",3,2017,7,0,0
"wdi_collection",4,2017,8,0,0
"wdi_collection",1,2017,9,0,0
"wdi_collectionIso",3,2017,7,0,0
"wdi_collectionIso",4,2017,8,0,0
"wdi_collectionIso",1,2017,9,0,0
"wdi_collectionIsoTest",3,2017,7,0,0
"wdi_collectionIsoTest",4,2017,8,0,0
"wdi_collectionIsoTest",1,2017,9,0,0
